chunk_id,article_id,title,published_at,companyName,url,text,word_count,resolved_text
art_0000::c0000,0,onsemi and Sineng Electric Spearhead the Development of Sustainable Energy Applications,2023-05-16 02:09:00,01Synergy,https://www.businesswire.com/news/home/20230515005855/en/onsemi-and-Sineng-Electric-Spearhead-the-Development-of-Sustainable-Energy-Applications/,onsemi and Sineng Electric Spearhead the Development of Sustainable Energy Applications. (Nasdaq: ON) a leader in intelligent power and sensing technologies today announced that Sineng Electric will integrate onsemi EliteSiC silic,31,onsemi and Sineng Electric Spearhead the Development of Sustainable Energy Applications. (Nasdaq: ON) a leader in intelligent power and sensing technologies today announced that Sineng Electric will integrate onsemi EliteSiC silic
art_0001::c0000,1,Adobe student receives national Information and Technology award,2023-05-02 00:07:00,01Synergy,https://elkodaily.com/news/local/adobe-student-receives-national-information-and-technology-award/article_ad2d9924-e87b-11ed-8510-473937de4c3d.html,Adobe student receives national Information and Technology award. ELKO — An eighth grader at Adobe Middle School is one of 34 middle school aged girls in Nevada to be recognized by the National Center for Women in Technology. Janelle Garcia was recently ...,43,Adobe student receives national Information and Technology award. ELKO — An eighth grader at Adobe Middle School is one of 34 middle school aged girls in Nevada to be recognized by the National Center for Women in Technology. Janelle Garcia was recently ...
art_0002::c0000,2,Modernizing State Services: Harnessing Technology for Enhanced Public Service Delivery,2023-05-01 22:22:00,01Synergy,https://www.aei.org/technology-and-innovation/modernizing-state-services-harnessing-technology-for-enhanced-public-service-delivery/,Modernizing State Services: Harnessing Technology for Enhanced Public Service Delivery. To deliver 21st-century government services Governors and cabinet members need leaders with technology expertise to help design and implement policy priorities. It is imperative for state ...,37,Modernizing State Services: Harnessing Technology for Enhanced Public Service Delivery. To deliver 21st-century government services Governors and cabinet members need leaders with technology expertise to help design and implement policy priorities. It is imperative for state ...
art_0003::c0000,3,Terry Richardson On Why He Left AMD GreenPages’ Technology Chops And The AI Opportunity,2023-05-02 13:12:00,01Synergy,https://www.crn.com/news/managed-services/terry-richardson-on-why-he-left-amd-greenpages-technology-chops-and-the-ai-opportunity,Terry Richardson On Why He Left AMD GreenPages’ Technology Chops And The AI Opportunity. In February GreenPages acquired Toronto-based Zanaris an IT automation cloud and DevOps services firm ... Steve Burke has been reporting on the technology industry and sales channel for ...,43,Terry Richardson On Why He Left AMD GreenPages’ Technology Chops And The AI Opportunity. In February GreenPages acquired Toronto-based Zanaris an IT automation cloud and DevOps services firm ... Steve Burke has been reporting on the technology industry and sales channel for ...
art_0004::c0000,4,Synex Renewable Energy Corporation (Formerly Synex International Inc.) Third Quarter of Fiscal 2023,2023-05-15 20:01:00,01Synergy,https://www.benzinga.com/pressreleases/23/05/32404522/synex-renewable-energy-corporation-formerly-synex-international-inc-third-quarter-of-fiscal-2023,"Synex Renewable Energy Corporation (Formerly Synex International Inc.) Third Quarter of Fiscal 2023. The conference will bring together growth oriented publicly traded clean energy and technology companies ... up to 4850 MW of clean power in British Columbia. For further information visit www.synex.com. This press release contains certain '""forward ...",50,"Synex Renewable Energy Corporation (Formerly Synex International Inc.) Third Quarter of Fiscal 2023. The conference will bring together growth oriented publicly traded clean energy and technology companies ... up to 4850 MW of clean power in British Columbia. For further information visit www.synex.com. This press release contains certain '""forward ..."
art_0005::c0000,5,,nan,01Synergyhttps://hackernoon.com/company/01synergy2023-05-01 05:14:00https://www.cnbc.com/select/best-credit-monitoring-services/The best credit monitoring services that can help you spot fraud earlyhttps://firebasestorage.googleapis.com/v0/b/hackernoon-app.appspot.com/o/images%2Fimageedit_25_7084755369.gif?alt=media&token=ca7527b0-a214-46d4-af72-1062b3df1458Credit monitoring services can provide you with early notice of potential fraud on your credit report so you can take steps to protect your personal information. While these services can''t ...,nan,.,1,.
art_0006::c0000,6,5 Kubernetes technology vendors hot right now,2023-02-28 12:32:00,01Synergy,https://www.information-age.com/5-kubernetes-technology-vendors-hot-right-now-123501806/,5 Kubernetes technology vendors hot right now. Kubernetes is a technology that has created a whole new ecosystem around itself and it is now a key plank in the DevOps movement when it comes to developing new applications and services and improving business operations Antony Savvas attended the recent ...,50,5 Kubernetes technology vendors hot right now. Kubernetes is a technology that has created a whole new ecosystem around itself and it is now a key plank in the DevOps movement when it comes to developing new applications and services and improving business operations Antony Savvas attended the recent ...
art_0007::c0000,7,Bachelor of Science in Health Information Management,2023-08-16 00:00:00,01Synergy,https://www.wku.edu/healthinformationmanagement/,Bachelor of Science in Health Information Management. Health information management (HIM) is a diverse yet evolving field that incorporates medicine management finance information technology ... software vendors consulting services government agencies education and pharmaceutical companies.,35,Bachelor of Science in Health Information Management. Health information management (HIM) is a diverse yet evolving field that incorporates medicine management finance information technology ... software vendors consulting services government agencies education and pharmaceutical companies.
art_0008::c0000,8,Office of Government Information Services,2023-09-27 00:00:00,01Synergy,https://www.federalregister.gov/agencies/office-of-government-information-services,Office of Government Information Services. We are announcing 2019''s annual Chief FOIA Officers'' Council meeting co-chaired by the Director of OGIS and the Director of OIP.,26,Office of Government Information Services. We are announcing 2019''s annual Chief FOIA Officers'' Council meeting co-chaired by the Director of OGIS and the Director of OIP.
art_0009::c0000,9,Information for Suppliers,2023-07-03 00:00:00,01Synergy,https://www.buffalo.edu/administrative-services/information-for-suppliers.html,Information for Suppliers. or service that use covered telecommunications equipment or services as a substantial or essential component of any system or as critical technology as part of any system. Additional information may be found at FAR Clause 52.204-25. Exhibit X Exhibit X is ...,45,Information for Suppliers. or service that use covered telecommunications equipment or services as a substantial or essential component of any system or as critical technology as part of any system. Additional information may be found at FAR Clause 52.204-25. Exhibit X Exhibit X is ...
art_0010::c0000,10,Technology and services for publishers: Directory of recommended companies,2022-12-27 11:38:00,01Synergy,https://pressgazette.co.uk/platforms/technology-and-services-for-publishers-recommended-companies/,Technology and services for publishers: Directory of recommended companies. Welcome to Press Gazette’s directory of recommended companies providing services to the news publishing industry. Contact Richard Jamieson to enquire about working with Press Gazette as a ...,37,Technology and services for publishers: Directory of recommended companies. Welcome to Press Gazette’s directory of recommended companies providing services to the news publishing industry. Contact Richard Jamieson to enquire about working with Press Gazette as a ...
art_0011::c0000,11,Tech Media & Telecom Roundup: Market Talk,2023-10-04 09:34:00,10Clouds,https://www.wsj.com/finance/investing/tech-media-telecom-roundup-market-talk-22d055db,Tech Media & Telecom Roundup: Market Talk. Uber HP and more in the latest Market Talks covering Technology Media and Telecom.,21,Tech Media & Telecom Roundup: Market Talk. Uber HP and more in the latest Market Talks covering Technology Media and Telecom.
art_0012::c0000,12,Aeris to Acquire IoT Business from Ericsson,2022-12-07 13:45:00,01Synergy,https://www.benzinga.com/pressreleases/22/12/b29992210/aeris-to-acquire-iot-business-from-ericsson,Aeris to Acquire IoT Business from Ericsson. Aeris Communications and Ericsson are joining together to create a leader in the fast-growing IoT industry Ericsson''s IoT Accelerator and Connected Vehicle Cloud businesses and related assets to be,36,Aeris to Acquire IoT Business from Ericsson. Aeris Communications and Ericsson are joining together to create a leader in the fast-growing IoT industry Ericsson''s IoT Accelerator and Connected Vehicle Cloud businesses and related assets to be
art_0013::c0000,13,Ceinsys Tech Ltd: A specialized GIS & Mobility engineering services provider celebrates 25 Years of Enhancing Possibilities; eyes global expansion,2023-07-11 04:48:00,01Synergy,https://www.devdiscourse.com/article/technology/2518545-ceinsys-tech-ltd-a-specialized-gis-mobility-engineering-services-provider-celebrates-25-years-of-enhancing-possibilities-e,Ceinsys Tech Ltd: A specialized GIS & Mobility engineering services provider celebrates 25 Years of Enhancing Possibilities; eyes global expansion. A specialized GIS & Mobility engineering services provider celebrates 25 Years of Enhancing Possibilities; eyes global expansion on Devdiscourse,39,Ceinsys Tech Ltd: A specialized GIS & Mobility engineering services provider celebrates 25 Years of Enhancing Possibilities; eyes global expansion. A specialized GIS & Mobility engineering services provider celebrates 25 Years of Enhancing Possibilities; eyes global expansion on Devdiscourse
art_0014::c0000,14,L&T Technology Services Schedule Of Analyst/ Institutional Investor Meetings,2023-08-08 04:30:00,01Synergy,https://economictimes.indiatimes.com/lt-technology-services-ltd/stocksupdate/companyid-64987.cms,L&T Technology Services Schedule Of Analyst/ Institutional Investor Meetings. 5 Incremental borrowing done in FY (T)(a) 0.00 6 Mandatory borrowing to be done through debt securities in FY (T) (b) = (25% of a) 0.00 7 Actual borrowing done through debt securities in FY (T)(c) 0.00 8 Shortfall in the borrowing through debt securities ...,55,L&T Technology Services Schedule Of Analyst/ Institutional Investor Meetings. 5 Incremental borrowing done in FY (T)(a) 0.00 6 Mandatory borrowing to be done through debt securities in FY (T) (b) = (25% of a) 0.00 7 Actual borrowing done through debt securities in FY (T)(c) 0.00 8 Shortfall in the borrowing through debt securities ...
art_0015::c0000,15,Disney to boost prices for ad-free Disney+ and Hulu services and vows crackdown on password sharing,2023-08-10 01:40:00,01Synergy,https://apnews.com/article/disney-disney-subscribers-loss-9b954f969e3c15fc18cd0054e5e7f6dd,Disney to boost prices for ad-free Disney+ and Hulu services and vows crackdown on password sharing. (AP Photo/Richard Drew File) Walt Disney Co. CEO Bob Iger vowed to make its streaming services profitable via a planned October price hike on its ad-free Disney+ and Hulu plans and a crackdown on password sharing expected to extend through next year.,58,Disney to boost prices for ad-free Disney+ and Hulu services and vows crackdown on password sharing. (AP Photo/Richard Drew File) Walt Disney Co. CEO Bob Iger vowed to make its streaming services profitable via a planned October price hike on its ad-free Disney+ and Hulu plans and a crackdown on password sharing expected to extend through next year.
art_0016::c0000,16,Stewart Information Services: Waiting For Better Times,2023-08-14 06:30:00,01Synergy,https://seekingalpha.com/article/4628045-stewart-information-services-q2-earnings-waiting-for-better-times,Stewart Information Services: Waiting For Better Times. Stewart Information Services Corporation is in the property and casualty insurance industry. STC holds a 10% market share in the title market and operates in multiple countries. The company is ...,38,Stewart Information Services: Waiting For Better Times. Stewart Information Services Corporation is in the property and casualty insurance industry. STC holds a 10% market share in the title market and operates in multiple countries. The company is ...
art_0017::c0000,17,About Technology Services & Support,2023-08-14 09:31:00,01Synergy,https://www.uh.edu/infotech/about/departments/tss/,About Technology Services & Support. TSS is responsible for all IT customer support including management of the UIT Support Center UIT communications and Internet services and UIT facilities such as the Technology Commons. Provide high quality cost-effective technology support to members ...,42,About Technology Services & Support. TSS is responsible for all IT customer support including management of the UIT Support Center UIT communications and Internet services and UIT facilities such as the Technology Commons. Provide high quality cost-effective technology support to members ...
art_0018::c0000,18,Sojern Expands into New Hotel Tech Via Acquisition. Here’s the Thinking.,2023-07-11 10:00:00,01Synergy,https://skift.com/2023/07/11/sojern-expands-into-new-hotel-tech-via-acquisition-heres-the-thinking/,Sojern Expands into New Hotel Tech Via Acquisition. Here’s the Thinking.. Sojern has acquired VenueLytics a platform that provides guest management and communications software for independent hotels.,27,Sojern Expands into New Hotel Tech Via Acquisition. Here’s the Thinking.. Sojern has acquired VenueLytics a platform that provides guest management and communications software for independent hotels.
art_0019::c0000,19,With Services and Solutions Companies Have Choices for Network Monitoring,2023-03-03 22:02:00,01Synergy,https://biztechmagazine.com/article/2023/03/services-and-solutions-companies-have-choices-network-monitoring,With Services and Solutions Companies Have Choices for Network Monitoring. Whichever way businesses accomplish it network visibility is essential for helping IT departments to ensure uptime and security. Mark Leary research director for network analytics and automation at IDC,39,With Services and Solutions Companies Have Choices for Network Monitoring. Whichever way businesses accomplish it network visibility is essential for helping IT departments to ensure uptime and security. Mark Leary research director for network analytics and automation at IDC
art_0020::c0000,20,Amazing times technology and everyday objects have saved a life,2023-03-12 18:39:00,01Synergy,https://www.pocket-lint.com/amazing-times-technology-saved-a-human-life/,Amazing times technology and everyday objects have saved a life. It''s surprising how many different times a life has been saved by technology ... It''s capable of advanced natural language processing information retrieval automated reasoning and more.,37,Amazing times technology and everyday objects have saved a life. It''s surprising how many different times a life has been saved by technology ... It''s capable of advanced natural language processing information retrieval automated reasoning and more.
art_0021::c0000,21,Green Information Technology Service Market 2023-2030: Forecasting Size Growth and Trend 2023-2030,2023-09-01 01:02:00,01Synergy,https://www.benzinga.com/pressreleases/23/09/34163130/green-information-technology-service-market-2023-2030-forecasting-size-growth-and-trend-2023-2030,Green Information Technology Service Market 2023-2030: Forecasting Size Growth and Trend 2023-2030. Green Information Technology Service market Report 2023 helps to gain a comprehensive understanding of the industry landscape spot growth prospects such as targeted strategies services ...,38,Green Information Technology Service Market 2023-2030: Forecasting Size Growth and Trend 2023-2030. Green Information Technology Service market Report 2023 helps to gain a comprehensive understanding of the industry landscape spot growth prospects such as targeted strategies services ...
art_0022::c0000,22,Samsung Showcases Groundbreaking Logic Innovations at System LSI Tech Day 2023,2023-10-05 22:27:00,01Synergy,https://www.galvnews.com/news_ap/business/samsung-showcases-groundbreaking-logic-innovations-at-system-lsi-tech-day-2023/article_1f2bea2e-cdcd-518d-811f-4a6729d8a3de.html,Samsung Showcases Groundbreaking Logic Innovations at System LSI Tech Day 2023. Samsung Electronics Co. Ltd. a world leader in advanced semiconductor technology today unveiled its latest innovations in analog and logic semiconductor technologies and outlined its blueprint for upcoming technological advancements at its inaugural ...,45,Samsung Showcases Groundbreaking Logic Innovations at System LSI Tech Day 2023. Samsung Electronics Co. Ltd. a world leader in advanced semiconductor technology today unveiled its latest innovations in analog and logic semiconductor technologies and outlined its blueprint for upcoming technological advancements at its inaugural ...
art_0023::c0000,23,Information Technology and Telecoms,2023-09-19 00:00:00,01Synergy,https://www.cambridgenetwork.co.uk/sectors/information-technology-and-telecoms,Information Technology and Telecoms. electronRx writes...Apple announced the launch of the iPhone 15 on 12th September to worldwide fanfare. The manufacturer hailed the new mobile phone as a ‘huge leap forward’ for the brand with new attractive design features including colour ...,42,Information Technology and Telecoms. electronRx writes...Apple announced the launch of the iPhone 15 on 12th September to worldwide fanfare. The manufacturer hailed the new mobile phone as a ‘huge leap forward’ for the brand with new attractive design features including colour ...
art_0024::c0000,24,dynaCERT's HydraGENTM Technology to be Featured by the City of Ottawa Fleet Services Expo,2023-09-18 10:15:00,01Synergy,https://financialpost.com/pmn/business-wire-news-releases-pmn/dynacerts-hydragen-technology-to-be-featured-by-the-city-of-ottawa-fleet-services-expo,dynaCERT's HydraGENTM Technology to be Featured by the City of Ottawa Fleet Services Expo. For further information and assistance regarding the dynaCERT Fleet Services Expo Team and dynaCERT’s HydraGENTM Carbon Emission Reduction Technology line of commercial products please contact: dynaCERT’s Participation in the Ottawa Fleet Services ...,47,dynaCERT's HydraGENTM Technology to be Featured by the City of Ottawa Fleet Services Expo. For further information and assistance regarding the dynaCERT Fleet Services Expo Team and dynaCERT’s HydraGENTM Carbon Emission Reduction Technology line of commercial products please contact: dynaCERT’s Participation in the Ottawa Fleet Services ...
art_0025::c0000,25,IAS provides verification solution to Amazon Publisher Services Connections Marketplace,2023-03-29 08:05:00,01Synergy,https://bestmediainfo.com/2023/03/ias-provides-verification-solution-to-amazon-publisher-services-connections-marketplace,IAS provides verification solution to Amazon Publisher Services Connections Marketplace. With this IAS is now the first verification provider accessible within the APS Connections Marketplace – a services marketplace where publishers can easily activate multiple technology solutions saving them time and resources and creating new revenue ...,47,IAS provides verification solution to Amazon Publisher Services Connections Marketplace. With this IAS is now the first verification provider accessible within the APS Connections Marketplace – a services marketplace where publishers can easily activate multiple technology solutions saving them time and resources and creating new revenue ...
art_0026::c0000,26,Network Services,2023-07-06 00:00:00,01Synergy,https://www.computerweekly.com/microscope/resources/Network-Services,Network Services. Mobile First is a miserable slogan but people in the Nordics are far happier than us and they adopted this strategy. So what does it actually mean? Continue Reading,31,Network Services. Mobile First is a miserable slogan but people in the Nordics are far happier than us and they adopted this strategy. So what does it actually mean? Continue Reading
art_0027::c0000,27,How low-code technology empowered ServiceNow’s finance team,2023-03-16 11:29:00,01Synergy,https://diginomica.com/how-low-code-technology-empowered-servicenows-finance-team,How low-code technology empowered ServiceNow’s finance team. By utilizing our own platform and all the technology available to us ... out to all relevant authorities to gather respective deadlines and specific obligations. Information was then put in a spreadsheet and manually updated when complete.,44,How low-code technology empowered ServiceNow’s finance team. By utilizing our own platform and all the technology available to us ... out to all relevant authorities to gather respective deadlines and specific obligations. Information was then put in a spreadsheet and manually updated when complete.
art_0028::c0000,28,Information Services Group Inc. (III) Q4 2022 Earnings Call Transcript,2023-03-10 20:12:00,01Synergy,https://seekingalpha.com/article/4586605-information-services-group-inc-iii-q4-2022-earnings-call-transcript,Information Services Group Inc. (III) Q4 2022 Earnings Call Transcript. Hello everyone and welcome to the ISG 2022 Fourth Quarter and Full Year Results Call. My name is Charlie and I will be coordinating the call today. This call is being recorded and a replay will b ...,48,Information Services Group Inc. (III) Q4 2022 Earnings Call Transcript. Hello everyone and welcome to the ISG 2022 Fourth Quarter and Full Year Results Call. My name is Charlie and I will be coordinating the call today. This call is being recorded and a replay will b ...
art_0029::c0000,29,Intelligent Technical Solutions Expands Acquires Five Managed Service Providers,2023-03-28 13:04:00,01Synergy,https://markets.businessinsider.com/news/stocks/intelligent-technical-solutions-expands-acquires-five-managed-service-providers-1032196706,"Intelligent Technical Solutions Expands Acquires Five Managed Service Providers. Intelligent Technical Solutions ('""ITS'"") a portfolio company of Tower Arch Capital is pleased to announce that it has acquired Granite Computer Solutions ( Tempe AZ ) BrightWire Networks ( Olympia",39,"Intelligent Technical Solutions Expands Acquires Five Managed Service Providers. Intelligent Technical Solutions ('""ITS'"") a portfolio company of Tower Arch Capital is pleased to announce that it has acquired Granite Computer Solutions ( Tempe AZ ) BrightWire Networks ( Olympia"
art_0030::c0000,30,Renovus unveils new government services company,2023-04-19 01:08:00,01Synergy,https://washingtontechnology.com/companies/2023/04/renovus-unveils-new-government-services-company/385275/,Renovus unveils new government services company. and information and communication technology. Aretum becomes the fourth company backed by Renovus in the government services market alongside Data Serv Deep Water Point & Associates and Insight ...,35,Renovus unveils new government services company. and information and communication technology. Aretum becomes the fourth company backed by Renovus in the government services market alongside Data Serv Deep Water Point & Associates and Insight ...
art_0031::c0000,31,Designing the People Process and Technology to Scale MLOps at a Financial Services Company,2023-07-14 14:12:00,01Synergy,https://www.wwt.com/case-study/people-process-and-technology-to-scale-mlops-financial-services,Designing the People Process and Technology to Scale MLOps at a Financial Services Company. and technology. We highlighted this approach in Top Considerations that Impact Decision-Making and many other articles geared toward helping companies begin their MLOps journey. Our unique approach was ideal for a Financial Services Company looking to ...,51,Designing the People Process and Technology to Scale MLOps at a Financial Services Company. and technology. We highlighted this approach in Top Considerations that Impact Decision-Making and many other articles geared toward helping companies begin their MLOps journey. Our unique approach was ideal for a Financial Services Company looking to ...
art_0032::c0000,32,Disruption to technology services on Friday 14 July,2023-07-14 14:02:00,01Synergy,https://www.bl.uk/news/2023/july/disruption-to-technology-services,Disruption to technology services on Friday 14 July. with limited technology-based services. We expect this to continue for the rest of today. We’re aiming to open Reading Rooms at St Pancras tomorrow and to offer services as normal but please look out for more information in case of further changes.,50,Disruption to technology services on Friday 14 July. with limited technology-based services. We expect this to continue for the rest of today. We’re aiming to open Reading Rooms at St Pancras tomorrow and to offer services as normal but please look out for more information in case of further changes.
art_0033::c0000,33,SIOS Technology Announces Partnership with ACP IT Solutions Expanding the Benefits of its High-Availability Software Solutions,2023-08-14 14:22:00,01Synergy,https://it.tmcnet.com/news/2023/08/14/9863898.htm,SIOS Technology Announces Partnership with ACP IT Solutions Expanding the Benefits of its High-Availability Software Solutions. SIOS Technology Corp . an industry leader in application high availability (HA) and disaster recovery (DR) today announced it has partnered with ACP IT Solutions GmbH Dresden that supports customers throughout Germany,48,SIOS Technology Announces Partnership with ACP IT Solutions Expanding the Benefits of its High-Availability Software Solutions. SIOS Technology Corp . an industry leader in application high availability (HA) and disaster recovery (DR) today announced it has partnered with ACP IT Solutions GmbH Dresden that supports customers throughout Germany
art_0034::c0000,34,Best Live TV Streaming Services of 2023,2023-03-18 10:13:00,01Synergy,https://www.usnews.com/360-reviews/technology/streaming-services/best-live-tv-streaming-services,Best Live TV Streaming Services of 2023. YouTube TV also earns the No. 1 spot in our Best Sports Streaming Services of 2023 rating. YouTube TV’s base plan costs $64.99 per month and offers more than 85 channels including sports ...,41,Best Live TV Streaming Services of 2023. YouTube TV also earns the No. 1 spot in our Best Sports Streaming Services of 2023 rating. YouTube TV’s base plan costs $64.99 per month and offers more than 85 channels including sports ...
art_0035::c0000,35,Glossary: Gender and Technology,2023-03-14 08:05:00,01Synergy,https://www.unwomen.org/en/how-we-work/innovation-and-technology/glossary,Glossary: Gender and Technology. digital and information technology sectors such as digital platforms mobile applications and payment services which are making a growing contribution to economies; and a wider set of digitalizing and digitally enabled sectors in which new activities or ...,42,Glossary: Gender and Technology. digital and information technology sectors such as digital platforms mobile applications and payment services which are making a growing contribution to economies; and a wider set of digitalizing and digitally enabled sectors in which new activities or ...
art_0036::c0000,36,The ACLU is Committed to Protecting Your Personal Information,2023-07-05 01:57:00,01Synergy,https://www.aclu.org/news/privacy-technology/the-aclu-is-committed-to-protecting-your-personal-information,The ACLU is Committed to Protecting Your Personal Information. Why we remain committed to privacy both internally and externally As privacy and technology continue to evolve we remain committed to upholding the highest standards when handling your personal information and updating our policy to reflect that evolution.,47,The ACLU is Committed to Protecting Your Personal Information. Why we remain committed to privacy both internally and externally As privacy and technology continue to evolve we remain committed to upholding the highest standards when handling your personal information and updating our policy to reflect that evolution.
art_0037::c0000,37,Iridium and Smithsonian's Movement of Life Initiative Team Up to Help Protect Endangered and Threatened Species,2022-12-14 14:02:00,01Synergy,https://www.tmcnet.com/usubmit/2022/12/14/9730197.htm,Iridium and Smithsonian's Movement of Life Initiative Team Up to Help Protect Endangered and Threatened Species. Iridium Communications Inc. (Nasdaq: IRDM) announced it has created a first-of-its-kind program in support of the Smithsonian Institution''s Movement of Life Initiative which advances conservation through the science of animal tracking.,47,Iridium and Smithsonian's Movement of Life Initiative Team Up to Help Protect Endangered and Threatened Species. Iridium Communications Inc. (Nasdaq: IRDM) announced it has created a first-of-its-kind program in support of the Smithsonian Institution''s Movement of Life Initiative which advances conservation through the science of animal tracking.
art_0038::c0000,38,Technology Research Services Market Size Outlook By KeyPlayers-G2 Gartner Forrester,2023-08-06 00:00:00,01Synergy,https://www.linkedin.com/pulse/technology-research-services-market-size-outlook/,Technology Research Services Market Size Outlook By KeyPlayers-G2 Gartner Forrester. The bulk of the key insights in this study are based on in-depth information gleaned from primary and secondary data collection data. The Global Technology Research Services Market can be ...,41,Technology Research Services Market Size Outlook By KeyPlayers-G2 Gartner Forrester. The bulk of the key insights in this study are based on in-depth information gleaned from primary and secondary data collection data. The Global Technology Research Services Market can be ...
art_0039::c0000,39,Q2 2023 Information Services Group Inc Earnings Call,2023-08-05 05:59:00,01Synergy,https://hk.finance.yahoo.com/news/q2-2023-information-services-group-055221584.html,Q2 2023 Information Services Group Inc Earnings Call. Barry Holt; Senior Advisor; Information Services Group ... a leading global health care technology company awarded ISG a new million dollar ISG governance contract. The contract extends our scope of services with this client which has 140 active GovernX ...,48,Q2 2023 Information Services Group Inc Earnings Call. Barry Holt; Senior Advisor; Information Services Group ... a leading global health care technology company awarded ISG a new million dollar ISG governance contract. The contract extends our scope of services with this client which has 140 active GovernX ...
art_0040::c0000,40,Synchronoss to Showcase AI-Powered Personal Cloud Platform at Mobile World Congress,2023-02-22 16:30:00,01Synergy,https://www.tmcnet.com/usubmit/2023/02/22/9764632.htm,Synchronoss to Showcase AI-Powered Personal Cloud Platform at Mobile World Congress. The new Synchronoss Personal Cloud platform enables telecom operators to offer premium and value-added services to backup and manage files photos videos and digital content stored on mobile phones and other devices.,43,Synchronoss to Showcase AI-Powered Personal Cloud Platform at Mobile World Congress. The new Synchronoss Personal Cloud platform enables telecom operators to offer premium and value-added services to backup and manage files photos videos and digital content stored on mobile phones and other devices.
art_0041::c0000,41,Microsoft drops out of top three for UK software and IT services,2023-07-06 11:32:00,01Synergy,https://www.theregister.com/2023/07/06/microsoft_uk_software_services/,"Microsoft drops out of top three for UK software and IT services. '""Our analysis suggests that current challenges and the potential opportunities for technology to help address them will continue to push strong demand in the UK software and IT services market – albeit at a more measured pace – over the forecast ...",54,"Microsoft drops out of top three for UK software and IT services. '""Our analysis suggests that current challenges and the potential opportunities for technology to help address them will continue to push strong demand in the UK software and IT services market – albeit at a more measured pace – over the forecast ..."
art_0042::c0000,42,Revolut to stop crypto services for U.S. customers,2023-08-04 17:14:00,01Synergy,https://www.reuters.com/technology/revolut-stop-crypto-services-us-customers-2023-08-04/,Revolut to stop crypto services for U.S. customers. LONDON Aug 4 (Reuters) - British fintech Revolut will stop allowing U.S. customers to access cryptocurrencies the company said in a statement on Friday citing the regulatory environment and ...,38,Revolut to stop crypto services for U.S. customers. LONDON Aug 4 (Reuters) - British fintech Revolut will stop allowing U.S. customers to access cryptocurrencies the company said in a statement on Friday citing the regulatory environment and ...
art_0043::c0000,43,Crexendo Inc.: Crexendo Adds Jenne Inc. as New Technology Services Brokerage Partner,2023-04-19 15:03:00,01Synergy,https://www.finanznachrichten.de/nachrichten-2023-04/58855236-crexendo-inc-crexendo-adds-jenne-inc-as-new-technology-services-brokerage-partner-200.htm,Crexendo Inc.: Crexendo Adds Jenne Inc. as New Technology Services Brokerage Partner. Crexendo announced today that Jenne Cloud Services Brokerage is a new Technology Services Brokerage for its VIP Business Communications Platform ®. The VIP platform is an all-in-one cloud ...,41,Crexendo Inc.: Crexendo Adds Jenne Inc. as New Technology Services Brokerage Partner. Crexendo announced today that Jenne Cloud Services Brokerage is a new Technology Services Brokerage for its VIP Business Communications Platform ®. The VIP platform is an all-in-one cloud ...
art_0044::c0000,44,Ridgewood Infrastructure and IDE Technologies Announce Water PPP with the City of Ft. Lauderdale,2023-02-21 14:01:00,01Synergy,https://www.yahoo.com/now/ridgewood-infrastructure-ide-technologies-announce-140200379.html,"Ridgewood Infrastructure and IDE Technologies Announce Water PPP with the City of Ft. Lauderdale. '""The Prospect Lake Clean Water Center is designed with a focus on sustainability using state-of-the-art nano-filtration and ion exchange technology ... and Utilities. For more information please visit www.ridgewoodinfrastructure.com.",43,"Ridgewood Infrastructure and IDE Technologies Announce Water PPP with the City of Ft. Lauderdale. '""The Prospect Lake Clean Water Center is designed with a focus on sustainability using state-of-the-art nano-filtration and ion exchange technology ... and Utilities. For more information please visit www.ridgewoodinfrastructure.com."
art_0045::c0000,45,Trade Spotlight | Your strategy for HDFC Bank L&T Technology Services HPCL today,2023-09-23 00:08:00,01Synergy,https://www.moneycontrol.com/news/business/stocks/trade-spotlight-your-strategy-for-hdfc-bank-lt-technology-services-hpcl-today-11406451.html,Trade Spotlight | Your strategy for HDFC Bank L&T Technology Services HPCL today. Stocks that fared better than broader markets and equity benchmarks included HDFC Bank L&T Technology Services and HPCL. HDFC Bank has formed a Doji or High Wave kind of pattern on the daily ...,47,Trade Spotlight | Your strategy for HDFC Bank L&T Technology Services HPCL today. Stocks that fared better than broader markets and equity benchmarks included HDFC Bank L&T Technology Services and HPCL. HDFC Bank has formed a Doji or High Wave kind of pattern on the daily ...
art_0046::c0000,46,AGC Biologics and Gore Collaborate on New Protein A-based Purification Technology and Contract Manufacturing Services for Antibody Therapies,2022-12-12 14:21:00,01Synergy,http://koreabizwire.com/agc-biologics-and-gore-collaborate-on-new-protein-a-based-purification-technology-and-contract-manufacturing-services-for-antibody-therapies/235549,AGC Biologics and Gore Collaborate on New Protein A-based Purification Technology and Contract Manufacturing Services for Antibody Therapies. The collaboration includes the family of GORE® Protein Capture Devices with Protein A which improves productivity in Protein A affinity purification and provides high binding capacity at short residence times alongside AGC Biologics’ mAb-based CDMO ...,54,AGC Biologics and Gore Collaborate on New Protein A-based Purification Technology and Contract Manufacturing Services for Antibody Therapies. The collaboration includes the family of GORE® Protein Capture Devices with Protein A which improves productivity in Protein A affinity purification and provides high binding capacity at short residence times alongside AGC Biologics’ mAb-based CDMO ...
art_0047::c0000,47,G Suite Technology Services Market Research Report 2023-2030 | 117 Pages Report,2023-09-06 13:51:00,01Synergy,https://www.benzinga.com/pressreleases/23/09/34279546/g-suite-technology-services-market-research-report-2023-2030-117-pages-report,G Suite Technology Services Market Research Report 2023-2030 | 117 Pages Report. Moreover Consumer behavior analysis and market dynamics (drivers restraints opportunities) provides crucial information for knowing the G Suite Technology Services market. Get a Sample Copy of ...,39,G Suite Technology Services Market Research Report 2023-2030 | 117 Pages Report. Moreover Consumer behavior analysis and market dynamics (drivers restraints opportunities) provides crucial information for knowing the G Suite Technology Services market. Get a Sample Copy of ...
art_0048::c0000,48,Leading liquid-handling technology and services pave the way for ESG initiatives,2023-09-22 18:06:00,01Synergy,https://www.bicmagazine.com/resources/sponsored-content/leading-liquid-handling-technology-and-services-pave-the-way-for-esg-initiatives/,Leading liquid-handling technology and services pave the way for ESG initiatives. Together with its complete line of liquid-handling equipment and services Rain for Rent can create solutions that result in responsible sustainable operations. For more information visit rainforrent.com or call (800) 742-7246.,42,Leading liquid-handling technology and services pave the way for ESG initiatives. Together with its complete line of liquid-handling equipment and services Rain for Rent can create solutions that result in responsible sustainable operations. For more information visit rainforrent.com or call (800) 742-7246.
art_0049::c0000,49,Kyndryl Bridge provides new way to manage technology services,2023-07-21 00:00:00,01Synergy,https://businessmirror.com.ph/2023/07/21/kyndryl-bridge-provides-new-way-to-manage-technology-services/,Kyndryl Bridge provides new way to manage technology services. MANILA – Kyndryl (NYSE: KD) the world’s largest technology infrastructure services provider today announced that more than 500 global enterprise customers are operational on Kyndryl ...,35,Kyndryl Bridge provides new way to manage technology services. MANILA – Kyndryl (NYSE: KD) the world’s largest technology infrastructure services provider today announced that more than 500 global enterprise customers are operational on Kyndryl ...
art_0050::c0000,50,Biden administration names Ann Lewis director of GSA’s Technology Transformation Services,2022-12-05 17:23:00,01Synergy,https://www.fedscoop.com/ann-lewis-director-of-gsas-technology-transformation-services/,Biden administration names Ann Lewis director of GSA’s Technology Transformation Services. The Biden administration has appointed former Small Business Administration technology adviser Ann Lewis as director of Technology Transformation Services at the General ... the chief technology officer and chief information officer. Cohen-Levy also ...,45,Biden administration names Ann Lewis director of GSA’s Technology Transformation Services. The Biden administration has appointed former Small Business Administration technology adviser Ann Lewis as director of Technology Transformation Services at the General ... the chief technology officer and chief information officer. Cohen-Levy also ...
art_0051::c0000,51,Linking finance and technology can brighten financial transactions,2022-12-05 16:48:00,01Synergy,https://afro.com/linking-finance-and-technology-can-brighten-financial-transactions/,Linking finance and technology can brighten financial transactions. Fintech has come to mean the integration of technology ... and contrasting the information they receive with advice from people with credible expertise in the financial services industry.,36,Linking finance and technology can brighten financial transactions. Fintech has come to mean the integration of technology ... and contrasting the information they receive with advice from people with credible expertise in the financial services industry.
art_0052::c0000,52,The best video streaming services in 2023,2023-06-01 01:10:00,01Synergy,https://www.engadget.com/best-video-streaming-services-133000093.html,The best video streaming services in 2023. The number of video streaming services available has increased dramatically over the past few years as everyone including Apple Disney and ESPN decides they want a piece of the pie. The days ...,40,The best video streaming services in 2023. The number of video streaming services available has increased dramatically over the past few years as everyone including Apple Disney and ESPN decides they want a piece of the pie. The days ...
art_0053::c0000,53,Condition Monitoring Service Market Navigation Imaging and Positioning Solutions Market,2023-06-09 06:52:00,01Synergy,https://www.fmiblog.com/2023/06/09/condition-monitoring-service-market-navigation-imaging-and-positioning-solutions-market/,Condition Monitoring Service Market Navigation Imaging and Positioning Solutions Market. The global demand for condition monitoring services is projected to surpass the valuation of US$ 6.79 Billion by 2031 end. As suggested by a new Future Market Insights (FMI) report substantial growth in the condition monitoring service market is mainly backed by the growth of the power generation industry,59,Condition Monitoring Service Market Navigation Imaging and Positioning Solutions Market. The global demand for condition monitoring services is projected to surpass the valuation of US$ 6.79 Billion by 2031 end. As suggested by a new Future Market Insights (FMI) report substantial growth in the condition monitoring service market is mainly backed by the growth of the power generation industry
art_0054::c0000,54,Solvay's plastics business will be part of new firm Syensqo,2023-06-16 15:16:00,01Synergy,https://www.plasticsnews.com/news/solvays-plastics-business-will-be-part-new-firm-syensqo,"Solvay's plastics business will be part of new firm Syensqo. Officials previously said that Solvay''s plastics and composites businesses will be in the specialty firm Syensqo. They added on June 16 that Syensqo '""will be a science company of explorers who seek unexpected perspectives",44,"Solvay's plastics business will be part of new firm Syensqo. Officials previously said that Solvay''s plastics and composites businesses will be in the specialty firm Syensqo. They added on June 16 that Syensqo '""will be a science company of explorers who seek unexpected perspectives"
art_0055::c0000,55,B.S. in Computer Information Technology,2023-04-13 23:59:00,01Synergy,https://www.wku.edu/online/bach-programs/cit/,B.S. in Computer Information Technology. The 100% online Bachelor of Science in Computer Information Technology (CIT) program at WKU can help you prepare for many exciting career options. CIT has become an integral part of modern life and business. Among its most important functions are the ...,47,B.S. in Computer Information Technology. The 100% online Bachelor of Science in Computer Information Technology (CIT) program at WKU can help you prepare for many exciting career options. CIT has become an integral part of modern life and business. Among its most important functions are the ...
art_0056::c0000,56,Internet & Technology,2023-07-06 17:58:00,01Synergy,https://www.pewresearch.org/topic/internet-technology/,Internet & Technology. Read our research on: World Leaders | Artificial Intelligence | Affirmative Action Read our research on: World Leaders | Artificial Intelligence | Affirmative Action COVID-19 & Technology More than 44 million #BlackLivesMatter tweets from nearly 10 million ...,41,Internet & Technology. Read our research on: World Leaders | Artificial Intelligence | Affirmative Action Read our research on: World Leaders | Artificial Intelligence | Affirmative Action COVID-19 & Technology More than 44 million #BlackLivesMatter tweets from nearly 10 million ...
art_0057::c0000,57,Computer and Information Science Summer Courses,2023-06-29 00:00:00,01Synergy,https://www.fordham.edu/summer-session/summer-courses/course-descriptions-by-subject/computer-and-information-science/,Computer and Information Science Summer Courses. This course covers basic materials in discrete structure and algorithms which are used in computing science information technology and telecommunications ... knowledge to understand the technologies and services that enable cloud computing discusses ...,40,Computer and Information Science Summer Courses. This course covers basic materials in discrete structure and algorithms which are used in computing science information technology and telecommunications ... knowledge to understand the technologies and services that enable cloud computing discusses ...
art_0058::c0000,58,Human Services Technology,2023-06-28 12:26:00,01Synergy,https://www.waketech.edu/programs-courses/credit/human-services-technology,Human Services Technology. The Human Services Technology (HST) curriculum prepares students for entry-level positions in institutions and agencies that provide education and social and community services to enable people to live more autonomous satisfying productive lives.,36,Human Services Technology. The Human Services Technology (HST) curriculum prepares students for entry-level positions in institutions and agencies that provide education and social and community services to enable people to live more autonomous satisfying productive lives.
art_0059::c0000,59,Privacy in the Digital Age: Your Ultimate Guide,2023-10-12 01:54:00,01Synergy,https://www.qub.ac.uk/directorates/InformationServices/Services/Security/cs-knowledge-base/privacy-protection-guide/,Privacy in the Digital Age: Your Ultimate Guide. Applications specific services and practicing sound digital hygiene all contribute to the ease with which malicious entities can access your information and determine the extent of data accessible for potential theft. Think of data broker sites as ...,46,Privacy in the Digital Age: Your Ultimate Guide. Applications specific services and practicing sound digital hygiene all contribute to the ease with which malicious entities can access your information and determine the extent of data accessible for potential theft. Think of data broker sites as ...
art_0060::c0000,60,Citi launches token service for institutional clients,2023-09-26 13:14:00,01Synergy,https://www.bankingdive.com/news/citi-token-services-launch-commercial-blockchain-technology-cross-border-instant-payments/694092/,Citi launches token service for institutional clients. Citi has launched a token service using blockchain technology to offer digital asset solutions for its institutional clients the lender announced Monday. The new service called Citi Token Services will convert clients’ deposits into digital tokens ...,44,Citi launches token service for institutional clients. Citi has launched a token service using blockchain technology to offer digital asset solutions for its institutional clients the lender announced Monday. The new service called Citi Token Services will convert clients’ deposits into digital tokens ...
art_0061::c0000,61,LeanTaaS Acquires Hospital IQ to Create AI Innovator for Hospital Operations Optimization,2023-01-10 23:02:00,01Synergy,https://www.tmcnet.com/channels/call-center-management/news/-leantaas-acquires-hospital-iq-create-ai-innovator-hospital-/2023/01/10/9740970.htm,LeanTaaS Acquires Hospital IQ to Create AI Innovator for Hospital Operations Optimization. LeanTaaS Acquires Hospital IQ to Create AI Innovator for Hospital Operations Optimization. LeanTaaS Inc. a Silicon Valley-based leading provider of AI-powered and SaaS-based cap,36,LeanTaaS Acquires Hospital IQ to Create AI Innovator for Hospital Operations Optimization. LeanTaaS Acquires Hospital IQ to Create AI Innovator for Hospital Operations Optimization. LeanTaaS Inc. a Silicon Valley-based leading provider of AI-powered and SaaS-based cap
art_0062::c0000,62,Synechron Completes Integration of Payments Services and Solutions Provider Attra,2023-01-10 08:00:00,01Synergy,https://markets.businessinsider.com/news/stocks/synechron-completes-integration-of-payments-services-and-solutions-provider-attra-1032008638,Synechron Completes Integration of Payments Services and Solutions Provider Attra. Attra will operate under the Synechron brand as Synechron Payments following full integration within SynechronNEW YORK TORONTO Ohio,28,Synechron Completes Integration of Payments Services and Solutions Provider Attra. Attra will operate under the Synechron brand as Synechron Payments following full integration within SynechronNEW YORK TORONTO Ohio
art_0063::c0000,63,Synergia Energy Share Chat,2023-08-27 05:38:00,01Synergy,https://www.lse.co.uk/ShareChat.html?ShareTicker=SYN&thread=1761B9E9-406E-4695-9A01-A04F945D286C,Synergia Energy Share Chat. The IP address of all posts is recorded to aid in enforcing these conditions. As a user you agree to any information you have entered being stored in a database. You agree that we have the right to remove edit move or close any topic or board at any time ...,55,Synergia Energy Share Chat. The IP address of all posts is recorded to aid in enforcing these conditions. As a user you agree to any information you have entered being stored in a database. You agree that we have the right to remove edit move or close any topic or board at any time ...
art_0064::c0000,64,Sensory Processing and Emotional Regulation,2023-08-27 22:05:35,01Synergy,https://www.msn.com/en-us/health/wellness/sensory-processing-and-emotional-regulation/ar-AA1fRmC0,Sensory Processing and Emotional Regulation. If you’re someone with sensory processing issues you might also have a tough time with your emotional regulation. Emotional regulation allows us to manage and express our emotions in a healthy and adaptive manner.,39,Sensory Processing and Emotional Regulation. If you’re someone with sensory processing issues you might also have a tough time with your emotional regulation. Emotional regulation allows us to manage and express our emotions in a healthy and adaptive manner.
art_0065::c0000,65,Cost Optimization Drives Record Demand for Managed Services in Q3 ISG IndexTM Finds,2023-10-12 14:12:00,01Synergy,https://www.tmcnet.com/usubmit/-cost-optimization-drives-record-demand-managed-services-q3-/2023/10/12/9897828.htm,Cost Optimization Drives Record Demand for Managed Services in Q3 ISG IndexTM Finds. Data from the ISG IndexTM which measures commercial outsourcing contracts with annual contract value (ACV) of $5 million or more show third-quarter ACV for the combined global market (both XaaS and managed services) at $23.,48,Cost Optimization Drives Record Demand for Managed Services in Q3 ISG IndexTM Finds. Data from the ISG IndexTM which measures commercial outsourcing contracts with annual contract value (ACV) of $5 million or more show third-quarter ACV for the combined global market (both XaaS and managed services) at $23.
art_0066::c0000,66,ATS Corporation Acquires Life Science Digitalization Solutions Provider Odyssey,2023-07-19 10:58:00,01Synergy,https://technews.tmcnet.com/news/2023/07/19/9850583.htm,"ATS Corporation Acquires Life Science Digitalization Solutions Provider Odyssey. Odyssey will join ATS'' Process Automation Solutions ('""PA'"") business a leading provider of automation and digitalization solutions for the process and manufacturing industries. Od",33,"ATS Corporation Acquires Life Science Digitalization Solutions Provider Odyssey. Odyssey will join ATS'' Process Automation Solutions ('""PA'"") business a leading provider of automation and digitalization solutions for the process and manufacturing industries. Od"
art_0067::c0000,67,ITS Helpdesk Winter Break Information,2022-12-16 13:07:00,01Synergy,https://www.middlebury.edu/office/information-technology-services/news/its-helpdesk-winter-break-information-0,ITS Helpdesk Winter Break Information. As we approach our winter break we want to update you on ITS Helpdesk hours and our availability to assist you. The Helpdesk will be closed for the winter break from December 23 - January 2 2023. ITS will continue to monitor systems. Here are some ...,52,ITS Helpdesk Winter Break Information. As we approach our winter break we want to update you on ITS Helpdesk hours and our availability to assist you. The Helpdesk will be closed for the winter break from December 23 - January 2 2023. ITS will continue to monitor systems. Here are some ...
art_0068::c0000,68,Prolucent and UKG Announce Technology Integration Partnership,2023-09-06 13:37:00,01Synergy,https://www.businesswire.com/news/home/20230906867778/en/Prolucent-and-UKG-Announce-Technology-Integration-Partnership,Prolucent and UKG Announce Technology Integration Partnership. DALLAS--(BUSINESS WIRE)--Prolucent Health ® a leading provider of enterprise-wide healthcare workforce optimization software and services today announced a new technology partnership with UKG ...,31,Prolucent and UKG Announce Technology Integration Partnership. DALLAS--(BUSINESS WIRE)--Prolucent Health ® a leading provider of enterprise-wide healthcare workforce optimization software and services today announced a new technology partnership with UKG ...
art_0069::c0000,69,Here Are the Best Game Subscription Services,2023-10-04 10:49:00,01Synergy,https://www.cnet.com/tech/gaming/here-are-the-best-game-subscription-services/,Here Are the Best Game Subscription Services. ever. Credentials Author of the award-winning NY Times-reviewed nonfiction book The Tetris Effect; Longtime consumer technology expert for CBS Mornings Gaming streaming services are available and ...,34,Here Are the Best Game Subscription Services. ever. Credentials Author of the award-winning NY Times-reviewed nonfiction book The Tetris Effect; Longtime consumer technology expert for CBS Mornings Gaming streaming services are available and ...
art_0070::c0000,70,Artificial intelligence (AI) in Blockchain Technology and Bitcoin,2022-12-06 12:30:00,01Synergy,https://bmmagazine.co.uk/business/artificial-intelligence-ai-in-blockchain-technology-and-bitcoin/,Artificial intelligence (AI) in Blockchain Technology and Bitcoin. Artificial Intelligence (AI) and blockchain technology in terms of the finance industry and bitcoin could provide a key for efficient transactions. Financial services require ... customer data and inventory information needed to determine where to ...,44,Artificial intelligence (AI) in Blockchain Technology and Bitcoin. Artificial Intelligence (AI) and blockchain technology in terms of the finance industry and bitcoin could provide a key for efficient transactions. Financial services require ... customer data and inventory information needed to determine where to ...
art_0071::c0000,71,Boom Or Bust: What Are Synchrony Financial’s (NYSE:SYF) Future Prospects?,2023-06-10 14:34:00,01Synergy,https://marketingsentinel.com/2023/06/10/boom-or-bust-what-are-synchrony-financials-nysesyf-future-prospects/,Boom Or Bust: What Are Synchrony Financial’s (NYSE:SYF) Future Prospects?. Synchrony Financial (NYSE:SYF)’s traded shares stood at 3.63 million during the last session with the company’s beta value hitting 1.57. At the close of trading the stock’s price was $33.69 to imply a decrease of -0.,46,Boom Or Bust: What Are Synchrony Financial’s (NYSE:SYF) Future Prospects?. Synchrony Financial (NYSE:SYF)’s traded shares stood at 3.63 million during the last session with the company’s beta value hitting 1.57. At the close of trading the stock’s price was $33.69 to imply a decrease of -0.
art_0072::c0000,72,Stericycle Chief Financial Officer and Chief Information Officer Janet Zelenka Wins 2023 Bronze Stevie® Award for Technology Executive of the Year,2023-05-30 21:34:00,01Synergy,https://finance.yahoo.com/news/stericycle-chief-financial-officer-chief-110000546.html,Stericycle Chief Financial Officer and Chief Information Officer Janet Zelenka Wins 2023 Bronze Stevie® Award for Technology Executive of the Year. Zelenka executive vice president chief financial officer and chief information officer has won the 2023 Bronze Stevie ® Award for Technology ... business-to-business services company and ...,48,Stericycle Chief Financial Officer and Chief Information Officer Janet Zelenka Wins 2023 Bronze Stevie® Award for Technology Executive of the Year. Zelenka executive vice president chief financial officer and chief information officer has won the 2023 Bronze Stevie ® Award for Technology ... business-to-business services company and ...
art_0073::c0000,73,Spot fraud fast with identity theft protection services that offer up to $1 million in insurance,2023-04-01 04:00:00,01Synergy,https://www.cnbc.com/select/best-identity-theft-protection-services/,Spot fraud fast with identity theft protection services that offer up to $1 million in insurance. While identity theft services can alert you if your personal information appears on the dark web or is misused it''s important to understand that these services can''t prevent fraud from happening.,47,Spot fraud fast with identity theft protection services that offer up to $1 million in insurance. While identity theft services can alert you if your personal information appears on the dark web or is misused it''s important to understand that these services can''t prevent fraud from happening.
art_0074::c0000,74,“Data Provokes Thought And Changes Lives”—Here’s How Technology Can Enhance Equity,2022-12-29 22:27:00,01Synergy,https://www.essence.com/business/data-provokes-thought-and-changes-lives-heres-how-technology-canenhance-equity/,“Data Provokes Thought And Changes Lives”—Here’s How Technology Can Enhance Equity. That’s something that the team at Amazon Web Services (AWS) fully understands. Through their Artificial Intelligence (AI)/machine learning (ML) technology they help businesses like ADP ...,37,“Data Provokes Thought And Changes Lives”—Here’s How Technology Can Enhance Equity. That’s something that the team at Amazon Web Services (AWS) fully understands. Through their Artificial Intelligence (AI)/machine learning (ML) technology they help businesses like ADP ...
art_0075::c0000,75,Bioremediation Technology and Services Market Size [2023-2029] | Industry Share Growth Factor Revenue And Trends Outlook Report,2022-12-18 00:00:00,01Synergy,https://www.marketwatch.com/press-release/bioremediation-technology-and-services-market-size-2023-2029-industry-share-growth-factor-revenue-and-trends-outlook-report-2022-12-18,Bioremediation Technology and Services Market Size [2023-2029] | Industry Share Growth Factor Revenue And Trends Outlook Report. Bioremediation Technology and Services Market Research Report is spread across 106 Pages and provides exclusive data information vital statistics trends and competitive landscape details in ...,43,Bioremediation Technology and Services Market Size [2023-2029] | Industry Share Growth Factor Revenue And Trends Outlook Report. Bioremediation Technology and Services Market Research Report is spread across 106 Pages and provides exclusive data information vital statistics trends and competitive landscape details in ...
art_0076::c0000,76,Information Technology,2023-09-06 00:00:00,01Synergy,https://www.astuteanalytica.com/industry/information-technology,Information Technology. Ethiopia mobile value-added services market was valued at US$ 1434.5 million in 2022 and is projected to attain a valuation of US$ 7479.7 million by 2031 at a CAGR of 20.14% during the forecast period 2023–2031. Global optical design software market ...,44,Information Technology. Ethiopia mobile value-added services market was valued at US$ 1434.5 million in 2022 and is projected to attain a valuation of US$ 7479.7 million by 2031 at a CAGR of 20.14% during the forecast period 2023–2031. Global optical design software market ...
art_0077::c0000,77,He’s helping pick Chicago’s next police superintendent. Here’s what he learned when he was robbed at gunpoint.,2023-05-02 10:00:00,01Synergy,https://www.chicagotribune.com/news/criminal-justice/ct-chicago-police-superintendent-armed-robbery-20230502-s6yjozpk5fexvixi2mtak45opi-story.html,He’s helping pick Chicago’s next police superintendent. Here’s what he learned when he was robbed at gunpoint.. Nearly 9000 people were robbed in Chicago last year according to police data. Unlike other victims Anthony Driver is president of the commission helping to select a new police superintendent.,47,He’s helping pick Chicago’s next police superintendent. Here’s what he learned when he was robbed at gunpoint.. Nearly 9000 people were robbed in Chicago last year according to police data. Unlike other victims Anthony Driver is president of the commission helping to select a new police superintendent.
art_0078::c0000,78,What are Technology Services?,2023-04-15 04:59:00,01Synergy,https://www.thetechedvocate.org/what-are-technology-services/,What are Technology Services?. Technology services refer to the vast array of services support and solutions that are aimed at enhancing and optimizing the use of information technology in a business or organization. With the advent of advanced technologies businesses across diverse ...,43,What are Technology Services?. Technology services refer to the vast array of services support and solutions that are aimed at enhancing and optimizing the use of information technology in a business or organization. With the advent of advanced technologies businesses across diverse ...
art_0079::c0000,79,Selected Information Technology Stocks Ranked By Value,2023-04-13 12:07:00,01Synergy,https://seekingalpha.com/article/4593865-selected-information-technology-stocks-ranked-by-value,Selected Information Technology Stocks Ranked By Value. 24 highly rated Information Technology stocks were evaluated by means of a multi-factor value matrix. The value matrix is a broad effort to identify those Information Technology stocks that are ...,38,Selected Information Technology Stocks Ranked By Value. 24 highly rated Information Technology stocks were evaluated by means of a multi-factor value matrix. The value matrix is a broad effort to identify those Information Technology stocks that are ...
art_0080::c0000,80,NaaS Technology Inc. Announces Appointment of Alex Wu as Chief Financial Officer President and Director,2022-12-31 15:37:00,01Synergy,https://finance.yahoo.com/news/naas-technology-inc-announces-appointment-125600716.html,NaaS Technology Inc. Announces Appointment of Alex Wu as Chief Financial Officer President and Director. The Company is a subsidiary of Newlinks Technology Limited a leading energy digitalization group in China. NaaS provides one-stop services to ... and the industry. All information provided ...,44,NaaS Technology Inc. Announces Appointment of Alex Wu as Chief Financial Officer President and Director. The Company is a subsidiary of Newlinks Technology Limited a leading energy digitalization group in China. NaaS provides one-stop services to ... and the industry. All information provided ...
art_0081::c0000,81,Jio Fiber services restored after outage across the country,2022-12-28 11:22:00,01Synergy,https://indianexpress.com/article/technology/tech-news-technology/jio-fiber-service-down-restore-8349019/,Jio Fiber services restored after outage across the country. Downdetector a platform known for reporting the status of various websites and services also re-affirms the same that ... As of now there is no exact information on what caused a country-wide outage of the Jio Fiber network. This is not the first time ...,54,Jio Fiber services restored after outage across the country. Downdetector a platform known for reporting the status of various websites and services also re-affirms the same that ... As of now there is no exact information on what caused a country-wide outage of the Jio Fiber network. This is not the first time ...
art_0082::c0000,82,New Mastodon site dedicated to technology news and information launches – technews.social,2022-12-28 22:28:00,01Synergy,https://www.itworldcanada.com/article/new-mastodon-site-dedicated-to-technology-news-and-information-launches-technews-social/519499,New Mastodon site dedicated to technology news and information launches – technews.social. “Those of us who follow and work with technology tend to be more logical and analytical in their thinking” said Jim Love chief information officer (CIO) of IT World Canada. “We don’t ...,45,New Mastodon site dedicated to technology news and information launches – technews.social. “Those of us who follow and work with technology tend to be more logical and analytical in their thinking” said Jim Love chief information officer (CIO) of IT World Canada. “We don’t ...
art_0083::c0000,83,Is technology making music more accessible?: A closer look at how AI transforms the way we experience learn and create music,2022-12-28 00:00:00,01Synergy,https://www.musicconnection.com/is-technology-making-music-more-accessible-a-closer-look-at-how-ai-transforms-the-way-we-experience-learn-and-create-music/,Is technology making music more accessible?: A closer look at how AI transforms the way we experience learn and create music. Is technology making music ... and support services. Music Connection exists to serve artists and music people to offer connections to the unconnected and to provide exclusive information that can help our readers take their music to the next level.,61,Is technology making music more accessible?: A closer look at how AI transforms the way we experience learn and create music. Is technology making music ... and support services. Music Connection exists to serve artists and music people to offer connections to the unconnected and to provide exclusive information that can help our readers take their music to the next level.
art_0084::c0000,84,Combating propaganda: Information warfare in the sea services,2023-04-17 17:43:00,01Synergy,https://www.militarytimes.com/video/2023/04/17/combating-propaganda-information-warfare-in-the-sea-services/,Combating propaganda: Information warfare in the sea services. Leaders of the Navy and Marine Corps spoke at the Sea-Air-Space expo on how to counter Chinese and Russian disinformation. Military Times © 2023 Military Times © 2023,36,Combating propaganda: Information warfare in the sea services. Leaders of the Navy and Marine Corps spoke at the Sea-Air-Space expo on how to counter Chinese and Russian disinformation. Military Times © 2023 Military Times © 2023
art_0085::c0000,85,BS Information Science & Technology,2023-04-17 00:00:00,01Synergy,https://www.ou.edu/cas/slis/programs/BSIST,BS Information Science & Technology. The BSIST is an applied Information Technology and Data Science degree that teaches students to design and build IT and data solutions with a user-centered approach. Graduates will have the skills to analyze users’ information problems provide solutions ...,44,BS Information Science & Technology. The BSIST is an applied Information Technology and Data Science degree that teaches students to design and build IT and data solutions with a user-centered approach. Graduates will have the skills to analyze users’ information problems provide solutions ...
art_0086::c0000,86,Revenue: Oyo leverage technology to block leakages,2022-12-19 08:36:00,01Synergy,https://businessday.ng/news/article/revenue-oyo-leverage-technology-to-block-leakages/,Revenue: Oyo leverage technology to block leakages. The Oyo state Government has revealed that it is switching to technology to drive revenue collection in order to curb every form of revenue leakage in,33,Revenue: Oyo leverage technology to block leakages. The Oyo state Government has revealed that it is switching to technology to drive revenue collection in order to curb every form of revenue leakage in
art_0087::c0000,87,Mercans acclaimed by top global analysts as a leader in payroll technology for its excellence,2022-12-28 16:36:00,01Synergy,https://gulfnews.com/business/corporate-news/mercans-acclaimed-by-top-global-analysts-as-a-leader-in-payroll-technology-for-its-excellence-1.1672231456394,Mercans acclaimed by top global analysts as a leader in payroll technology for its excellence. Mercans the global frontrunner in payroll technology has recently been named a Leader in NelsonHall’s annual NEAT assessment of the leading payroll companies across the globe. Among multi ...,44,Mercans acclaimed by top global analysts as a leader in payroll technology for its excellence. Mercans the global frontrunner in payroll technology has recently been named a Leader in NelsonHall’s annual NEAT assessment of the leading payroll companies across the globe. Among multi ...
art_0088::c0000,88,First Orion Hiya Join Neustar TNS to Unify Enterprise Call Vetting,2022-12-28 12:50:00,01Synergy,https://channelvisionmag.com/first-orion-hiya-join-neustar-tns-to-unify-enterprise-call-vetting/,First Orion Hiya Join Neustar TNS to Unify Enterprise Call Vetting. First Orion Hiya Join Neustar TNS to Unify Enterprise Call Vetting Core Communications ChannelVision Magazine,26,First Orion Hiya Join Neustar TNS to Unify Enterprise Call Vetting. First Orion Hiya Join Neustar TNS to Unify Enterprise Call Vetting Core Communications ChannelVision Magazine
art_0089::c0000,89,Fidelity National Information Services Inc. seen as activist investor target,2022-12-15 07:41:00,01Synergy,https://www.jaxdailyrecord.com/article/fidelity-national-information-services-inc-seen-as-activist-investor-target,Fidelity National Information Services Inc. seen as activist investor target. Fidelity National Information Services ... is one of the largest providers of technology to banks but the company sought to widen its reach with the acquisition of Cincinnati-based Worldpay and its technology services for merchants.,45,Fidelity National Information Services Inc. seen as activist investor target. Fidelity National Information Services ... is one of the largest providers of technology to banks but the company sought to widen its reach with the acquisition of Cincinnati-based Worldpay and its technology services for merchants.
art_0090::c0000,90,Jonathan Nichols joins Ventiv Technology as Global Head of Customer Success,2022-12-13 10:16:00,01Synergy,https://www.valdostadailytimes.com/ap/business/jonathan-nichols-joins-ventiv-technology-as-global-head-of-customer-success/article_106f0fc7-b6e5-5e01-984b-31a127ffe93d.html,Jonathan Nichols joins Ventiv Technology as Global Head of Customer Success. Prior to joining Ventiv Nichols was most recently Chief Operating Officer for an Insurtech software firm Origami Risk where he led a professional services team resulting in strong organic ...,41,Jonathan Nichols joins Ventiv Technology as Global Head of Customer Success. Prior to joining Ventiv Nichols was most recently Chief Operating Officer for an Insurtech software firm Origami Risk where he led a professional services team resulting in strong organic ...
art_0091::c0000,91,Freshworks Unveils AI-Powered Customer Service Suite with Freddy Generative AI Integration,2023-08-07 12:52:00,01Synergy,https://www.cmswire.com/the-wire/freshworks-unveils-ai-powered-customer-service-suite-with-freddy-generative-ai-integration/,Freshworks Unveils AI-Powered Customer Service Suite with Freddy Generative AI Integration. Freshworks Inc. (NASDAQ: FRSH) today announced the launch of its AI-powered Customer Service Suite which brings together self-service bots agent-led conversational messaging and automated ticketing management in an all-in-one solution.,41,Freshworks Unveils AI-Powered Customer Service Suite with Freddy Generative AI Integration. Freshworks Inc. (NASDAQ: FRSH) today announced the launch of its AI-powered Customer Service Suite which brings together self-service bots agent-led conversational messaging and automated ticketing management in an all-in-one solution.
art_0092::c0000,92,Eseye named as a Visionary by Gartner® in the 2023 Magic QuadrantTM for Managed IoT Connectivity Services Worldwide,2023-02-01 22:18:00,01Synergy,https://technews.tmcnet.com/news/2023/02/01/9753595.htm,Eseye named as a Visionary by Gartner® in the 2023 Magic QuadrantTM for Managed IoT Connectivity Services Worldwide. Eseye a pioneer of integrated cellular IoT connectivity solutions today announced that it has been positioned by Gartner® as a Visionary in the 2023 Magic QuadrantTM for Managed IoT Connectivity Services Worldwide for its advanced offering.,54,Eseye named as a Visionary by Gartner® in the 2023 Magic QuadrantTM for Managed IoT Connectivity Services Worldwide. Eseye a pioneer of integrated cellular IoT connectivity solutions today announced that it has been positioned by Gartner® as a Visionary in the 2023 Magic QuadrantTM for Managed IoT Connectivity Services Worldwide for its advanced offering.
art_0093::c0000,93,Fidelity National Information Services Inc. declares $0.52 dividend,2023-07-21 00:42:00,01Synergy,https://seekingalpha.com/news/3989409-fidelity-national-information-services-inc-declares-0_52-dividend,Fidelity National Information Services Inc. declares $0.52 dividend. To ensure this doesn’t happen in the future please enable Javascript and cookies in your browser. Is this happening to you frequently? Please report it on our ...,36,Fidelity National Information Services Inc. declares $0.52 dividend. To ensure this doesn’t happen in the future please enable Javascript and cookies in your browser. Is this happening to you frequently? Please report it on our ...
art_0094::c0000,94,Kansas gives a farewell to Secretary of Administration and Chief Information Technology Officer Dr. DeAngela Burns-Wallace,2022-12-05 18:18:00,01Synergy,https://newstalkkzrg.com/2022/12/05/kansas-gives-a-farewell-to-secretary-of-administration-and-chief-information-technology-officer-dr-deangela-burns-wallace/,Kansas gives a farewell to Secretary of Administration and Chief Information Technology Officer Dr. DeAngela Burns-Wallace. In addition to her role as Secretary of Administration Dr. Burns-Wallace also has led the Office of Information Technology Services as Chief Information Technology Officer (CITO) since August 2019. During the Covid-19 pandemic Dr. Burns-Wallace was a ...,54,Kansas gives a farewell to Secretary of Administration and Chief Information Technology Officer Dr. DeAngela Burns-Wallace. In addition to her role as Secretary of Administration Dr. Burns-Wallace also has led the Office of Information Technology Services as Chief Information Technology Officer (CITO) since August 2019. During the Covid-19 pandemic Dr. Burns-Wallace was a ...
art_0095::c0000,95,NEC Ibérica and NEC Laboratories Europe advance data space and 5G technology research with a smart campus for the University of Murcia,2022-12-06 07:03:00,01Synergy,https://www.prnewswire.co.uk/news-releases/nec-iberica-and-nec-laboratories-europe-advance-data-space-and-5g-technology-research-with-a-smart-campus-for-the-university-of-murcia-301692766.html,NEC Ibérica and NEC Laboratories Europe advance data space and 5G technology research with a smart campus for the University of Murcia. To encourage innovative research the IoT architecture of the Espinardo campus will include FIWARE: the open-source technology ... services and communication infrastructure. For more information ...,48,NEC Ibérica and NEC Laboratories Europe advance data space and 5G technology research with a smart campus for the University of Murcia. To encourage innovative research the IoT architecture of the Espinardo campus will include FIWARE: the open-source technology ... services and communication infrastructure. For more information ...
art_0096::c0000,96,Find free newcomer services near you,2023-06-07 12:28:00,01Synergy,https://www.cic.gc.ca/ENGLISH/newcomers/services/index.asp,Find free newcomer services near you. We’ve made our settlement services available to all Ukrainian temporary residents and their dependants in Canada until March 31 2023. Learn about what to do before and after you travel to Canada or explore our settlement content on your own.,46,Find free newcomer services near you. We’ve made our settlement services available to all Ukrainian temporary residents and their dependants in Canada until March 31 2023. Learn about what to do before and after you travel to Canada or explore our settlement content on your own.
art_0097::c0000,97,KPI Solutions Expands with New Atlanta Office,2023-06-05 18:04:00,01Synergy,https://www.automation.com/en-us/articles/june-2023/kpi-solutions-expands-new-atlanta-office,KPI Solutions Expands with New Atlanta Office. Industry veteran Chris Barber leads the eastern regional team to provide sales and service that transforms companies’ distribution and fulfillment operations.,28,KPI Solutions Expands with New Atlanta Office. Industry veteran Chris Barber leads the eastern regional team to provide sales and service that transforms companies’ distribution and fulfillment operations.
art_0098::c0000,98,Nintendo Has Started Server Maintenance That Might Make Services Unavailable,2023-03-13 11:40:00,01Synergy,https://www.gizchina.com/2023/03/13/nintendo-has-started-server-maintenance-that-might-make-services-unavailable/,Nintendo Has Started Server Maintenance That Might Make Services Unavailable. Nintendo started server maintenance that might temporarily make the Nintendo Switch Online service unavailable.,24,Nintendo Has Started Server Maintenance That Might Make Services Unavailable. Nintendo started server maintenance that might temporarily make the Nintendo Switch Online service unavailable.
art_0099::c0000,99,Microsoft: Here's how our technology disrupts ransomware and phishing attacks,2023-02-25 12:58:00,01Synergy,https://www.zdnet.com/article/microsoft-heres-how-our-technology-disrupts-ransomware-and-phishing-attacks/,Microsoft: Here's how our technology disrupts ransomware and phishing attacks. These Experts Are Racing to Protect AI From Hackers. Time is Running Out Motorola's handy Bluetooth device adds satellite messaging Linux 6.2: The first mainstream Linux kernel for Apple M1 chips ...,42,Microsoft: Here's how our technology disrupts ransomware and phishing attacks. These Experts Are Racing to Protect AI From Hackers. Time is Running Out Motorola's handy Bluetooth device adds satellite messaging Linux 6.2: The first mainstream Linux kernel for Apple M1 chips ...
art_0100::c0000,100,Specialist Firms Synthetik Applied Technologies LLC and Saleria LLC Announce Merger,2023-05-02 22:34:00,01Synergy,https://www.galvnews.com/news_ap/business/specialist-firms-synthetik-applied-technologies-llc-and-saleria-llc-announce-merger/article_b842b852-ae19-5268-b577-6991f09bdb24.html?block_id=531919,Specialist Firms Synthetik Applied Technologies LLC and Saleria LLC Announce Merger. Synthetik Applied Technologies and Saleria today announced the successful conclusion of negotiations to merge the two companies. The transaction creates a,32,Specialist Firms Synthetik Applied Technologies LLC and Saleria LLC Announce Merger. Synthetik Applied Technologies and Saleria today announced the successful conclusion of negotiations to merge the two companies. The transaction creates a
art_0101::c0000,101,Celonis and Tech Mahindra Strengthen Their Global Partnership to Bolster Process Excellence Initiatives for Customers,2023-02-16 11:47:00,01Synergy,https://www.devdiscourse.com/article/technology/2356854-celonis-and-tech-mahindra-strengthen-their-global-partnership-to-bolster-process-excellence-initiatives-for-customers,Celonis and Tech Mahindra Strengthen Their Global Partnership to Bolster Process Excellence Initiatives for Customers. We have also embarked on a journey to co-create solutions such as R3 for duplicate payment removal and Net Promoter Score (NPS) improvement for Information Technology Services Management processes. Together we have optimized field services transformation ...,52,Celonis and Tech Mahindra Strengthen Their Global Partnership to Bolster Process Excellence Initiatives for Customers. We have also embarked on a journey to co-create solutions such as R3 for duplicate payment removal and Net Promoter Score (NPS) improvement for Information Technology Services Management processes. Together we have optimized field services transformation ...
art_0102::c0000,102,Synopsys TSMC team up to help clients accelerate 2nm chips designs,2023-05-17 07:40:00,01Synergy,https://www.digitimes.com/news/a20230517PD202/eda-synopsys-tsmc.html,Synopsys TSMC team up to help clients accelerate 2nm chips designs. EDA specialist Synopsys has recently announced its collaboration with TSMC to deliver digital and custom design EDA flows on the foundry''s most advanced N2 (2nm) process aiming to meet stringent design targets on next-generation system-on-chips (SoCs).,47,Synopsys TSMC team up to help clients accelerate 2nm chips designs. EDA specialist Synopsys has recently announced its collaboration with TSMC to deliver digital and custom design EDA flows on the foundry''s most advanced N2 (2nm) process aiming to meet stringent design targets on next-generation system-on-chips (SoCs).
art_0103::c0000,103,Star Micronics showcases cloud receipt order and food label printing solutions at Food Hotel Tech 2023 Paris,2023-03-13 04:20:00,01Synergy,https://www.traveldailymedia.com/star-micronics-showcases-cloud-receipt-order-and-food-label-printing-solutions-at-food-hotel-tech-2023-paris/,Star Micronics showcases cloud receipt order and food label printing solutions at Food Hotel Tech 2023 Paris. At Food Hotel Tech 2023 (14 – 15 March 2023 Porte de Versailles Paris) international POS solutions provider Star Micronics will be exhibiting its latest solutions for hospitality POS mobile ordering,48,Star Micronics showcases cloud receipt order and food label printing solutions at Food Hotel Tech 2023 Paris. At Food Hotel Tech 2023 (14 – 15 March 2023 Porte de Versailles Paris) international POS solutions provider Star Micronics will be exhibiting its latest solutions for hospitality POS mobile ordering
art_0104::c0000,104,Fabric and Synergy Join Forces to Provide Retailers with Advanced Automated Fulfillment Solutions,2023-03-07 17:42:00,01Synergy,https://www.dcvelocity.com/articles/56797-fabric-and-synergy-join-forces-to-provide-retailers-with-advanced-automated-fulfillment-solutions,Fabric and Synergy Join Forces to Provide Retailers with Advanced Automated Fulfillment Solutions. Systems integrator joins Fabric’s Partner Elite Program as a strategic partner to help businesses redefine operations for the future of retail,34,Fabric and Synergy Join Forces to Provide Retailers with Advanced Automated Fulfillment Solutions. Systems integrator joins Fabric’s Partner Elite Program as a strategic partner to help businesses redefine operations for the future of retail
art_0105::c0000,105,Dr. Ambedkar Memorial Institute of Information Technology and Management Science Rourkela,2023-04-18 12:06:00,01Synergy,https://www.telegraphindia.com/edugraph/colleges/dr-ambedkar-memorial-institute-of-information-technology-and-management-science-rourkela-damiitmsr/1847,Dr. Ambedkar Memorial Institute of Information Technology and Management Science Rourkela. Ambedkar Memorial Institute of Information Technology and Management Science ... Additionally DAMITS Rourkela provides students with a range of placement services including as assisting them in finding and applying for employment preparing them for ...,46,Dr. Ambedkar Memorial Institute of Information Technology and Management Science Rourkela. Ambedkar Memorial Institute of Information Technology and Management Science ... Additionally DAMITS Rourkela provides students with a range of placement services including as assisting them in finding and applying for employment preparing them for ...
art_0106::c0000,106,‘Embrace technology and outskill your competition’,2023-02-26 08:51:00,01Synergy,https://www.thehindubusinessline.com/on-campus/embrace-technology-and-outskill-your-competition/article66553117.ece,‘Embrace technology and outskill your competition’. This is his sixth book and at present he is the Head of Managed Services KPMG Netherlands. In this interview he speaks about embracing technology leading from the heart and dealing with layoffs.,39,‘Embrace technology and outskill your competition’. This is his sixth book and at present he is the Head of Managed Services KPMG Netherlands. In this interview he speaks about embracing technology leading from the heart and dealing with layoffs.
art_0107::c0000,107,As Generative AI Gets Hotter KKR Bets on Keeping Data Centers Cool,2023-05-02 21:07:00,01Synergy,https://www.wsj.com/articles/as-generative-ai-gets-hotter-kkr-bets-on-keeping-data-centers-cool-d3d62cc7,As Generative AI Gets Hotter KKR Bets on Keeping Data Centers Cool. Investment firm will acquire CoolIT Systems which makes systems designed to prevent computing hardware from overheating.,28,As Generative AI Gets Hotter KKR Bets on Keeping Data Centers Cool. Investment firm will acquire CoolIT Systems which makes systems designed to prevent computing hardware from overheating.
art_0108::c0000,108,Video Game Technology Tapped to Medically Train Astronauts for Future Moon and Mars Missions,2023-02-15 13:30:00,01Synergy,https://www.nextgov.com/emerging-tech/2023/01/video-game-technology-tapped-medically-train-astronauts-future-moon-and-mars-missions/382303/,Video Game Technology Tapped to Medically Train Astronauts for Future Moon and Mars Missions. The award was won by a company called Level Ex which uses video game technology to serve the ... we store cookies on your browser to collect information. The information collected might relate ...,48,Video Game Technology Tapped to Medically Train Astronauts for Future Moon and Mars Missions. The award was won by a company called Level Ex which uses video game technology to serve the ... we store cookies on your browser to collect information. The information collected might relate ...
art_0109::c0000,109,ServiceNow (NOW): New Buy Recommendation for This Technology Giant,2023-05-17 06:36:00,01Synergy,https://markets.businessinsider.com/news/stocks/servicenow-now-new-buy-recommendation-for-this-technology-giant-1032333792,ServiceNow (NOW): New Buy Recommendation for This Technology Giant. The company offers its solutions to various sectors including healthcare education oil and gas telecommunications government consumer products technology IT and financial services. Read More on NOW: SHARE THIS POST ServiceNow NewsMORE Related Stocks ...,44,ServiceNow (NOW): New Buy Recommendation for This Technology Giant. The company offers its solutions to various sectors including healthcare education oil and gas telecommunications government consumer products technology IT and financial services. Read More on NOW: SHARE THIS POST ServiceNow NewsMORE Related Stocks ...
art_0110::c0000,110,Syzygy Plasmonics Selects Emerson to Automate Electrification of Chemical Production Processes,2023-05-15 20:41:00,01Synergy,https://www.automation.com/en-us/articles/may-2023/syzygy-plasmonics-emerson-automate-electrification,Syzygy Plasmonics Selects Emerson to Automate Electrification of Chemical Production Processes. Pioneering technology uses light to decarbonize chemical production helping manufacturers reduce both emissions and operational costs.,27,Syzygy Plasmonics Selects Emerson to Automate Electrification of Chemical Production Processes. Pioneering technology uses light to decarbonize chemical production helping manufacturers reduce both emissions and operational costs.
art_0111::c0000,111,IFI Techsolutions Recognized as a Microsoft Azure Expert Managed Service Provider,2023-05-15 06:58:00,01Synergy,https://www.devdiscourse.com/article/technology/2451892-ifi-techsolutions-recognized-as-a-microsoft-azure-expert-managed-service-provider,IFI Techsolutions Recognized as a Microsoft Azure Expert Managed Service Provider. As a global Microsoft partner IFI Techsolutions continues to verify its excellence in customer delivery and technical expertise via the Microsoft Azure Expert MSP program.,36,IFI Techsolutions Recognized as a Microsoft Azure Expert Managed Service Provider. As a global Microsoft partner IFI Techsolutions continues to verify its excellence in customer delivery and technical expertise via the Microsoft Azure Expert MSP program.
art_0112::c0000,112,Technology Services (CITE),2023-05-01 14:16:00,01Synergy,https://www.uh.edu/education/student-services/technology-services/,Technology Services (CITE). The Center for Information Technology in Education (CITE) was established in 1989 at the University of Houston College of Education. It supports college employees and students with their technological needs. Learn more about CITE services by visiting our ...,42,Technology Services (CITE). The Center for Information Technology in Education (CITE) was established in 1989 at the University of Houston College of Education. It supports college employees and students with their technological needs. Learn more about CITE services by visiting our ...
art_0113::c0000,113,Synergie Canada named one of Canada's Best Managed Companies,2023-05-15 11:39:00,01Synergy,https://technews.tmcnet.com/news/2023/05/15/9813922.htm,Synergie Canada named one of Canada's Best Managed Companies. Canada''s Best Managed Companies is a prominent business awards initiative in Canada that acknowledges exceptional performance among private Canadian-owned companies. Since its inception in 2008 Synergie Canada has come a long way,41,Synergie Canada named one of Canada's Best Managed Companies. Canada''s Best Managed Companies is a prominent business awards initiative in Canada that acknowledges exceptional performance among private Canadian-owned companies. Since its inception in 2008 Synergie Canada has come a long way
art_0114::c0000,114,Synchronis Finds Its Niche: Applying Tech Innovation With a Craftsman-like Touch,2023-01-04 19:07:00,01Synergy,https://www.laweekly.com/synchronis-finds-its-niche-applying-tech-innovation-with-a-craftsman-like-touch/,Synchronis Finds Its Niche: Applying Tech Innovation With a Craftsman-like Touch. The building and construction industry has been forced to rethink and innovate to solve some of the issues affecting it,31,Synchronis Finds Its Niche: Applying Tech Innovation With a Craftsman-like Touch. The building and construction industry has been forced to rethink and innovate to solve some of the issues affecting it
art_0115::c0000,115,Yoon says science technology form basis of all industries,2022-12-28 06:14:51,01Synergy,https://www.msn.com/en-xl/news/other/yoon-says-science-technology-form-basis-of-all-industries/ar-AA15JjyR,Yoon says science technology form basis of all industries. President Yoon Suk Yeol on Wednesday stressed the importance of science and technology saying they form the basis of all industries. Yoon made the remark during a joint policy briefing by the Ministry of Science and ICT,46,Yoon says science technology form basis of all industries. President Yoon Suk Yeol on Wednesday stressed the importance of science and technology saying they form the basis of all industries. Yoon made the remark during a joint policy briefing by the Ministry of Science and ICT
art_0116::c0000,116,Promising Remote Patient Monitoring solution PolsoTM Achieves 1st FDA Clearance,2022-12-06 15:52:00,01Synergy,https://www.tmcnet.com/usubmit/-promising-remote-patient-monitoring-solution-polsotrade-achieves-1st-/2022/12/06/9725032.htm,Promising Remote Patient Monitoring solution PolsoTM Achieves 1st FDA Clearance. PolsoTM the company''s Remote Patient Monitoring (RPM) solution achieving 510(k) clearance from the U.S. Food and Drug Administration (FDA). Initial indications include monitoring of blood oxygen saturation (SpO 2),39,Promising Remote Patient Monitoring solution PolsoTM Achieves 1st FDA Clearance. PolsoTM the company''s Remote Patient Monitoring (RPM) solution achieving 510(k) clearance from the U.S. Food and Drug Administration (FDA). Initial indications include monitoring of blood oxygen saturation (SpO 2)
art_0117::c0000,117,Anti-Government Protests Grow in China and Elsewhere While Technology Tries to Keep Up,2022-11-30 21:34:00,01Synergy,https://www.voanews.com/a/anti-government-protests-grow-in-china-and-elsewhere-while-technology-tries-to-keep-up-/6855809.html,Anti-Government Protests Grow in China and Elsewhere While Technology Tries to Keep Up. Some protesters in cities such as Beijing and Shanghai are getting information out about the crackdown by using technology and ... service with links to escort services and other adult offerings ...,45,Anti-Government Protests Grow in China and Elsewhere While Technology Tries to Keep Up. Some protesters in cities such as Beijing and Shanghai are getting information out about the crackdown by using technology and ... service with links to escort services and other adult offerings ...
art_0118::c0000,118,U.S. Department of Health and Human Services (HHS): Definition,2023-01-01 09:35:00,01Synergy,https://www.investopedia.com/terms/u/us-department-health-and-human-services-hhs.asp,U.S. Department of Health and Human Services (HHS): Definition. The Department of Health and Human Services (HHS) is a Cabinet-level ... The CDC focuses on science and technology to prevent diseases manages the nation''s biggest health problems that cause ...,40,U.S. Department of Health and Human Services (HHS): Definition. The Department of Health and Human Services (HHS) is a Cabinet-level ... The CDC focuses on science and technology to prevent diseases manages the nation''s biggest health problems that cause ...
art_0119::c0000,119,Smart Eye Signs Breakthrough Deal for AIS Driver Monitoring System for Fleets with Linde,2023-06-26 12:36:00,01Synergy,https://www.businesswire.com/news/home/20230626956385/en/Smart-Eye-Signs-Breakthrough-Deal-for-AIS-Driver-Monitoring-System-for-Fleets-with-Linde,Smart Eye Signs Breakthrough Deal for AIS Driver Monitoring System for Fleets with Linde. Smart Eye the leading developer of Driver Monitoring System (DMS) technology to the automotive industry today announced it has signed a breakthrough,36,Smart Eye Signs Breakthrough Deal for AIS Driver Monitoring System for Fleets with Linde. Smart Eye the leading developer of Driver Monitoring System (DMS) technology to the automotive industry today announced it has signed a breakthrough
art_0120::c0000,120,Howell Selected Interim Vice President for Information Technology and Chief Information Officer,2023-06-12 13:40:00,01Synergy,https://news.gatech.edu/news/2023/06/12/howell-selected-interim-vice-president-information-technology-and-chief-information,Howell Selected Interim Vice President for Information Technology and Chief Information Officer. Leo Howell will join the president’s cabinet as the interim vice president for Information Technology and chief information officer for the Institute.,34,Howell Selected Interim Vice President for Information Technology and Chief Information Officer. Leo Howell will join the president’s cabinet as the interim vice president for Information Technology and chief information officer for the Institute.
art_0121::c0000,121,Integrated Electrical Services: Fiscal Q4 Earnings Snapshot,2022-12-06 13:08:00,01Synergy,https://apnews.com/article/earnings-ac4750f6464cfb51267200568f055940,Integrated Electrical Services: Fiscal Q4 Earnings Snapshot. Integrated Electrical Services Inc. (IESC) on Tuesday reported fiscal fourth-quarter net income of $16.2 million. On a per-share basis the Houston-based company said it had profit of 72 cents.,36,Integrated Electrical Services: Fiscal Q4 Earnings Snapshot. Integrated Electrical Services Inc. (IESC) on Tuesday reported fiscal fourth-quarter net income of $16.2 million. On a per-share basis the Houston-based company said it had profit of 72 cents.
art_0122::c0000,122,Tech Media & Telecom Roundup: Market Talk,2023-05-12 10:05:00,10Clouds,https://www.wsj.com/articles/tech-media-telecom-roundup-market-talk-9b1d76b1,Tech Media & Telecom Roundup: Market Talk. Walt Disney Docebo and more featured in the latest Market Talks covering Technology Media and Telecom.,23,Tech Media & Telecom Roundup: Market Talk. Walt Disney Docebo and more featured in the latest Market Talks covering Technology Media and Telecom.
art_0123::c0000,123,NCC committed to gender equity in information technology,2022-11-30 06:23:00,01Synergy,https://www.sunnewsonline.com/ncc-committed-to-gender-equity-in-information-technology/,NCC committed to gender equity in information technology. access and use of information technology programmes and services which will give them the needed skill to compete in the digital space. Danbatta further stated that the empowerment programme in ...,39,NCC committed to gender equity in information technology. access and use of information technology programmes and services which will give them the needed skill to compete in the digital space. Danbatta further stated that the empowerment programme in ...
art_0124::c0000,124,Best Information Technology ETFs Right Now,2023-06-27 00:00:00,01Synergy,https://www.benzinga.com/money/best-information-technology-etfs-right-now,Best Information Technology ETFs Right Now. To qualify companies must operate in many sectors under the technology umbrella. This includes semiconductors wireless telecommunications services and IT services. This information technology ...,31,Best Information Technology ETFs Right Now. To qualify companies must operate in many sectors under the technology umbrella. This includes semiconductors wireless telecommunications services and IT services. This information technology ...
art_0125::c0000,125,Global Bioremediation Technology And Services Market Report 2022-2028: Demand In Mining Petroleum Farming & Nuclear Power Fuels Growth,2023-03-07 03:28:00,01Synergy,https://menafn.com/1105718174/Global-Bioremediation-Technology-And-Services-Market-Report-2022-2028-Demand-In-Mining-Petroleum-Farming-Nuclear-Power-Fuels-Growth,Global Bioremediation Technology And Services Market Report 2022-2028: Demand In Mining Petroleum Farming & Nuclear Power Fuels Growth. A report by the publisher states that the global bioremediation technology and services market highlights a CAGR of 8.70% during the forecast period 2022-2028. The factors that contribute to the ...,49,Global Bioremediation Technology And Services Market Report 2022-2028: Demand In Mining Petroleum Farming & Nuclear Power Fuels Growth. A report by the publisher states that the global bioremediation technology and services market highlights a CAGR of 8.70% during the forecast period 2022-2028. The factors that contribute to the ...
art_0126::c0000,126,Technology Research Services Market Analysis Report 2023-2030 | 104 Pages Report,2023-08-12 02:24:00,01Synergy,https://www.benzinga.com/pressreleases/23/08/33773411/technology-research-services-market-analysis-report-2023-2030-104-pages-report,Technology Research Services Market Analysis Report 2023-2030 | 104 Pages Report. Moreover Consumer behavior analysis and market dynamics (drivers restraints opportunities) provides crucial information for knowing the Technology Research Services market. Growing demand for ...,35,Technology Research Services Market Analysis Report 2023-2030 | 104 Pages Report. Moreover Consumer behavior analysis and market dynamics (drivers restraints opportunities) provides crucial information for knowing the Technology Research Services market. Growing demand for ...
art_0127::c0000,127,The best credit monitoring services that can help you spot fraud early,2023-04-01 04:00:00,01Synergy,https://www.cnbc.com/select/best-credit-monitoring-services/,The best credit monitoring services that can help you spot fraud early. Credit monitoring services can provide you with early notice of potential fraud on your credit report so you can take steps to protect your personal information. While these services can''t ...,43,The best credit monitoring services that can help you spot fraud early. Credit monitoring services can provide you with early notice of potential fraud on your credit report so you can take steps to protect your personal information. While these services can''t ...
art_0128::c0000,128,The Best Email Encryption Services for 2023,2023-09-20 21:39:00,01Synergy,https://www.pcmag.com/picks/the-best-email-encryption-services,The Best Email Encryption Services for 2023. The top email encryption services we''ve tested can help keep snoops out of your messages. When the IBM PC was new I served as the president of the San Francisco PC User Group for three years.,43,The Best Email Encryption Services for 2023. The top email encryption services we''ve tested can help keep snoops out of your messages. When the IBM PC was new I served as the president of the San Francisco PC User Group for three years.
art_0129::c0000,129,Microsoft and Viasat announce new partnership to deliver internet access to underserved communities globally,2022-12-14 13:00:23,01Synergy,https://www.msn.com/en-us/news/technology/microsoft-and-viasat-announce-new-partnership-to-deliver-internet-access-to-underserved-communities-globally/ar-AA15gJnd,Microsoft and Viasat announce new partnership to deliver internet access to underserved communities globally. New collaboration through the Microsoft Airband Initiative will increase internet availability for 5 million people across Africa and an additional 5 million people around the world by the end of 2025 REDMOND,46,Microsoft and Viasat announce new partnership to deliver internet access to underserved communities globally. New collaboration through the Microsoft Airband Initiative will increase internet availability for 5 million people across Africa and an additional 5 million people around the world by the end of 2025 REDMOND
art_0130::c0000,130,It’s time for managed services to start delivering for users,2023-07-11 11:15:00,01Synergy,https://www.openaccessgovernment.org/managed-services-delivering-users-public-sector/163502/,It’s time for managed services to start delivering for users. Managed services as a means of outsourcing to reduce cost and improve the performance and support of live services,29,It’s time for managed services to start delivering for users. Managed services as a means of outsourcing to reduce cost and improve the performance and support of live services
art_0131::c0000,131,National Science Day 2023: Pertinence of science and technology in 21st century,2023-02-28 10:53:00,01Synergy,https://www.dqindia.com/national-science-day-2023-pertinence-of-science-and-technology-in-21st-century/,National Science Day 2023: Pertinence of science and technology in 21st century. India has been a global leader in the field of science and technology and represents a bright future to the world in this field. We are making rapid progress in the fields of space exploration information ... tutoring services and e-learning materials ...,55,National Science Day 2023: Pertinence of science and technology in 21st century. India has been a global leader in the field of science and technology and represents a bright future to the world in this field. We are making rapid progress in the fields of space exploration information ... tutoring services and e-learning materials ...
art_0132::c0000,132,Systems Solution Inc. Opens New Company Headquarters and Depot Services in Wayne PA.,2023-03-15 17:35:00,01Synergy,https://www.tmcnet.com/usubmit/-systems-solution-inc-opens-new-company-headquarters-depot-/2023/03/15/9777681.htm,Systems Solution Inc. Opens New Company Headquarters and Depot Services in Wayne PA.. Systems Solution Inc. (SSI) a leading provider of IT solutions and consulting for business today announced that they are opening their new office in Wayne PA. After almost three decades in their King of Prussia headquarters,49,Systems Solution Inc. Opens New Company Headquarters and Depot Services in Wayne PA.. Systems Solution Inc. (SSI) a leading provider of IT solutions and consulting for business today announced that they are opening their new office in Wayne PA. After almost three decades in their King of Prussia headquarters
art_0133::c0000,133,IT & BPM Industry in India,2023-08-16 14:21:00,01Synergy,https://www.ibef.org/industry/information-technology-india,IT & BPM Industry in India. The Indian IT & business services industry is expected to grow to US$ 19.93 billion by 2025. Spending on information technology in India is expected to reach US$ 144 billion in 2023. By 2026 widespread cloud utilisation can provide employment ...,47,IT & BPM Industry in India. The Indian IT & business services industry is expected to grow to US$ 19.93 billion by 2025. Spending on information technology in India is expected to reach US$ 144 billion in 2023. By 2026 widespread cloud utilisation can provide employment ...
art_0134::c0000,134,Should You Hold Stewart Information Services (STC)?,2023-10-13 06:40:00,01Synergy,https://www.insidermonkey.com/blog/should-you-hold-stewart-information-services-stc-1204720/,Should You Hold Stewart Information Services (STC)?. Heartland Value Fund highlighted stocks like Stewart Information Services Corporation (NYSE:STC) in the third quarter 2023 investor letter. Headquartered in Houston Texas Stewart Information ...,32,Should You Hold Stewart Information Services (STC)?. Heartland Value Fund highlighted stocks like Stewart Information Services Corporation (NYSE:STC) in the third quarter 2023 investor letter. Headquartered in Houston Texas Stewart Information ...
art_0135::c0000,135,Committee on Information Technology (COIT),2023-09-02 09:30:00,01Synergy,https://sf.gov/departments/committee-information-technology-coit,Committee on Information Technology (COIT). After being held remotely due to COVID-19 in-person meetings are resuming as of Friday 4/20/23. All meetings will be held in Room 305 of City Hall (1 Dr. Carlton B Goodlett Pl San Francisco CA 94102). Meetings will continue to be streamed via WebEx to ...,51,Committee on Information Technology (COIT). After being held remotely due to COVID-19 in-person meetings are resuming as of Friday 4/20/23. All meetings will be held in Room 305 of City Hall (1 Dr. Carlton B Goodlett Pl San Francisco CA 94102). Meetings will continue to be streamed via WebEx to ...
art_0136::c0000,136,Technology Research Services Market Development Outlook 2023-2030: Business Strategies with Growth Insights and Emerging Trends,2023-09-19 08:41:00,01Synergy,https://www.benzinga.com/pressreleases/23/09/34717593/technology-research-services-market-development-outlook-2023-2030-business-strategies-with-growth-i,Technology Research Services Market Development Outlook 2023-2030: Business Strategies with Growth Insights and Emerging Trends. Moreover Consumer behavior analysis and market dynamics (drivers restraints opportunities) provides crucial information for knowing the Technology Research Services market. Global Technology ...,38,Technology Research Services Market Development Outlook 2023-2030: Business Strategies with Growth Insights and Emerging Trends. Moreover Consumer behavior analysis and market dynamics (drivers restraints opportunities) provides crucial information for knowing the Technology Research Services market. Global Technology ...
art_0137::c0000,137,Data Innovations Announces New Generation of Lab Productivity Software with Instrument ManagerTM 2023,2023-07-20 13:31:00,01Synergy,https://technews.tmcnet.com/news/2023/07/20/9851763.htm,"Data Innovations Announces New Generation of Lab Productivity Software with Instrument ManagerTM 2023. Signifying a change in the company''s product development approach DI is calling the shift '""ReIMagination.'"" The first app to be developed within the DI Gateway framework part of IM 2023 is called Test Properties. Moving forward all new DI lab automation and productivity web apps will be developed within this framework.",64,"Data Innovations Announces New Generation of Lab Productivity Software with Instrument ManagerTM 2023. Signifying a change in the company''s product development approach DI is calling the shift '""ReIMagination.'"" The first app to be developed within the DI Gateway framework part of IM 2023 is called Test Properties. Moving forward all new DI lab automation and productivity web apps will be developed within this framework."
art_0138::c0000,138,Management of Information Technology MSc,2023-09-01 00:00:00,01Synergy,https://www.sussex.ac.uk/study/masters/courses/management-of-information-technology-msc,Management of Information Technology MSc. Learn how to design evaluate and apply information technology systems in a business setting. You’ll take account of human organisational and strategic factors. communicating concepts designs and evaluation within a technical environment. We offer two ...,41,Management of Information Technology MSc. Learn how to design evaluate and apply information technology systems in a business setting. You’ll take account of human organisational and strategic factors. communicating concepts designs and evaluation within a technical environment. We offer two ...
art_0139::c0000,139,Bioremediation Technology & Services Consumption Market Size And Forecast to 2031,2023-09-18 11:36:00,01Synergy,https://www.linkedin.com/pulse/bioremediation-technology-services-consumption-market,Bioremediation Technology & Services Consumption Market Size And Forecast to 2031. contact information major business Animation and Bioremediation Technology & Services Consumption Market introduction etc. Animation and Bioremediation Technology & Services Consumption Market ...,34,Bioremediation Technology & Services Consumption Market Size And Forecast to 2031. contact information major business Animation and Bioremediation Technology & Services Consumption Market introduction etc. Animation and Bioremediation Technology & Services Consumption Market ...
art_0140::c0000,140,Information Technology Policies,2023-07-15 03:05:00,01Synergy,https://udayton.edu/policies/it/index.php,Information Technology Policies. One of the most important attributes of Information Technology (IT) policies is that they be readily available. That's why we publish the most current policies that impact our users' ability to take advantage of UD's information technologies. These ...,42,Information Technology Policies. One of the most important attributes of Information Technology (IT) policies is that they be readily available. That's why we publish the most current policies that impact our users' ability to take advantage of UD's information technologies. These ...
art_0141::c0000,141,3 Safe Haven Information Technology Stocks,2023-07-14 08:18:00,01Synergy,https://investmentu.com/information-technology-stocks/,3 Safe Haven Information Technology Stocks. This makes it one of the best safe haven information technology stocks for your portfolio. The overwhelming bulk of Google’s income comes from its Google services division. This is mainly ads in-app purchases and sales of apps. In Q4 2021 this ...,48,3 Safe Haven Information Technology Stocks. This makes it one of the best safe haven information technology stocks for your portfolio. The overwhelming bulk of Google’s income comes from its Google services division. This is mainly ads in-app purchases and sales of apps. In Q4 2021 this ...
art_0142::c0000,142,Oakmont Capital Services Wins ELFA’s 2023 Ops & Technology Excellence Award,2023-08-18 10:55:00,01Synergy,https://www.monitordaily.com/news-posts/oakmont-capital-services-wins-elfas-2023-ops-technology-excellence-award/,Oakmont Capital Services Wins ELFA’s 2023 Ops & Technology Excellence Award. The Equipment Leasing and Finance Association announced that Oakmont Capital Services is the recipient of the 2023 Operations and Technology Excellence Award. The company’s award-winning project will be showcased during the ELFA’s Operations ...,45,Oakmont Capital Services Wins ELFA’s 2023 Ops & Technology Excellence Award. The Equipment Leasing and Finance Association announced that Oakmont Capital Services is the recipient of the 2023 Operations and Technology Excellence Award. The company’s award-winning project will be showcased during the ELFA’s Operations ...
art_0143::c0000,143,Drug Information Response Center,2023-09-02 11:54:00,01Synergy,https://www.buffalo.edu/pharmacy-services-partnerships/drug-information.html,Drug Information Response Center. provides drug information services to the New York State Department of Health (NYSDOH) Medicaid Program. The goal of the DIRC is to provide timely evidence-based drug information to the NYSDOH Medicaid program by serving as a resource for the NYS Drug ...,46,Drug Information Response Center. provides drug information services to the New York State Department of Health (NYSDOH) Medicaid Program. The goal of the DIRC is to provide timely evidence-based drug information to the NYSDOH Medicaid program by serving as a resource for the NYS Drug ...
art_0144::c0000,144,Stellantis cockpit technology leader leaving company,2023-08-05 21:47:00,01Synergy,https://www.autonews.com/mobility-report/stellantis-cockpit-connected-services-chief-leaves-company,Stellantis cockpit technology leader leaving company. Vishnu Sundaram is leaving his job as Stellantis'' senior vice president of cockpit and connected services at the end of August the automaker confirmed Friday. Sundaram a key figure in the ...,38,Stellantis cockpit technology leader leaving company. Vishnu Sundaram is leaving his job as Stellantis'' senior vice president of cockpit and connected services at the end of August the automaker confirmed Friday. Sundaram a key figure in the ...
art_0145::c0000,145,Ransomware Attack Disrupts Health Care Services in at Least Three States,2023-08-05 21:51:00,01Synergy,https://www.nytimes.com/2023/08/05/us/cyberattack-hospitals-california.html,Ransomware Attack Disrupts Health Care Services in at Least Three States. It was not immediately clear how many locations operated by Prospect Medical Holdings were affected but some sites had to cut back services or ... code and develop the technology for these systems ...,45,Ransomware Attack Disrupts Health Care Services in at Least Three States. It was not immediately clear how many locations operated by Prospect Medical Holdings were affected but some sites had to cut back services or ... code and develop the technology for these systems ...
art_0146::c0000,146,All about the Bachelor Of Business Information Technology (BBIT) course,2023-09-01 12:32:00,01Synergy,https://www.tuko.co.ke/facts-lifehacks/study/491672-all-bachelor-business-information-technology-bbit-course/,All about the Bachelor Of Business Information Technology (BBIT) course. Most students dream of pursuing the Bachelor Of Business Information Technology (BBIT) course. However some do not know much about this awesome programme. An in-depth look at this course regarding requirements institutions offering it and fees ...,47,All about the Bachelor Of Business Information Technology (BBIT) course. Most students dream of pursuing the Bachelor Of Business Information Technology (BBIT) course. However some do not know much about this awesome programme. An in-depth look at this course regarding requirements institutions offering it and fees ...
art_0147::c0000,147,Culture Biosciences Focuses Technology and Service Platform on Biologics,2023-03-14 12:16:00,01Synergy,https://www.kentuckytoday.com/news/business/culture-biosciences-focuses-technology-and-service-platform-on-biologics/article_fcb1ef67-8946-58d0-880e-dca2726b3473.html,Culture Biosciences Focuses Technology and Service Platform on Biologics. Lack of innovation in upstream bioprocess development plays an important role. Going forward we will focus our know-how technology and services to tackle this problem to help accelerate the development of scalable optimized manufacturing processes for t ...,47,Culture Biosciences Focuses Technology and Service Platform on Biologics. Lack of innovation in upstream bioprocess development plays an important role. Going forward we will focus our know-how technology and services to tackle this problem to help accelerate the development of scalable optimized manufacturing processes for t ...
art_0148::c0000,148,Information Technology (IT) Equipment and Supplies,2023-08-03 00:00:00,01Synergy,https://www.buffalo.edu/administrative-services/managing-procurement/commonly-purchased-goods/information-technology.html,Information Technology (IT) Equipment and Supplies. Contact your information technology support staff for ... Learn more about the pre-approval process for technology accessed via a web browser or vendor hosted cloud services and subscriptions. This includes e-learning platforms online testing ...,41,Information Technology (IT) Equipment and Supplies. Contact your information technology support staff for ... Learn more about the pre-approval process for technology accessed via a web browser or vendor hosted cloud services and subscriptions. This includes e-learning platforms online testing ...
art_0149::c0000,149,Unlock Health Launches Novel Healthcare Technology and Services Platform to Transform How Healthcare Companies Drive Growth,2023-04-21 12:34:00,01Synergy,https://www.tmcnet.com/usubmit/2023/04/21/9799413.htm,Unlock Health Launches Novel Healthcare Technology and Services Platform to Transform How Healthcare Companies Drive Growth. Athyrium invests across all healthcare verticals including biopharma medical devices and products healthcare focused services and healthcare information technology. The team partners with management teams to implement creative financing solutions to ...,48,Unlock Health Launches Novel Healthcare Technology and Services Platform to Transform How Healthcare Companies Drive Growth. Athyrium invests across all healthcare verticals including biopharma medical devices and products healthcare focused services and healthcare information technology. The team partners with management teams to implement creative financing solutions to ...
art_0150::c0000,150,Tech Media & Telecom Roundup: Market Talk,2023-09-01 19:52:00,10Clouds,https://www.wsj.com/business/earnings/tech-media-telecom-roundup-market-talk-b499c47a,Tech Media & Telecom Roundup: Market Talk. Find insight on Inari Amertron Xiaomi and more in the latest Market Talks covering the Tech Media & Telecom sector.,27,Tech Media & Telecom Roundup: Market Talk. Find insight on Inari Amertron Xiaomi and more in the latest Market Talks covering the Tech Media & Telecom sector.
art_0151::c0000,151,Offshore Technology News,2023-03-15 00:00:00,01Synergy,https://www.oedigital.com/technology,Offshore Technology News. Dutch offshore survey firm Fugro and Brazil's national oil company Petrobras have completed what they say is Brazil's first-ever remote subsea inspection survey.Fugro said that the technology trial was carried out with the aim of minimizing risk and ...,42,Offshore Technology News. Dutch offshore survey firm Fugro and Brazil's national oil company Petrobras have completed what they say is Brazil's first-ever remote subsea inspection survey.Fugro said that the technology trial was carried out with the aim of minimizing risk and ...
art_0152::c0000,152,U.S. Looks to Restrict China’s Access to Cloud Computing to Protect Advanced Technology,2023-07-04 04:01:00,01Synergy,https://www.wsj.com/articles/u-s-looks-to-restrict-chinas-access-to-cloud-computing-to-protect-advanced-technology-f771613,U.S. Looks to Restrict China’s Access to Cloud Computing to Protect Advanced Technology. WASHINGTON—The Biden administration is preparing to restrict Chinese companies’ access to U.S. cloud-computing services according to people familiar with the situation in a move that could ...,40,U.S. Looks to Restrict China’s Access to Cloud Computing to Protect Advanced Technology. WASHINGTON—The Biden administration is preparing to restrict Chinese companies’ access to U.S. cloud-computing services according to people familiar with the situation in a move that could ...
art_0153::c0000,153,Information Services Group Inc. (III) Q2 2023 Earnings Call Transcript,2023-08-04 16:57:00,01Synergy,https://seekingalpha.com/article/4624058-information-services-group-inc-iii-q2-2023-earnings-call-transcript,Information Services Group Inc. (III) Q2 2023 Earnings Call Transcript. Good morning and welcome everyone to the Information Services Group Second Quarter Conference Call. This call is being recorded and will be available on ISG''s website within 24 hours.,39,Information Services Group Inc. (III) Q2 2023 Earnings Call Transcript. Good morning and welcome everyone to the Information Services Group Second Quarter Conference Call. This call is being recorded and will be available on ISG''s website within 24 hours.
art_0154::c0000,154,DEWA is the first utility in the world to enrich its services with ChatGPT technology,2023-02-09 11:20:00,01Synergy,https://www.businesswireindia.com/dewa-is-the-first-utility-in-the-world-to-enrich-its-services-with-chatgpt-technology-82997.html,DEWA is the first utility in the world to enrich its services with ChatGPT technology. HE Saeed Mohammed Al Tayer MD & CEO of Dubai Electricity and Water Authority (DEWA) announced that DEWA is working to enrich its services with ChatGPT technology supported by Microsoft.,45,DEWA is the first utility in the world to enrich its services with ChatGPT technology. HE Saeed Mohammed Al Tayer MD & CEO of Dubai Electricity and Water Authority (DEWA) announced that DEWA is working to enrich its services with ChatGPT technology supported by Microsoft.
art_0155::c0000,155,US argues Google wants too much information kept secret in antitrust trial,2023-09-19 03:17:00,01Synergy,https://indianexpress.com/article/technology/tech-news-technology/us-argues-google-wants-too-much-information-kept-secret-in-antitrust-trial-8946121/,US argues Google wants too much information kept secret in antitrust trial. Dahlquist then argued to Judge Amit Mehta who will decide the case that information like the tidbit in the document ... change their rules and keep up with modern technology” she said. Case in point was testimony given early Monday by a Verizon ...,56,US argues Google wants too much information kept secret in antitrust trial. Dahlquist then argued to Judge Amit Mehta who will decide the case that information like the tidbit in the document ... change their rules and keep up with modern technology” she said. Case in point was testimony given early Monday by a Verizon ...
art_0156::c0000,156,SymphonyAI Summit a Leader in ISG's Provider LensTM Evaluation for Enterprise Service Management - Software 2023,2023-03-29 10:32:00,01Synergy,https://www.tmcnet.com/usubmit/-symphonyai-summit-leader-isgs-provider-lenstrade-evaluation-enterprise-/2023/03/29/9785108.htm,SymphonyAI Summit a Leader in ISG's Provider LensTM Evaluation for Enterprise Service Management - Software 2023. ISG (Information Services Group) (Nasdaq: III) is a leading global technology research and advisory firm. A trusted business partner to more than 700 clients including more than 75 of the world''s top 100 enterprises ISG is committed to helping ...,56,SymphonyAI Summit a Leader in ISG's Provider LensTM Evaluation for Enterprise Service Management - Software 2023. ISG (Information Services Group) (Nasdaq: III) is a leading global technology research and advisory firm. A trusted business partner to more than 700 clients including more than 75 of the world''s top 100 enterprises ISG is committed to helping ...
art_0157::c0000,157,Revolutionizing Control Rooms: IHSE USA Showcases Advanced KVM-Tec Solutions,2023-07-20 12:21:00,01Synergy,https://marketscale.com/industries/software-and-technology/revolutionizing-control-rooms-ihse-usa-showcases-advanced-kvm-tec-solutions/,Revolutionizing Control Rooms: IHSE USA Showcases Advanced KVM-Tec Solutions. where we explore workflow effectiveness through optimized information sharing and collaboration across robust real-time distribution technology.,25,Revolutionizing Control Rooms: IHSE USA Showcases Advanced KVM-Tec Solutions. where we explore workflow effectiveness through optimized information sharing and collaboration across robust real-time distribution technology.
art_0158::c0000,158,Dynamics TMS® Now AppSource Certified for Microsoft Dynamics 365 Finance and Operations,2022-12-14 22:01:00,01Synergy,https://apnews.com/article/technology-business-99795ddc39ed4fafbc05c514cf446e42,Dynamics TMS® Now AppSource Certified for Microsoft Dynamics 365 Finance and Operations. Dynamics 365 F&O is a complete Tier-1 integrated enterprise transportation management suite for companies with Microsoft Dynamics F&O ERP. “We are very pleased to enhance our partnership and investment with Microsoft providing affordable Tier-1 Transportation Management Solutions for our mutual ERP customers as they scale their business.,59,Dynamics TMS® Now AppSource Certified for Microsoft Dynamics 365 Finance and Operations. Dynamics 365 F&O is a complete Tier-1 integrated enterprise transportation management suite for companies with Microsoft Dynamics F&O ERP. “We are very pleased to enhance our partnership and investment with Microsoft providing affordable Tier-1 Transportation Management Solutions for our mutual ERP customers as they scale their business.
art_0159::c0000,159,The Worldwide System Integrator for Industrial Automation Industry is Expected to Reach $35.5 Billion by 2027,2022-12-14 11:33:00,01Synergy,https://www.yahoo.com/now/worldwide-system-integrator-industrial-automation-113300681.html,"The Worldwide System Integrator for Industrial Automation Industry is Expected to Reach $35.5 Billion by 2027. The '""Global System Integrator Market for Industrial Automation by Service Outlook Technology (HMI SCADA MES IIoT PAM DCS PLC Machine Vision Industrial Robotics Industrial PC) Industry and Region (North America",46,"The Worldwide System Integrator for Industrial Automation Industry is Expected to Reach $35.5 Billion by 2027. The '""Global System Integrator Market for Industrial Automation by Service Outlook Technology (HMI SCADA MES IIoT PAM DCS PLC Machine Vision Industrial Robotics Industrial PC) Industry and Region (North America"
art_0160::c0000,160,L&T Technology Services and Qualcomm Selected by Thales for Enabling 5G Private Networks in Urban Railways,2023-02-23 10:51:00,01Synergy,https://www.joplinglobe.com/region/national_business/l-t-technology-services-and-qualcomm-selected-by-thales-for-enabling-5g-private-networks-in/article_a791d1aa-f05a-52e5-a912-01d31827740b.html,L&T Technology Services and Qualcomm Selected by Thales for Enabling 5G Private Networks in Urban Railways. L&T Technology Services Limited (BSE ... sales offices and 91 innovation labs as of December 31 2022. For more information please visit www.LTTS.com Thales (Euronext Paris: HO) is a global ...,47,L&T Technology Services and Qualcomm Selected by Thales for Enabling 5G Private Networks in Urban Railways. L&T Technology Services Limited (BSE ... sales offices and 91 innovation labs as of December 31 2022. For more information please visit www.LTTS.com Thales (Euronext Paris: HO) is a global ...
art_0161::c0000,161,IT for financial services,2023-09-07 00:00:00,01Synergy,https://www.computerweekly.com/resources/IT-for-financial-services,IT for financial services. It’s not just enterprises that changed their operating models during and after Covid but also the suppliers that took them on the journey HCLTech Europe’s head explains Continue Reading,33,IT for financial services. It’s not just enterprises that changed their operating models during and after Covid but also the suppliers that took them on the journey HCLTech Europe’s head explains Continue Reading
art_0162::c0000,162,LG Innotek to come forward as the 'Total Solution Provider for future cars' in 'CES 2023',2022-12-19 10:23:00,01Synergy,https://www.tmcnet.com/usubmit/2022/12/19/9732468.htm,LG Innotek to come forward as the 'Total Solution Provider for future cars' in 'CES 2023'. LG Innotek had participated in CES in the form of private exhibition that only invited clients to introduce products. It is the first time to participate in the exhibition for the public by running a booth.,52,LG Innotek to come forward as the 'Total Solution Provider for future cars' in 'CES 2023'. LG Innotek had participated in CES in the form of private exhibition that only invited clients to introduce products. It is the first time to participate in the exhibition for the public by running a booth.
art_0163::c0000,163,Converge Technology Solutions Corp. Announces Houlihan Lokey Capital Inc and Canaccord Genuity Corp as Co-financial Advisors,2022-12-12 13:35:00,01Synergy,https://markets.businessinsider.com/news/stocks/converge-technology-solutions-corp-announces-houlihan-lokey-capital-inc-and-canaccord-genuity-corp-as-co-financial-advisors-1031965173,Converge Technology Solutions Corp. Announces Houlihan Lokey Capital Inc and Canaccord Genuity Corp as Co-financial Advisors. About Converge Converge Technology Solutions Corp. is a software-enabled IT & Cloud Solutions provider focused on delivering industry-leading solutions and services. Converge's global solution ...,41,Converge Technology Solutions Corp. Announces Houlihan Lokey Capital Inc and Canaccord Genuity Corp as Co-financial Advisors. About Converge Converge Technology Solutions Corp. is a software-enabled IT & Cloud Solutions provider focused on delivering industry-leading solutions and services. Converge's global solution ...
art_0164::c0000,164,L&T Technology Services and Qualcomm Selected by Thales for Enabling 5G Private Networks in Urban Railways,2023-02-23 11:30:00,01Synergy,https://www.businesswireindia.com/lt-technology-services-and-qualcomm-selected-by-thales-for-enabling-5g-private-networks-in-urban-railways-83167.html,L&T Technology Services and Qualcomm Selected by Thales for Enabling 5G Private Networks in Urban Railways. Bengaluru Karnataka India: L&T Technology Services Limited (BSE ... 2022. For more information please visit www.LTTS.com Thales (Euronext Paris: HO) is a global leader in advanced technologies ...,44,L&T Technology Services and Qualcomm Selected by Thales for Enabling 5G Private Networks in Urban Railways. Bengaluru Karnataka India: L&T Technology Services Limited (BSE ... 2022. For more information please visit www.LTTS.com Thales (Euronext Paris: HO) is a global leader in advanced technologies ...
art_0165::c0000,165,Start Campus Announces Partnership with Colt Technology Services,2023-09-26 12:52:00,01Synergy,https://www.businesswire.com/news/home/20230926616469/en/Start-Campus-Announces-Partnership-with-Colt-Technology-Services,Start Campus Announces Partnership with Colt Technology Services. It will be one of Europe’s largest data center campuses responding to the large international technology companies'' growing demand. For more information about Colt visit www.colt.net For more ...,37,Start Campus Announces Partnership with Colt Technology Services. It will be one of Europe’s largest data center campuses responding to the large international technology companies'' growing demand. For more information about Colt visit www.colt.net For more ...
art_0166::c0000,166,Apogee Acquires Cumulus Technology Services,2022-12-16 22:14:00,01Synergy,https://www.govtech.com/education/higher-ed/apogee-acquires-cumulus-technology-services,Apogee Acquires Cumulus Technology Services. The higher ed technology services company Apogee has acquired Cumulus Technology Services Inc. intending to build out its portfolio of cloud services to serve customers shifting away from on-prem ...,35,Apogee Acquires Cumulus Technology Services. The higher ed technology services company Apogee has acquired Cumulus Technology Services Inc. intending to build out its portfolio of cloud services to serve customers shifting away from on-prem ...
art_0167::c0000,167,General Information Technology,2023-07-21 02:20:00,01Synergy,https://www.capella.edu/online-degrees/masters-information-technology/,General Information Technology. You can develop the skills to redefine your IT career with the online MS in Information Technology General Information Technology at Capella. Choose courses that align with your goals in the field of IT including: analytics cybersecurity project ...,42,General Information Technology. You can develop the skills to redefine your IT career with the online MS in Information Technology General Information Technology at Capella. Choose courses that align with your goals in the field of IT including: analytics cybersecurity project ...
art_0168::c0000,168,Wilmington startup raises millions to grow its Web3 platform,2023-08-25 14:19:00,01Synergy,https://www.bizjournals.com/triangle/inno/stories/fundings/2023/08/25/web3-startup-raleon-raises-nearly-four-million.html,Wilmington startup raises millions to grow its Web3 platform. A web3 company founded by a team of former nCino (Nasdaq: NCNO) technologists has raised $3.8 million. Nathan Snell co-founder and CEO of Wilmington-based Raleon said the six-person team will be hiring as it builds out its platform. The success of the ...,52,Wilmington startup raises millions to grow its Web3 platform. A web3 company founded by a team of former nCino (Nasdaq: NCNO) technologists has raised $3.8 million. Nathan Snell co-founder and CEO of Wilmington-based Raleon said the six-person team will be hiring as it builds out its platform. The success of the ...
art_0169::c0000,169,Industrial Services Market Size Information Technology and Competitive Landscape,2023-09-28 10:58:00,01Synergy,https://www.linkedin.com/pulse/industrial-services-market-size-information-technology,Industrial Services Market Size Information Technology and Competitive Landscape. The bulk of the key insights in this study are based on in-depth information gleaned from primary and secondary data collection data. The Global Industrial Services Market can be segmented based ...,41,Industrial Services Market Size Information Technology and Competitive Landscape. The bulk of the key insights in this study are based on in-depth information gleaned from primary and secondary data collection data. The Global Industrial Services Market can be segmented based ...
art_0170::c0000,170,DBusiness Daily Update: Hollywood Casino at Greektown to Open Market Express with Amazon Technology and More,2022-12-15 02:59:00,01Synergy,https://www.dbusiness.com/daily-news/dbusiness-daily-update-hollywood-casino-at-greektown-to-open-market-express-with-amazon-technology-and-more/,DBusiness Daily Update: Hollywood Casino at Greektown to Open Market Express with Amazon Technology and More. Market Express in Hollywood Casino at Greektown is a new grab-and-go market powered by Amazon’s Just Walk Out technology and Amazon One ... have increased their use of online banking services via computers or tablets and 40 percent used more mobile ...,58,DBusiness Daily Update: Hollywood Casino at Greektown to Open Market Express with Amazon Technology and More. Market Express in Hollywood Casino at Greektown is a new grab-and-go market powered by Amazon’s Just Walk Out technology and Amazon One ... have increased their use of online banking services via computers or tablets and 40 percent used more mobile ...
art_0171::c0000,171,Keysight and Synopsys Partner for IoT Device Cybersecurity,2023-09-21 16:15:00,01Synergy,https://www.tmcnet.com/usubmit/2023/09/21/9885803.htm,Keysight and Synopsys Partner for IoT Device Cybersecurity. The global IoT device market is experiencing notable growth due to the rise in adoption of IoT devices and is projected to reach a market value of $413.7 billion by 2031. According to Palo Alto Networks IoT Threat Report,47,Keysight and Synopsys Partner for IoT Device Cybersecurity. The global IoT device market is experiencing notable growth due to the rise in adoption of IoT devices and is projected to reach a market value of $413.7 billion by 2031. According to Palo Alto Networks IoT Threat Report
art_0172::c0000,172,Broadband services development: Monetising underutilised assets of power companies,2023-04-17 09:54:00,01Synergy,https://www.power-technology.com/sponsored/broadband-services-development-monetising-underutilised-assets-of-power-companies/,Broadband services development: Monetising underutilised assets of power companies. These companies can capitalise on these assets and generate new revenue streams by building and developing broadband services. By Fi Forrest The impact of broadband coverage on the economy is a subject of growing interest. A recent study for the World Bank ...,52,Broadband services development: Monetising underutilised assets of power companies. These companies can capitalise on these assets and generate new revenue streams by building and developing broadband services. By Fi Forrest The impact of broadband coverage on the economy is a subject of growing interest. A recent study for the World Bank ...
art_0173::c0000,173,Human Services Technology: Mental Health AAS,2023-07-08 06:02:00,01Synergy,https://www.waketech.edu/programs-courses/credit/credit-programs/human-services-technology/degrees-programs/a4538c,Human Services Technology: Mental Health AAS. The Human Services Technology/Mental Health concentration prepares students for job opportunities in the mental health field. The curriculum enables students to understand culturally and emotionally handicapped developmentally disabled or addicted clients ...,38,Human Services Technology: Mental Health AAS. The Human Services Technology/Mental Health concentration prepares students for job opportunities in the mental health field. The curriculum enables students to understand culturally and emotionally handicapped developmentally disabled or addicted clients ...
art_0174::c0000,174,Client Needs Drive Service Expansion ALC Survey Finds,2023-10-09 08:31:00,01Synergy,https://slator.com/client-needs-drive-service-expansion-alc-survey-finds/,Client Needs Drive Service Expansion ALC Survey Finds. The 2023 ALC Industry Survey ran from August to September 2023 collecting responses from 85 small and medium-sized LSPs in the US and globally on a broad range of industry topics — from growth and business strategies technology and supply chains to pricing salaries and recruitment.,54,Client Needs Drive Service Expansion ALC Survey Finds. The 2023 ALC Industry Survey ran from August to September 2023 collecting responses from 85 small and medium-sized LSPs in the US and globally on a broad range of industry topics — from growth and business strategies technology and supply chains to pricing salaries and recruitment.
art_0175::c0000,175,o9 Solutions Announces Hyderabad Office and Strategic Partnership With Telangana Government to Develop World-Class Supply Chain Talent,2023-08-27 00:11:00,01Synergy,https://www.businesswire.com/news/home/20230826511370/en/,o9 Solutions Announces Hyderabad Office and Strategic Partnership With Telangana Government to Develop World-Class Supply Chain Talent. Solutions a leading AI powered software platform used by global manufacturers and retailers to plan their supply chains today announced that it w,40,o9 Solutions Announces Hyderabad Office and Strategic Partnership With Telangana Government to Develop World-Class Supply Chain Talent. Solutions a leading AI powered software platform used by global manufacturers and retailers to plan their supply chains today announced that it w
art_0176::c0000,176,Computing and Information Technologies,2023-08-13 23:59:00,01Synergy,https://www.rit.edu/study/computing-and-information-technologies-bs,Computing and Information Technologies. RIT’s computing and information technology degree teaches you complex computing systems and how to become well-versed in their management. Information technology is found in every aspect of our lives—the workplace our homes the way we communicate ...,41,Computing and Information Technologies. RIT’s computing and information technology degree teaches you complex computing systems and how to become well-versed in their management. Information technology is found in every aspect of our lives—the workplace our homes the way we communicate ...
art_0177::c0000,177,Shipsy Completes Stockone Acquisition and Expands Product Portfolio for Holistic Fulfillment and Logistics Management,2023-10-26 23:59:00,01Synergy,https://www.newswit.com/en/ifj7eje4ehi8f1mta3o5q3nbk5h8y9l4,Shipsy Completes Stockone Acquisition and Expands Product Portfolio for Holistic Fulfillment and Logistics Management. This strategic acquisition reinforces Shipsy's commitment to providing a comprehensive end-to-end logistics technology platform for enterprise customers across diverse industries. The extended product suite will offer a holistic logistics management ...,45,Shipsy Completes Stockone Acquisition and Expands Product Portfolio for Holistic Fulfillment and Logistics Management. This strategic acquisition reinforces Shipsy's commitment to providing a comprehensive end-to-end logistics technology platform for enterprise customers across diverse industries. The extended product suite will offer a holistic logistics management ...
art_0178::c0000,178,Youtility UK Fintech Switching Platform Acquired by Squeeze an American Price Comparison Service to Help UK Consumers With Cost of Living Crisis,2023-10-26 12:40:00,01Synergy,https://www.benzinga.com/pressreleases/23/10/b35445882/youtility-uk-fintech-switching-platform-acquired-by-squeeze-an-american-price-comparison-service-t,Youtility UK Fintech Switching Platform Acquired by Squeeze an American Price Comparison Service to Help UK Consumers With Cost of Living Crisis. Youtility''s a service that integrates switching services into bank and fintech applications enabling ... Squeeze''s data analytics and B2C experience with Youtility unique technology allowing switching to be integrated by banks into their Apps.,56,Youtility UK Fintech Switching Platform Acquired by Squeeze an American Price Comparison Service to Help UK Consumers With Cost of Living Crisis. Youtility''s a service that integrates switching services into bank and fintech applications enabling ... Squeeze''s data analytics and B2C experience with Youtility unique technology allowing switching to be integrated by banks into their Apps.
art_0179::c0000,179,Community equipment assistive technology and adaptation services,2023-04-03 09:43:00,01Synergy,https://www.staffordshire.gov.uk/Advice-support-and-care-for-adults/Information-for-providers/Market-Position-Statements/All-adults/Community-equipment-assistive-technology-and-adaptation-services.aspx,Community equipment assistive technology and adaptation services. Within the council we are supporting people to find out more about telecare and assistive technology and have access to the information they need to purchase telecare services and equipment that meets their needs by: bringing them into the mainstream ...,48,Community equipment assistive technology and adaptation services. Within the council we are supporting people to find out more about telecare and assistive technology and have access to the information they need to purchase telecare services and equipment that meets their needs by: bringing them into the mainstream ...
art_0180::c0000,180,What are the emerging trends and innovations in LEO SATCOM technology and services?,2023-04-03 01:04:00,01Synergy,https://www.linkedin.com/advice/3/what-emerging-trends-innovations-leo,What are the emerging trends and innovations in LEO SATCOM technology and services?. Learn from the community’s knowledge. Experts are adding insights into this AI-powered collaborative article and you could too. This is a new type of article that we started with the help of AI ...,47,What are the emerging trends and innovations in LEO SATCOM technology and services?. Learn from the community’s knowledge. Experts are adding insights into this AI-powered collaborative article and you could too. This is a new type of article that we started with the help of AI ...
art_0181::c0000,181,A logistics startup is shutting down. The company blames its founder,2023-10-27 20:21:00,01Synergy,https://www.bizjournals.com/sanfrancisco/inno/stories/news/2023/10/27/logistics-startup-slync-christopher-kirchner.html,A logistics startup is shutting down. The company blames its founder. Logistics startup Slync is shutting down and pointing the finger at co-founder and former CEO Christopher Kirchner. He calls that a 'deliberate smear campaign.',35,A logistics startup is shutting down. The company blames its founder. Logistics startup Slync is shutting down and pointing the finger at co-founder and former CEO Christopher Kirchner. He calls that a 'deliberate smear campaign.'
art_0182::c0000,182,Launch of new sustainable technology products and services agreement,2023-10-12 00:00:00,01Synergy,https://www.openaccessgovernment.org/launch-of-new-sustainable-technology-products-and-services-agreement/168089/,Launch of new sustainable technology products and services agreement. The Crown Commercial Service (CCS) has recently granted a comprehensive agreement contract for technology-related products and services which includes a specialised category for acquiring and overseeing IT resources with a greater emphasis on sustainability.,43,Launch of new sustainable technology products and services agreement. The Crown Commercial Service (CCS) has recently granted a comprehensive agreement contract for technology-related products and services which includes a specialised category for acquiring and overseeing IT resources with a greater emphasis on sustainability.
art_0183::c0000,183,Technology & Innovation,2023-10-14 00:00:00,01Synergy,https://www.hbs.edu/faculty/topics/Pages/technology-and-innovation.aspx,Technology & Innovation. General Electric for example was at risk of losing many of its top customers to nontraditional competitors—IBM and SAP on the one hand big data start-ups on the other—offering data-intensive analytics-based services that could connect to any ...,41,Technology & Innovation. General Electric for example was at risk of losing many of its top customers to nontraditional competitors—IBM and SAP on the one hand big data start-ups on the other—offering data-intensive analytics-based services that could connect to any ...
art_0184::c0000,184,AI gains momentum in core financial services functions,2023-07-13 23:30:00,01Synergy,https://www.technologyreview.com/2023/06/28/1075552/ai-gains-momentum-in-core-financial-services-functions/,AI gains momentum in core financial services functions. Financial services and banking see AI as an opportunity ... This content was produced by Insights the custom content arm of MIT Technology Review. It was not written by MIT Technology Review ...,41,AI gains momentum in core financial services functions. Financial services and banking see AI as an opportunity ... This content was produced by Insights the custom content arm of MIT Technology Review. It was not written by MIT Technology Review ...
art_0185::c0000,185,Best VoIP Services (April 2023),2023-04-03 11:24:00,01Synergy,https://www.forbes.com/advisor/business/software/best-voip-service/,Best VoIP Services (April 2023). Editorial Note: We earn a commission from partner links on Forbes Advisor. Commissions do not affect our editors' opinions or evaluations. As technology advances and companies adapt to ever ...,35,Best VoIP Services (April 2023). Editorial Note: We earn a commission from partner links on Forbes Advisor. Commissions do not affect our editors' opinions or evaluations. As technology advances and companies adapt to ever ...
art_0186::c0000,186,Sensormatic Solutions by Johnson Controls shares 2022 U.S. Super Saturday shopper traffic insights,2022-12-19 18:34:00,01Synergy,https://www.benzinga.com/pressreleases/22/12/b30134057/sensormatic-solutions-by-johnson-controls-shares-2022-u-s-super-saturday-shopper-traffic-insights,Sensormatic Solutions by Johnson Controls shares 2022 U.S. Super Saturday shopper traffic insights. Shopper traffic data indicates that visits to physical stores on Super Saturday (Dec. 17) were up 17% from the previous Saturday (Dec. 10) Compared to Super Saturday 2021 shopper traffic was up 0.2%,46,Sensormatic Solutions by Johnson Controls shares 2022 U.S. Super Saturday shopper traffic insights. Shopper traffic data indicates that visits to physical stores on Super Saturday (Dec. 17) were up 17% from the previous Saturday (Dec. 10) Compared to Super Saturday 2021 shopper traffic was up 0.2%
art_0187::c0000,187,Why So Many Streaming Services Are Struggling,2023-10-12 16:01:00,01Synergy,https://www.theinformation.com/articles/why-so-many-streaming-services-are-struggling,Why So Many Streaming Services Are Struggling. Desperate to stem losses from streaming and pay down billions in debt media companies including Warner Bros. Discovery are raising prices. That’s in part because they’ve been focused almost exclusively on their content libraries. Instead they must ...,45,Why So Many Streaming Services Are Struggling. Desperate to stem losses from streaming and pay down billions in debt media companies including Warner Bros. Discovery are raising prices. That’s in part because they’ve been focused almost exclusively on their content libraries. Instead they must ...
art_0188::c0000,188,L&T Technology Services Ltd,2023-09-06 00:00:00,01Synergy,https://www.business-standard.com/company/lt-technology-44814.html,L&T Technology Services Ltd. L&T Technology Services Limited (LTTS) is a leading global pure-play Engineering Research and Development (ER&D) services provider. The Company delivers consultancy design development and testing services across the product and process development life cycle.,38,L&T Technology Services Ltd. L&T Technology Services Limited (LTTS) is a leading global pure-play Engineering Research and Development (ER&D) services provider. The Company delivers consultancy design development and testing services across the product and process development life cycle.
art_0189::c0000,189,The Impact Of Technology On Medical Billing Services,2023-04-14 17:52:00,01Synergy,https://www.linkedin.com/pulse/impact-technology-medical-billing-services/,The Impact Of Technology On Medical Billing Services. Let’s discuss the impact of technology on medical billing services. As more and more ... medical providers require a significant amount of information and backend support. Medical billing ...,37,The Impact Of Technology On Medical Billing Services. Let’s discuss the impact of technology on medical billing services. As more and more ... medical providers require a significant amount of information and backend support. Medical billing ...
art_0190::c0000,190,Modernizing Digital Health Technology and Services,2022-12-13 09:48:00,01Synergy,https://www.inc.com/brandedcontent/modernizing-digital-health-technology-and-services.html,Modernizing Digital Health Technology and Services. the digital health technology and services company that developed Addison--an innovative 3D-animated digital caregiver. Clients can choose from eight avatars to customize the display. Addison is ...,33,Modernizing Digital Health Technology and Services. the digital health technology and services company that developed Addison--an innovative 3D-animated digital caregiver. Clients can choose from eight avatars to customize the display. Addison is ...
art_0191::c0000,191,Thursday Sector Laggards: Technology & Communications Services,2023-07-20 18:54:00,01Synergy,https://www.nasdaq.com/articles/thursday-sector-laggards:-technology-communications-services-2,Thursday Sector Laggards: Technology & Communications Services. In afternoon trading on Thursday Technology & Communications stocks ... BNK Invest Inc. provides investment services and information. BNK Invest owns and operates a market news family of websites ...,37,Thursday Sector Laggards: Technology & Communications Services. In afternoon trading on Thursday Technology & Communications stocks ... BNK Invest Inc. provides investment services and information. BNK Invest owns and operates a market news family of websites ...
art_0192::c0000,192,Altitude Angel and Saab to partner on Digital Tower technology,2022-12-06 09:16:00,01Synergy,https://www.suasnews.com/2022/12/altitude-angel-and-saab-to-partner-on-digital-tower-technology/,Altitude Angel and Saab to partner on Digital Tower technology. to quickly integrate robust data and services with minimum effort. Today Altitude Angel’s market-defining technology is providing a critical enabling service on which the future of UTM will be built across the globe. Altitude Angel is leading a ...,49,Altitude Angel and Saab to partner on Digital Tower technology. to quickly integrate robust data and services with minimum effort. Today Altitude Angel’s market-defining technology is providing a critical enabling service on which the future of UTM will be built across the globe. Altitude Angel is leading a ...
art_0193::c0000,193,Synchrony (SYF) Solidifies Ties Offers Perks for TCS Clients,2023-06-09 19:00:00,01Synergy,https://www.msn.com/en-us/money/personalfinance/synchrony-syf-solidifies-ties-offers-perks-for-tcs-clients/ar-AA1clUFO,Synchrony (SYF) Solidifies Ties Offers Perks for TCS Clients. Synchrony Financial SYF recently extended its consumer financing partnership with the renowned U.S. specialty retailer of organizing solutions custom spaces and in-home services ... Horizon Technology Finance’s earnings outpaced estimates in each ...,42,Synchrony (SYF) Solidifies Ties Offers Perks for TCS Clients. Synchrony Financial SYF recently extended its consumer financing partnership with the renowned U.S. specialty retailer of organizing solutions custom spaces and in-home services ... Horizon Technology Finance’s earnings outpaced estimates in each ...
art_0194::c0000,194,Technology: The cornerstone of financial services reform,2023-05-27 21:53:00,01Synergy,https://timesofmalta.com/articles/view/technology-cornerstone-financial-services-reform-a2.1033875,Technology: The cornerstone of financial services reform. The financial services industry of today relies heavily on technology. It not only serves as the foundation for traditional operations but also paves the way for the creation of innovative ...,38,Technology: The cornerstone of financial services reform. The financial services industry of today relies heavily on technology. It not only serves as the foundation for traditional operations but also paves the way for the creation of innovative ...
art_0195::c0000,195,Syxsense Launches Conference to Explore Intersections of Emerging Technology Security and Management Industry and Elevate Customer Perspectives,2023-06-06 12:14:00,01Synergy,https://technews.tmcnet.com/news/2023/06/06/9827008.htm,Syxsense Launches Conference to Explore Intersections of Emerging Technology Security and Management Industry and Elevate Customer Perspectives. Syxsense a global leader in Unified Security and Endpoint Management (USEM) solutions today announced their first technology security and management conference named Synergy. The virtual event is open to the public,48,Syxsense Launches Conference to Explore Intersections of Emerging Technology Security and Management Industry and Elevate Customer Perspectives. Syxsense a global leader in Unified Security and Endpoint Management (USEM) solutions today announced their first technology security and management conference named Synergy. The virtual event is open to the public
art_0196::c0000,196,Pavion Acquires K&J Integrated Systems,2023-07-18 15:02:00,01Synergy,https://technews.tmcnet.com/news/2023/07/18/9850160.htm,Pavion Acquires K&J Integrated Systems. About K&J Integrated Systems K&J Integrated Systems specializes in commercial low voltage integration services ensuring your systems are customized to drive synergies efficiencies and cost savings. K&J supports customers across multiple industry verticals in the Northeast Region of the U.S. Learn more at www.kjisystems.com .,50,Pavion Acquires K&J Integrated Systems. About K&J Integrated Systems K&J Integrated Systems specializes in commercial low voltage integration services ensuring your systems are customized to drive synergies efficiencies and cost savings. K&J supports customers across multiple industry verticals in the Northeast Region of the U.S. Learn more at www.kjisystems.com .
art_0197::c0000,197,ServiceM8 initiative hits $1 million of iPhones for tradies,2023-04-16 22:49:00,01Synergy,https://www.benzinga.com/pressreleases/23/04/n31822008/servicem8-initiative-hits-1-million-of-iphones-for-tradies,ServiceM8 initiative hits $1 million of iPhones for tradies. ServiceM8 the job management app for trade contractors & service businesses today celebrates the milestone of $1 million in iPhones for small businesses,32,ServiceM8 initiative hits $1 million of iPhones for tradies. ServiceM8 the job management app for trade contractors & service businesses today celebrates the milestone of $1 million in iPhones for small businesses
art_0198::c0000,198,Sensient Announces Conference Call,2023-04-15 00:05:00,01Synergy,https://www.businesswire.com/news/home/20230412005734/en/Sensient-Announces-Conference-Call/,Sensient Announces Conference Call. Sensient Technologies Corporation (NYSE: SXT) will hold its conference call to discuss 2023 first quarter results at 8:30 a.m. CDT on Friday April 28,28,Sensient Announces Conference Call. Sensient Technologies Corporation (NYSE: SXT) will hold its conference call to discuss 2023 first quarter results at 8:30 a.m. CDT on Friday April 28
art_0199::c0000,199,Assistant Professor / Associate Professor / Professor Information Technology and Engineering,2023-04-03 00:00:00,01Synergy,https://www.timeshighereducation.com/unijobs/listing/335295/assistant-professor-associate-professor-professor-information-technology-and-engineering/,Assistant Professor / Associate Professor / Professor Information Technology and Engineering. Apply(This will open in a new window from which you will be automatically redirected to an external site after 5 seconds),32,Assistant Professor / Associate Professor / Professor Information Technology and Engineering. Apply(This will open in a new window from which you will be automatically redirected to an external site after 5 seconds)
art_0200::c0000,200,Tech Media & Telecom Roundup: Market Talk,2023-05-31 12:26:00,10Clouds,https://www.wsj.com/articles/tech-media-telecom-roundup-market-talk-c9ab226f,Tech Media & Telecom Roundup: Market Talk. The latest Market Talks covering Technology Media and Telecom. Published exclusively on Dow Jones Newswires at 4:20 ET 12:20 ET and 16:50 ET.,30,Tech Media & Telecom Roundup: Market Talk. The latest Market Talks covering Technology Media and Telecom. Published exclusively on Dow Jones Newswires at 4:20 ET 12:20 ET and 16:50 ET.
art_0201::c0000,201,Behold A National Centre To Share Data And Services For Nigeria’s Digital Economy,2022-12-28 03:07:00,01Synergy,https://leadership.ng/behold-a-national-centre-to-share-data-and-services-for-nigerias-digital-economy/,Behold A National Centre To Share Data And Services For Nigeria’s Digital Economy. He said the NSSC will provide services that are “swift secure and seamless’’. He added that the information communication and technology sector (ICT) had accelerated the diversification ...,41,Behold A National Centre To Share Data And Services For Nigeria’s Digital Economy. He said the NSSC will provide services that are “swift secure and seamless’’. He added that the information communication and technology sector (ICT) had accelerated the diversification ...
art_0202::c0000,202,Kansas City''s Pepper Denver-based Notion combine to grow in InsurTech IoT sectors,2022-12-23 18:59:00,01Synergy,https://www.bizjournals.com/kansascity/news/2022/12/23/pepper-iot-notion-denver-acquisition-2022.html,Kansas City''s Pepper Denver-based Notion combine to grow in InsurTech IoT sectors. A #KansasCity tech company has combined with #Denver-based Notion to become a leader in IoT and smart home services.,31,Kansas City''s Pepper Denver-based Notion combine to grow in InsurTech IoT sectors. A #KansasCity tech company has combined with #Denver-based Notion to become a leader in IoT and smart home services.
art_0203::c0000,203,Technology: Preventing scams and fraud this holiday season,2022-12-15 04:59:00,01Synergy,https://www.duncanbanner.com/community/technology-preventing-scams-and-fraud-this-holiday-season/article_d8853ae2-7c00-11ed-9c53-cf20073bc7e7.html,Technology: Preventing scams and fraud this holiday season. “The more that we can get this information out there the better” Kerskie recently told T-Mobile Stories “Unfortunately when it comes to technology ... In the case of T-Mobile''s Scam Shield services include enhanced caller ID scam ID and blocking ...,49,Technology: Preventing scams and fraud this holiday season. “The more that we can get this information out there the better” Kerskie recently told T-Mobile Stories “Unfortunately when it comes to technology ... In the case of T-Mobile''s Scam Shield services include enhanced caller ID scam ID and blocking ...
art_0204::c0000,204,Smart device users warned as technology takes and sends personal information,2023-09-06 23:01:00,01Synergy,https://www.express.co.uk/news/world/1810038/smart-device-technology-information-meta,Smart device users warned as technology takes and sends personal information. “We are thoughtful and transparent about the information needed to develop provide and improve the products and services that we offer our customers allowing us to deliver a more personalized ...,42,Smart device users warned as technology takes and sends personal information. “We are thoughtful and transparent about the information needed to develop provide and improve the products and services that we offer our customers allowing us to deliver a more personalized ...
art_0205::c0000,205,L&T Technology Services Selected as Strategic Engineering Partner to Airbus for Advanced Capabilities and Digital Manufacturing Services,2023-01-20 12:42:00,01Synergy,https://finance.yahoo.com/news/l-t-technology-services-selected-115700946.html,L&T Technology Services Selected as Strategic Engineering Partner to Airbus for Advanced Capabilities and Digital Manufacturing Services. BENGALURU India January 19 2023--(BUSINESS WIRE)--L&T Technology Services Limited (BSE ... 2022. For more information please visit www.LTTS.com,35,L&T Technology Services Selected as Strategic Engineering Partner to Airbus for Advanced Capabilities and Digital Manufacturing Services. BENGALURU India January 19 2023--(BUSINESS WIRE)--L&T Technology Services Limited (BSE ... 2022. For more information please visit www.LTTS.com
art_0206::c0000,206,Top 10 technology and ethics stories of 2022,2022-12-29 09:00:00,01Synergy,https://www.computerweekly.com/news/252528401/Top-10-technology-and-ethics-stories-of-2022,Top 10 technology and ethics stories of 2022. when use of the technology was paused as a result of the pandemic. While roughly 144366 people’s biometric information has been scanned over the course of these deployments only eight were ...,40,Top 10 technology and ethics stories of 2022. when use of the technology was paused as a result of the pandemic. While roughly 144366 people’s biometric information has been scanned over the course of these deployments only eight were ...
art_0207::c0000,207,Welcome to the Information Systems & Technology website,2023-09-08 00:00:00,01Synergy,https://uwaterloo.ca/information-systems-technology/,Welcome to the Information Systems & Technology website. SAS software available to faculty and staff via the IST Webstore Migrating R: drive content to SharePoint Online and/or Teams Proposed campus telephony service and pricing change,35,Welcome to the Information Systems & Technology website. SAS software available to faculty and staff via the IST Webstore Migrating R: drive content to SharePoint Online and/or Teams Proposed campus telephony service and pricing change
art_0208::c0000,208,Conduent Features Global Medical Information Services at DIA Medical Affairs and Scientific Communications Conference,2023-04-13 15:34:00,01Synergy,https://finance.yahoo.com/news/conduent-features-global-medical-information-124500226.html,Conduent Features Global Medical Information Services at DIA Medical Affairs and Scientific Communications Conference. CNDT) a global technology-led business solutions and services company will showcase its Global Medical Information Services at the DIA Medical Affairs and Scientific Communications Forum ...,40,Conduent Features Global Medical Information Services at DIA Medical Affairs and Scientific Communications Conference. CNDT) a global technology-led business solutions and services company will showcase its Global Medical Information Services at the DIA Medical Affairs and Scientific Communications Forum ...
art_0209::c0000,209,Synechron and VisionGroup Partner to Leverage dataSense,2023-07-12 08:11:00,01Synergy,https://www.benzinga.com/pressreleases/23/07/n33193613/synechron-and-visiongroup-partner-to-leverage-datasense,Synechron and VisionGroup Partner to Leverage dataSense. Enhanced Data Management Tool for Upcoming Accelerator program NEW YORK and LONDON and PUNE India /PRNewswire/ -- Synechron a leading global digital transformation consulting firm today announced,34,Synechron and VisionGroup Partner to Leverage dataSense. Enhanced Data Management Tool for Upcoming Accelerator program NEW YORK and LONDON and PUNE India /PRNewswire/ -- Synechron a leading global digital transformation consulting firm today announced
art_0210::c0000,210,Information Technology Outlook feat. Hawaiian Telcom,2023-01-27 15:22:00,01Synergy,https://www.hawaiibusiness.com/industry-outlook-information-technology/,Information Technology Outlook feat. Hawaiian Telcom. With our expanded range of services and ... our customers’ IT and technology needs so that they can focus on running their businesses. Mahalo to this year's Industry Outlook partners for providing our readers with useful information in their respective ...,47,Information Technology Outlook feat. Hawaiian Telcom. With our expanded range of services and ... our customers’ IT and technology needs so that they can focus on running their businesses. Mahalo to this year's Industry Outlook partners for providing our readers with useful information in their respective ...
art_0211::c0000,211,Ceinsys Tech Ltd: A specialized GIS & Mobility engineering services provider celebrates 25 Years of Enhancing Possibilities; eyes global expansion,2023-07-10 13:52:00,01Synergy,https://technews.tmcnet.com/news/2023/07/10/9845172.htm,Ceinsys Tech Ltd: A specialized GIS & Mobility engineering services provider celebrates 25 Years of Enhancing Possibilities; eyes global expansion. NAGPUR India July 10 2023 /PRNewswire/ -- On July 8th Ceinsys Tech Ltd (a company listed on the Bombay Stock Exchange) and an integral part of the prestigious conglomerate - Meghe Group celebrated its 25 years of relentless pursuit towards driving change and enriching human life.,66,Ceinsys Tech Ltd: A specialized GIS & Mobility engineering services provider celebrates 25 Years of Enhancing Possibilities; eyes global expansion. NAGPUR India July 10 2023 /PRNewswire/ -- On July 8th Ceinsys Tech Ltd (a company listed on the Bombay Stock Exchange) and an integral part of the prestigious conglomerate - Meghe Group celebrated its 25 years of relentless pursuit towards driving change and enriching human life.
art_0212::c0000,212,Service and parts forecast cloudy with a dose of confidence,2023-02-01 20:34:00,01Synergy,https://www.autonews.com/commentary/service-and-parts-forecast-cloudy-dose-confidence,Service and parts forecast cloudy with a dose of confidence. Staffing issues continue to plague service and parts departments but managers are confident of another profitable year.,27,Service and parts forecast cloudy with a dose of confidence. Staffing issues continue to plague service and parts departments but managers are confident of another profitable year.
art_0213::c0000,213,3 Stocks to Watch From a Promising Technology Services Industry,2023-07-20 00:58:00,01Synergy,https://finance.yahoo.com/news/3-stocks-watch-promising-technology-171500999.html,3 Stocks to Watch From a Promising Technology Services Industry. The Zacks Technology Services industry stands to gain from the ongoing digitization increasing dependency on technology and initiatives to diversify technology services. Growth opportunities from ...,36,3 Stocks to Watch From a Promising Technology Services Industry. The Zacks Technology Services industry stands to gain from the ongoing digitization increasing dependency on technology and initiatives to diversify technology services. Growth opportunities from ...
art_0214::c0000,214,Y2 Solution Announces Plans for the EV Fast-Charging Infrastructure Expansion in the US,2022-12-19 16:00:00,01Synergy,https://markets.businessinsider.com/news/stocks/y2-solution-announces-plans-for-the-ev-fast-charging-infrastructure-expansion-in-the-us-1031980291,Y2 Solution Announces Plans for the EV Fast-Charging Infrastructure Expansion in the US. SEOUL South Korea and CHICAGO Dec. 19 2022 /PRNewswire/ - Y2 Solution (Listed KOSPI : 011690) announces ambitious plans for the North,35,Y2 Solution Announces Plans for the EV Fast-Charging Infrastructure Expansion in the US. SEOUL South Korea and CHICAGO Dec. 19 2022 /PRNewswire/ - Y2 Solution (Listed KOSPI : 011690) announces ambitious plans for the North
art_0215::c0000,215,Yonyou Auto Information Technology (Shanghai) Co. Ltd.,2023-06-09 19:05:00,01Synergy,https://www.barrons.com/market-data/stocks/688479/financials?countrycode=cn&mod=quotes,Yonyou Auto Information Technology (Shanghai) Co. Ltd.. Source: FactSet Indexes: Index quotes may be real-time or delayed as per exchange requirements; refer to time stamps for information on any delays. Source: FactSet Markets Diary: Data on U.S. Overview page represent trading in all U.S. markets and updates ...,48,Yonyou Auto Information Technology (Shanghai) Co. Ltd.. Source: FactSet Indexes: Index quotes may be real-time or delayed as per exchange requirements; refer to time stamps for information on any delays. Source: FactSet Markets Diary: Data on U.S. Overview page represent trading in all U.S. markets and updates ...
art_0216::c0000,216,Eye on Restaurants: Inspire Turns to Fiserv; Shift4 Picks SkyTab Rescue Mission Winners,2023-09-27 15:09:00,01Synergy,https://www.digitaltransactions.net/eye-on-restaurants-inspire-turns-to-fiserv-shift4-picks-skytab-rescue-mission-winners/,Eye on Restaurants: Inspire Turns to Fiserv; Shift4 Picks SkyTab Rescue Mission Winners. Inspire Brands Inc. a global restaurant chain that is home to Arby’s Baskin-Robbins Dunkin’ and four other brands has expanded its work with processor Fiserv Inc. with the goal of unifying in-store in-app and online transactions for more of its brands,54,Eye on Restaurants: Inspire Turns to Fiserv; Shift4 Picks SkyTab Rescue Mission Winners. Inspire Brands Inc. a global restaurant chain that is home to Arby’s Baskin-Robbins Dunkin’ and four other brands has expanded its work with processor Fiserv Inc. with the goal of unifying in-store in-app and online transactions for more of its brands
art_0217::c0000,217,Computing and Information Sciences Degrees,2023-09-12 00:00:00,01Synergy,https://www.rit.edu/study/computing-and-information-sciences,Computing and Information Sciences Degrees. At RIT you’ll find yourself at the epicenter of sophisticated game-changing computing solutions. We cultivate the next generation of great minds who will advance computing in amazing ways. Improving interactions with online platforms for those with ...,42,Computing and Information Sciences Degrees. At RIT you’ll find yourself at the epicenter of sophisticated game-changing computing solutions. We cultivate the next generation of great minds who will advance computing in amazing ways. Improving interactions with online platforms for those with ...
art_0218::c0000,218,Law Lags Technology as Delivery-Drone Services Take Flight,2023-02-17 10:11:00,01Synergy,https://www.law.com/corpcounsel/2023/02/15/law-lags-technology-as-delivery-drone-services-take-flight/,Law Lags Technology as Delivery-Drone Services Take Flight. Amazon and other tech companies are chomping at the bit to use drones for delivery and other services ... According to a Feb. 1 story in The Information the Federal Aviation Administration ...,41,Law Lags Technology as Delivery-Drone Services Take Flight. Amazon and other tech companies are chomping at the bit to use drones for delivery and other services ... According to a Feb. 1 story in The Information the Federal Aviation Administration ...
art_0219::c0000,219,Apple sees sales slump continuing shares drop 2% despite beating sales expectations,2023-08-04 11:30:00,01Synergy,https://www.reuters.com/technology/apple-profit-tops-wall-street-targets-strong-services-counter-weaker-iphone-2023-08-03/,"Apple sees sales slump continuing shares drop 2% despite beating sales expectations. For the just-ended period strength in services drove the profit beat ... the same field that is driving spending at other big technology companies. '""We''ve been doing research across a wide ...",44,"Apple sees sales slump continuing shares drop 2% despite beating sales expectations. For the just-ended period strength in services drove the profit beat ... the same field that is driving spending at other big technology companies. '""We''ve been doing research across a wide ..."
art_0220::c0000,220,Business Information Technology Jobs & Careers,2023-09-23 00:00:00,01Synergy,https://drexel.edu/cci/academics/masters-programs/ms-business-information-technology/careers/,Business Information Technology Jobs & Careers. What is Business Information Technology? Business information technology helps organizations solve problems and enhance processes to improve efficiency serve customers and achieve business goals. Sometimes referred to as business IT or BIT business ...,40,Business Information Technology Jobs & Careers. What is Business Information Technology? Business information technology helps organizations solve problems and enhance processes to improve efficiency serve customers and achieve business goals. Sometimes referred to as business IT or BIT business ...
art_0221::c0000,221,Y9 introduces new services,2023-10-09 11:21:00,01Synergy,https://www.thecitizen.co.tz/tanzania/news/business/y9-introduces-new-services-4394780,Y9 introduces new services. Y9 Microfinance has recently unveiled a new campaign with the goal of empowering its customers to access three distinct financial services.,25,Y9 introduces new services. Y9 Microfinance has recently unveiled a new campaign with the goal of empowering its customers to access three distinct financial services.
art_0222::c0000,222,Information Services Corporation Non-GAAP EPS of C$0.51 revenue of C$53.3M,2023-08-03 19:36:00,01Synergy,https://seekingalpha.com/news/3996877-information-services-corporation-non-gaap-eps-of-c051-revenue-of-c533m,Information Services Corporation Non-GAAP EPS of C$0.51 revenue of C$53.3M. To ensure this doesn’t happen in the future please enable Javascript and cookies in your browser. Is this happening to you frequently? Please report it on our ...,38,Information Services Corporation Non-GAAP EPS of C$0.51 revenue of C$53.3M. To ensure this doesn’t happen in the future please enable Javascript and cookies in your browser. Is this happening to you frequently? Please report it on our ...
art_0223::c0000,223,AP Open AI agree to share select news content and technology in new collaboration,2023-07-13 00:00:00,01Synergy,https://www.ap.org/press-releases/2023/ap-open-ai-agree-to-share-select-news-content-and-technology-in-new-collaboration,AP Open AI agree to share select news content and technology in new collaboration. The Associated Press and OpenAI have reached an agreement to share access to select news content and technology as they examine potential use cases for generative AI in news products and services. The arrangement sees OpenAI licensing part of AP’s text ...,56,AP Open AI agree to share select news content and technology in new collaboration. The Associated Press and OpenAI have reached an agreement to share access to select news content and technology as they examine potential use cases for generative AI in news products and services. The arrangement sees OpenAI licensing part of AP’s text ...
art_0224::c0000,224,Sensormatic Solutions unveils AM Sheet Labels at NRF PROTECT 2023,2023-06-07 20:19:00,01Synergy,https://www.securityinfowatch.com/security-executives/loss-prevention-solutions/merchandise-tags/press-release/53062838/johnson-controls-sensormatic-solutions-unveils-am-sheet-labels-at-nrf-protect-2023,Sensormatic Solutions unveils AM Sheet Labels at NRF PROTECT 2023. The new AM metal label allows retailers to protect previously unprotectable items reducing some of the risks associated with carrying this merchandise.,32,Sensormatic Solutions unveils AM Sheet Labels at NRF PROTECT 2023. The new AM metal label allows retailers to protect previously unprotectable items reducing some of the risks associated with carrying this merchandise.
art_0225::c0000,225,CCAC offering free computer information technology classes,2023-09-02 00:00:00,01Synergy,https://news.yahoo.com/ccac-offering-free-computer-information-001308039.html,CCAC offering free computer information technology classes. The Community College of Allegheny County is offering free computer information technology courses in September. According to a news release the classes are being offered through funding from LevelUp412. Course topics range from hardware and operating ...,44,CCAC offering free computer information technology classes. The Community College of Allegheny County is offering free computer information technology courses in September. According to a news release the classes are being offered through funding from LevelUp412. Course topics range from hardware and operating ...
art_0226::c0000,226,16 Leading Technology and Service Providers Launch Industry's First SASE Product and Services Certification,2023-10-03 12:50:00,01Synergy,https://www.tmcnet.com/usubmit/2023/10/03/9891464.htm,16 Leading Technology and Service Providers Launch Industry's First SASE Product and Services Certification. MEF a global industry association of network cloud security and technology providers accelerating enterprise digital transformation and CyberRatings.org (CyberRatings) dedicated to providing confidence in cybersecurity products and services through its research and testing programs,48,16 Leading Technology and Service Providers Launch Industry's First SASE Product and Services Certification. MEF a global industry association of network cloud security and technology providers accelerating enterprise digital transformation and CyberRatings.org (CyberRatings) dedicated to providing confidence in cybersecurity products and services through its research and testing programs
art_0227::c0000,227,How the EU Digital Services Act affects Facebook Google and others,2023-08-25 15:56:00,01Synergy,https://www.theguardian.com/world/2023/aug/25/how-the-eu-digital-services-act-affects-facebook-google-and-others,How the EU Digital Services Act affects Facebook Google and others. Digital Services Act (DSA) The DSA is a groundbreaking ... with 70 sites “hiding” important information such as delivery costs or the availability of a cheaper option. The audit found that ...,43,How the EU Digital Services Act affects Facebook Google and others. Digital Services Act (DSA) The DSA is a groundbreaking ... with 70 sites “hiding” important information such as delivery costs or the availability of a cheaper option. The audit found that ...
art_0228::c0000,228,Technology and Social Justice; the chasm in between,2023-02-04 05:28:00,01Synergy,https://www.monitor.co.ug/uganda/oped/letters/technology-and-social-justice-the-chasm-in-between-4110082,Technology and Social Justice; the chasm in between. This lack of access to technology creates a digital divide which can limit the ability of people to access information and ... and quality of internet services in Uganda. This limits the ability ...,42,Technology and Social Justice; the chasm in between. This lack of access to technology creates a digital divide which can limit the ability of people to access information and ... and quality of internet services in Uganda. This limits the ability ...
art_0229::c0000,229,Is composable business most essential technology trend to meet challenges of 2023 and beyond?,2023-02-08 08:32:00,01Synergy,https://www.computerweekly.com/feature/Is-composable-business-the-most-essential-technology-trend-to-meet-the-challenges-of-2023-and-beyond,Is composable business most essential technology trend to meet challenges of 2023 and beyond?. The company’s multiple products were then centralised in a single Akeneo product information ... services company harnesses ML for several use cases and aims to deploy the technology at scale ...,45,Is composable business most essential technology trend to meet challenges of 2023 and beyond?. The company’s multiple products were then centralised in a single Akeneo product information ... services company harnesses ML for several use cases and aims to deploy the technology at scale ...
art_0230::c0000,230,Syracuse Police Department discusses winter crime and car safety kits,2022-12-18 14:10:40,01Synergy,https://www.msn.com/en-us/news/crime/syracuse-police-department-discusses-winter-crime-and-car-safety-kits/ar-AA15pSVr,Syracuse Police Department discusses winter crime and car safety kits. Syracuse Police Department''s Public Information Officer Lieutenant Matthew Malinowski answers law enforcement questions from viewers to increase transparency a,29,Syracuse Police Department discusses winter crime and car safety kits. Syracuse Police Department''s Public Information Officer Lieutenant Matthew Malinowski answers law enforcement questions from viewers to increase transparency a
art_0231::c0000,231,6 Biggest Tech Trends Everyone Will Talk About This Year,2023-01-06 13:12:00,10Clouds,https://www.cnet.com/tech/6-biggest-tech-trends-everyone-will-talk-about-this-year/,6 Biggest Tech Trends Everyone Will Talk About This Year. CES isn't all about giant TVs. The world's biggest consumer electronics show lays the groundwork for a lot of innovation coming in 2023.,33,6 Biggest Tech Trends Everyone Will Talk About This Year. CES isn't all about giant TVs. The world's biggest consumer electronics show lays the groundwork for a lot of innovation coming in 2023.
art_0232::c0000,232,The role of CIOs data and technology in delivering sustainability for organizations,2022-12-15 00:00:00,01Synergy,https://diginomica.com/role-cios-data-and-technology-delivering-sustainability-organizations,The role of CIOs data and technology in delivering sustainability for organizations. Williams adds that CIOs have a powerful position that can be used to drive sustainability: I have agency due to my role and I have information ... logistics companies to outsourced and cloud technology services. These scopes are creating new demands ...,54,The role of CIOs data and technology in delivering sustainability for organizations. Williams adds that CIOs have a powerful position that can be used to drive sustainability: I have agency due to my role and I have information ... logistics companies to outsourced and cloud technology services. These scopes are creating new demands ...
art_0233::c0000,233,Long waits for service and frustrated staffers how archaic technology hurts Missouri government,2023-01-27 08:00:00,01Synergy,https://kcbeacon.org/stories/2023/01/27/missouri-social-services-technology/,Long waits for service and frustrated staffers how archaic technology hurts Missouri government. For years Missouri residents have watched the minutes even hours tick away as they waited on the telephone to apply for Medicaid food stamps or other social services ... the information they had collected on paper forms. She said improving the ...,55,Long waits for service and frustrated staffers how archaic technology hurts Missouri government. For years Missouri residents have watched the minutes even hours tick away as they waited on the telephone to apply for Medicaid food stamps or other social services ... the information they had collected on paper forms. She said improving the ...
art_0234::c0000,234,Atos named a Leader in mainframe services and solutions by Information Services Group,2023-07-20 21:38:00,01Synergy,https://atos.net/en/2023/awards_2023_07_13/atos-named-a-leader-in-mainframe-services-and-solutions-by-information-services-group,Atos named a Leader in mainframe services and solutions by Information Services Group. You can also decline all non-necessary cookies by clicking on the “Decline all cookies” button. Please find more information on our use of cookies and how to withdraw at any time your consent on our privacy policy. Our website uses cookies. You have ...,57,Atos named a Leader in mainframe services and solutions by Information Services Group. You can also decline all non-necessary cookies by clicking on the “Decline all cookies” button. Please find more information on our use of cookies and how to withdraw at any time your consent on our privacy policy. Our website uses cookies. You have ...
art_0235::c0000,235,Information Technology Services,2023-08-25 14:04:00,01Synergy,https://www.middlebury.edu/institute/offices-services/information-technology-services,Information Technology Services. Information Technology Services (ITS) provides support to the entire Middlebury Institute community. The Middlebury Institute is a part of the Middlebury College Network. Please note that in-person services remain limited under COVID-19 restrictions.,36,Information Technology Services. Information Technology Services (ITS) provides support to the entire Middlebury Institute community. The Middlebury Institute is a part of the Middlebury College Network. Please note that in-person services remain limited under COVID-19 restrictions.
art_0236::c0000,236,General Motors to close information technology center near Phoenix and eliminate 940 jobs,2023-08-24 21:58:00,01Synergy,https://finance.yahoo.com/news/general-motors-close-information-technology-184056593.html,General Motors to close information technology center near Phoenix and eliminate 940 jobs. The information technology center in Chandler ... Some will get severance pay and outplacement services. Last week GM also eliminated about 200 engineering positions at its technical center ...,42,General Motors to close information technology center near Phoenix and eliminate 940 jobs. The information technology center in Chandler ... Some will get severance pay and outplacement services. Last week GM also eliminated about 200 engineering positions at its technical center ...
art_0237::c0000,237,Wednesday Sector Laggards: Railroads Information Technology Services,2023-01-25 18:01:00,01Synergy,https://www.nasdaq.com/articles/wednesday-sector-laggards:-railroads-information-technology-services,Wednesday Sector Laggards: Railroads Information Technology Services. Also lagging the market Wednesday are information technology services shares down on the day by about 2% as a group led down by Sterling Check trading lower by about 12.4% and GoodRx Holdings ...,41,Wednesday Sector Laggards: Railroads Information Technology Services. Also lagging the market Wednesday are information technology services shares down on the day by about 2% as a group led down by Sterling Check trading lower by about 12.4% and GoodRx Holdings ...
art_0238::c0000,238,YSG''s first participation at WCD with two major brands,2023-07-28 04:28:00,01Synergy,https://www.benzinga.com/pressreleases/23/07/n33435030/ysgs-first-participation-at-wcd-with-two-major-brands,YSG''s first participation at WCD with two major brands. In recent years along with the iterative innovation of beauty science and technology the growth of Chinese beauty industry has been gaining the attention of the international,36,YSG''s first participation at WCD with two major brands. In recent years along with the iterative innovation of beauty science and technology the growth of Chinese beauty industry has been gaining the attention of the international
art_0239::c0000,239,How GSA’s Technology Transformation Services is Harnessing Change in Tech Modernization,2023-05-24 09:50:00,01Synergy,https://www.govconwire.com/2023/05/how-gsas-technology-transformation-services-is-harnessing-change-in-tech/,How GSA’s Technology Transformation Services is Harnessing Change in Tech Modernization. One component of GSA in particular Technology Transformation Services carries much of this mission by using modern methodologies and technologies to improve the public’s experience with the ...,39,How GSA’s Technology Transformation Services is Harnessing Change in Tech Modernization. One component of GSA in particular Technology Transformation Services carries much of this mission by using modern methodologies and technologies to improve the public’s experience with the ...
art_0240::c0000,240,10 Biggest Technology Companies,2023-05-23 06:09:00,01Synergy,https://www.investopedia.com/articles/markets/030816/worlds-top-10-technology-companies-aapl-googl.asp,10 Biggest Technology Companies. They create design and manufacture computers mobile devices and home appliances and provide products and services related to information technology. Below we look at the 10 biggest companies ...,33,10 Biggest Technology Companies. They create design and manufacture computers mobile devices and home appliances and provide products and services related to information technology. Below we look at the 10 biggest companies ...
art_0241::c0000,241,New IDC Industry Taxonomy Reveals That Software and Information Services Capital Markets and Life Sciences Will Lead Worldwide ICT Spending Growth Through 2027,2023-09-21 11:01:00,01Synergy,https://www.businesswire.com/news/home/20230921863051/en/New-IDC-Industry-Taxonomy-Reveals-That-Software-and-Information-Services-Capital-Markets-and-Life-Sciences-Will-Lead-Worldwide-ICT-Spending-Growth-Through-2027/,New IDC Industry Taxonomy Reveals That Software and Information Services Capital Markets and Life Sciences Will Lead Worldwide ICT Spending Growth Through 2027. Software and Information Services will be the fastest growing industry over the 2023-2027 forecast period generating an 11.4% CAGR as technology companies have engaged in some course correction ...,52,New IDC Industry Taxonomy Reveals That Software and Information Services Capital Markets and Life Sciences Will Lead Worldwide ICT Spending Growth Through 2027. Software and Information Services will be the fastest growing industry over the 2023-2027 forecast period generating an 11.4% CAGR as technology companies have engaged in some course correction ...
art_0242::c0000,242,WHY ROC: ‘IT Insights’ expands in Rochester providing outsourced technology services,2023-01-26 21:01:00,01Synergy,https://www.rochesterfirst.com/why-roc/why-roc-it-insights-expands-in-rochester-providing-outsourced-technology-services/,WHY ROC: ‘IT Insights’ expands in Rochester providing outsourced technology services. IT Insights will come in and provide the same services an in-house IT team would ... instead of trying to respond to those disasters” Bierasinski said. For more information on the Greater Rochester Enterprise click here and for more information ...,52,WHY ROC: ‘IT Insights’ expands in Rochester providing outsourced technology services. IT Insights will come in and provide the same services an in-house IT team would ... instead of trying to respond to those disasters” Bierasinski said. For more information on the Greater Rochester Enterprise click here and for more information ...
art_0243::c0000,243,LoRaWAN IoTLogIQ and Industry 4.0: Senzary''s Finger on the Pulse of Industrial IoT,2023-01-24 15:56:00,01Synergy,https://www.iotevolutionworld.com/iot/articles/454712-lorawan-iotlogiq-industry-40-senzarys-finger-the-pulse.htm,LoRaWAN IoTLogIQ and Industry 4.0: Senzary''s Finger on the Pulse of Industrial IoT. Ahead of IoT Evolution Expo 2023 in Fort Lauderdale Florida we spoke with Eric Schummer the founder and CEO of Senzary LLC.,35,LoRaWAN IoTLogIQ and Industry 4.0: Senzary''s Finger on the Pulse of Industrial IoT. Ahead of IoT Evolution Expo 2023 in Fort Lauderdale Florida we spoke with Eric Schummer the founder and CEO of Senzary LLC.
art_0244::c0000,244,Nigeria to become global outsourcing hub for information technology services – Ngige,2023-07-21 09:35:00,01Synergy,https://www.vanguardngr.com/2023/07/nigeria-to-become-global-outsourcing-hub-for-information-technology-services-ngige/,Nigeria to become global outsourcing hub for information technology services – Ngige. Nigeria with its large pool of skilled IT professionals and low labour costs is aiming at becoming a global outsourcing hub for information technology services. In a keynote address at the ...,44,Nigeria to become global outsourcing hub for information technology services – Ngige. Nigeria with its large pool of skilled IT professionals and low labour costs is aiming at becoming a global outsourcing hub for information technology services. In a keynote address at the ...
art_0245::c0000,245,Air Force Turns to ‘Non-Traditional Suppliers’ for Technology Tools & Services; Hon. Andrew Hunter Quoted,2023-07-20 20:22:00,01Synergy,https://www.govconwire.com/2023/07/air-force-turns-to-non-traditional-suppliers-for-technology-tools-and-services/,Air Force Turns to ‘Non-Traditional Suppliers’ for Technology Tools & Services; Hon. Andrew Hunter Quoted. In order to speed up the fielding and implementation of new tools DAF leaders are turning to alternative sources for products and services ... AI-generated piece of information and say ...,46,Air Force Turns to ‘Non-Traditional Suppliers’ for Technology Tools & Services; Hon. Andrew Hunter Quoted. In order to speed up the fielding and implementation of new tools DAF leaders are turning to alternative sources for products and services ... AI-generated piece of information and say ...
art_0246::c0000,246,Service Experts Continues To Expand in New York with its Latest Acquisition,2022-12-14 16:07:00,01Synergy,https://www.yahoo.com/now/experts-continues-expand-york-latest-160700718.html,"Service Experts Continues To Expand in New York with its Latest Acquisition. Service Experts Heating & Air Conditioning LLC ('""Service Experts'"") recently announced the acquisition of substantially all of the assets of Stan Gelber & Sons Inc. Stan Gelber & Sons is a residential Heating and Air Conditioning Company located in Uniondale",52,"Service Experts Continues To Expand in New York with its Latest Acquisition. Service Experts Heating & Air Conditioning LLC ('""Service Experts'"") recently announced the acquisition of substantially all of the assets of Stan Gelber & Sons Inc. Stan Gelber & Sons is a residential Heating and Air Conditioning Company located in Uniondale"
art_0247::c0000,247,Beyond the gadgets: regulatory and commercial considerations for wearable technology in sports,2023-02-02 15:10:00,01Synergy,https://businessday.ng/news/legal-business/article/beyond-the-gadgets-regulatory-and-commercial-considerations-for-wearable-technology-in-sports/,Beyond the gadgets: regulatory and commercial considerations for wearable technology in sports. technology companies have a dynamic engagement and influence with their sponsored properties. Sometimes like in the case of Intel IBM or Amazon Web Services ... wearable devices and collected information.,42,Beyond the gadgets: regulatory and commercial considerations for wearable technology in sports. technology companies have a dynamic engagement and influence with their sponsored properties. Sometimes like in the case of Intel IBM or Amazon Web Services ... wearable devices and collected information.
art_0248::c0000,248,Google services to offer more accurate information in compliance with EU,2023-01-27 16:17:00,01Synergy,https://www.theverge.com/2023/1/27/23573963/google-information-customer-transparency-eu-consumer-protection-rules,Google services to offer more accurate information in compliance with EU. Google has not announced when it will be updating its services or if clearer more accurate information for consumers will be extended beyond f the EU.,37,Google services to offer more accurate information in compliance with EU. Google has not announced when it will be updating its services or if clearer more accurate information for consumers will be extended beyond f the EU.
art_0249::c0000,249,Sensory Enabling Technologies are Radically Reshaping the Future of Digital Retail,2023-06-07 21:04:00,01Synergy,https://www.retailtouchpoints.com/topics/retail-innovation/sensory-enabling-technologies-digital-retail,Sensory Enabling Technologies are Radically Reshaping the Future of Digital Retail. Sensory Enabling Technologies like Apple's new Vision Pro open new avenues for brands to stimulate consumers' senses with digital content.,31,Sensory Enabling Technologies are Radically Reshaping the Future of Digital Retail. Sensory Enabling Technologies like Apple's new Vision Pro open new avenues for brands to stimulate consumers' senses with digital content.
art_0250::c0000,250,Onfido selfie biometrics integrated by Salesforce as KYC signup pace sustains,2023-05-05 23:14:00,01Synergy,https://www.biometricupdate.com/202305/onfido-selfie-biometrics-integrated-by-salesforce-as-kyc-signup-pace-sustains,Onfido selfie biometrics integrated by Salesforce as KYC signup pace sustains. Salesforce is boosting its Know Your Customer (KYC) capabilities by integrating with Onfido while Shufti Pro iDenfy and Incode strike new deals.,33,Onfido selfie biometrics integrated by Salesforce as KYC signup pace sustains. Salesforce is boosting its Know Your Customer (KYC) capabilities by integrating with Onfido while Shufti Pro iDenfy and Incode strike new deals.
art_0251::c0000,251,Focusing On Growth: Synergy Sustainability And Customer Loyalty In Foodservice,2023-05-05 11:00:00,01Synergy,https://www.forbes.com/sites/jeffthomson/2023/05/05/focusing-on-growth-synergy-sustainability-and-customer-loyalty-in-foodservice/,Focusing On Growth: Synergy Sustainability And Customer Loyalty In Foodservice. I recently spoke with Focus Brands’ CFO Mike Dixon about the competitive strength that synergy can provide in the foodservice industry how he embraces sustainable business and the importance of cultivating customer loyalty.,43,Focusing On Growth: Synergy Sustainability And Customer Loyalty In Foodservice. I recently spoke with Focus Brands’ CFO Mike Dixon about the competitive strength that synergy can provide in the foodservice industry how he embraces sustainable business and the importance of cultivating customer loyalty.
art_0252::c0000,252,SDC23: Samsung and Aqara Partners to Demonstrate Presence Sensor FP2 on SmartThings Platform,2023-10-05 23:24:00,01Synergy,https://www.tmcnet.com/usubmit/2023/10/05/9894146.htm,SDC23: Samsung and Aqara Partners to Demonstrate Presence Sensor FP2 on SmartThings Platform. The FP2 Presence Sensor is Aqara''s latest occupancy sensor with precise human presence detection and the smart home manufacturer has been working with Samsung to add the SmartThings compatibility to the sensor,45,SDC23: Samsung and Aqara Partners to Demonstrate Presence Sensor FP2 on SmartThings Platform. The FP2 Presence Sensor is Aqara''s latest occupancy sensor with precise human presence detection and the smart home manufacturer has been working with Samsung to add the SmartThings compatibility to the sensor
art_0253::c0000,253,National Information Technology and Business Process Management Week to kick off in October,2023-09-23 02:57:00,01Synergy,https://www.dailymirror.lk/business/National-Information-Technology-and-Business-Process-Management-Week-to-kick-off-in-October/215-267846,National Information Technology and Business Process Management Week to kick off in October. Sri Lanka’s information technology (IT) sector will come under fresh spotlight with the National IT and BPM Week set to be held from October 11 to 13 at the Sirimavo Bandaranaike Memorial ...,46,National Information Technology and Business Process Management Week to kick off in October. Sri Lanka’s information technology (IT) sector will come under fresh spotlight with the National IT and BPM Week set to be held from October 11 to 13 at the Sirimavo Bandaranaike Memorial ...
art_0254::c0000,254,Automation provider stow Robotics and cooling vendor Phononic partner on cold-chain fulfillment,2023-01-31 21:48:00,01Synergy,https://www.logisticsmgmt.com/article/automation_provider_stow_robotics_and_cooling_vendor_phononic_partner_on_co,Automation provider stow Robotics and cooling vendor Phononic partner on cold-chain fulfillment. Combining stow Robotics’ automation expertise with Phononic’s active cooling technology the two companies are collaborating to design develop and scale solutions for cold chain fulfillment in North America and Europe.,42,Automation provider stow Robotics and cooling vendor Phononic partner on cold-chain fulfillment. Combining stow Robotics’ automation expertise with Phononic’s active cooling technology the two companies are collaborating to design develop and scale solutions for cold chain fulfillment in North America and Europe.
art_0255::c0000,255,CNET's Editors' Choice Awards: The Best Products and Services for 2023,2022-12-31 18:50:00,01Synergy,https://www.cnet.com/tech/cnets-editors-choice-awards-the-best-products-and-services-for-2023/,CNET's Editors' Choice Awards: The Best Products and Services for 2023. For more than two decades CNET editors have poked prodded tested retested intentionally dropped and even stayed up all night to assess the new products and services that promise to change the ...,44,CNET's Editors' Choice Awards: The Best Products and Services for 2023. For more than two decades CNET editors have poked prodded tested retested intentionally dropped and even stayed up all night to assess the new products and services that promise to change the ...
art_0256::c0000,256,European Research Council Synergy Grants,2023-06-12 00:00:00,01Synergy,https://www.dal.ca/dept/research-services/opportunities/opportunities-announcements-news/news/2023/06/12/european_research_council_synergy_grants.html,European Research Council Synergy Grants. Synergy grants include two to four PIs one of whom can be located in Canada and provide up to €10 million over six years. Anticipated call open: July 12 2023. Anticipated all deadline: November 8 2023. We encourage researchers to connect with their ...,49,European Research Council Synergy Grants. Synergy grants include two to four PIs one of whom can be located in Canada and provide up to €10 million over six years. Anticipated call open: July 12 2023. Anticipated all deadline: November 8 2023. We encourage researchers to connect with their ...
art_0257::c0000,257,Wireless sensors for lifelong monitoring of aircrafts,2022-12-14 10:21:00,01Synergy,https://www.jeccomposites.com/news/wireless-sensors-for-lifelong-monitoring-of-aircrafts/,Wireless sensors for lifelong monitoring of aircrafts. Wireless sensors as thin as human hair will be integrated into composite materials and embedded in aerospace components to monitor the condition of parts from manufacture to recycling with the aim of extending their life span,43,Wireless sensors for lifelong monitoring of aircrafts. Wireless sensors as thin as human hair will be integrated into composite materials and embedded in aerospace components to monitor the condition of parts from manufacture to recycling with the aim of extending their life span
art_0258::c0000,258,Information and Communication Technology (ICT),2023-06-27 00:00:00,01Synergy,https://www.techopedia.com/definition/24152/information-and-communications-technology-ict,Information and Communication Technology (ICT). Smart cities are improving urban living by leveraging IT and communication technology to improve transportation public services and municipal infrastructure. The combination of information technology and communication technology has had a lasting impact ...,39,Information and Communication Technology (ICT). Smart cities are improving urban living by leveraging IT and communication technology to improve transportation public services and municipal infrastructure. The combination of information technology and communication technology has had a lasting impact ...
art_0259::c0000,259,Introduction of advantages of Bimeh.com products and services,2023-03-01 03:18:00,01Synergy,https://en.mehrnews.com/news/197939/Introduction-of-advantages-of-Bimeh-com-products-and-services,Introduction of advantages of Bimeh.com products and services. Also this agency is ready to answer your questions and provide insurance services 24 hours a day without any location restrictions. Stay with us to inform you with complete information about ... due to the advancement of technology and want to escape ...,51,Introduction of advantages of Bimeh.com products and services. Also this agency is ready to answer your questions and provide insurance services 24 hours a day without any location restrictions. Stay with us to inform you with complete information about ... due to the advancement of technology and want to escape ...
art_0260::c0000,260,Department of Computing and Information Sciences Ph.D.,2023-03-10 00:00:00,01Synergy,https://www.rit.edu/computing/phd-computing-and-information-sciences,Department of Computing and Information Sciences Ph.D.. Our faculty and students conduct research to change how we live work and interact focusing on both novel computing technology and how computing ... resources for the Ph.D. Program in Computing and Information Sciences such policies procedures ...,45,Department of Computing and Information Sciences Ph.D.. Our faculty and students conduct research to change how we live work and interact focusing on both novel computing technology and how computing ... resources for the Ph.D. Program in Computing and Information Sciences such policies procedures ...
art_0261::c0000,261,12 Best Information Technology Services Stocks to Buy,2023-05-12 17:46:00,01Synergy,https://finance.yahoo.com/news/12-best-information-technology-services-134510190.html,12 Best Information Technology Services Stocks to Buy. In this article we will take a look at the 12 best information technology services stocks to buy. To see more such companies go directly to 5 Best Information Technology Services Stocks to Buy.,42,12 Best Information Technology Services Stocks to Buy. In this article we will take a look at the 12 best information technology services stocks to buy. To see more such companies go directly to 5 Best Information Technology Services Stocks to Buy.
art_0262::c0000,262,News tagged with information technology,2023-08-28 00:01:00,01Synergy,https://phys.org/tags/information+technology/,News tagged with information technology. A new study at BESSY II analyzes the formation of skyrmions in ferrimagnetic thin films of dysprosium and cobalt in real time and with high spatial resolution. This is an important step towards ...,39,News tagged with information technology. A new study at BESSY II analyzes the formation of skyrmions in ferrimagnetic thin films of dysprosium and cobalt in real time and with high spatial resolution. This is an important step towards ...
art_0263::c0000,263,Climate X a Climate Risk Data and Analytics Provider Appoints Andrew Ellam as VP of Technology,2023-01-17 22:03:00,01Synergy,https://www.crowdfundinsider.com/2023/01/201206-climate-x-a-climate-risk-data-and-analytics-provider-appoints-andrew-ellam-as-vp-of-technology/,Climate X a Climate Risk Data and Analytics Provider Appoints Andrew Ellam as VP of Technology. He has “an MBA from London Business School and recently served on UK Finance’s Digital Technology and Cyber Security Products and Services ... the leading news and information website ...,46,Climate X a Climate Risk Data and Analytics Provider Appoints Andrew Ellam as VP of Technology. He has “an MBA from London Business School and recently served on UK Finance’s Digital Technology and Cyber Security Products and Services ... the leading news and information website ...
art_0264::c0000,264,US and UK Hold First Comprehensive Dialogue on Technology and Data,2023-01-17 23:45:00,01Synergy,https://www.nextgov.com/policy/2023/01/us-and-uk-hold-first-comprehensive-dialogue-technology-and-data/381777/,US and UK Hold First Comprehensive Dialogue on Technology and Data. International Commerce State The United States and the United Kingdom held their inaugural meeting for the U.S-U.K. Comprehensive Dialogue on Technology and Data on Thursday. The dialogue ...,39,US and UK Hold First Comprehensive Dialogue on Technology and Data. International Commerce State The United States and the United Kingdom held their inaugural meeting for the U.S-U.K. Comprehensive Dialogue on Technology and Data on Thursday. The dialogue ...
art_0265::c0000,265,Technician programmes to equip Qatari nationals with necessary skills in information technology and emergency,2023-07-19 11:13:00,01Synergy,https://www.gulf-times.com/article/664774/qatar/technician-programmes-to-equip-qatari-nationals-with-necessary-skills-in-information-technology-and-emergency,Technician programmes to equip Qatari nationals with necessary skills in information technology and emergency. especially in the fields of engineering and information technology. The technical programs were designed based on the specific needs of Ashghal Kahramaa and the Ministry of Endowments and Islamic ...,44,Technician programmes to equip Qatari nationals with necessary skills in information technology and emergency. especially in the fields of engineering and information technology. The technical programs were designed based on the specific needs of Ashghal Kahramaa and the Ministry of Endowments and Islamic ...
art_0266::c0000,266,Fidelity National Information Services (FIS) Tops Q1 Earnings and Revenue Estimates,2023-05-02 14:28:00,01Synergy,https://finance.yahoo.com/news/fidelity-national-information-services-fis-122512628.html,Fidelity National Information Services (FIS) Tops Q1 Earnings and Revenue Estimates. Fidelity National Information Services (FIS) came out with quarterly earnings of $1.29 per share beating the Zacks Consensus Estimate of $1.20 per share. This compares to earnings of $1.47 per ...,42,Fidelity National Information Services (FIS) Tops Q1 Earnings and Revenue Estimates. Fidelity National Information Services (FIS) came out with quarterly earnings of $1.29 per share beating the Zacks Consensus Estimate of $1.20 per share. This compares to earnings of $1.47 per ...
art_0267::c0000,267,May services economy activity remains on growth track reports ISM,2023-06-05 17:47:00,01Synergy,https://www.scmr.com/article/may_services_economy_activity_remains_on_growth_track_reports_ism,May services economy activity remains on growth track reports ISM. The Services PMI—at 50.3 (a reading of 50 or higher signals growth)—fell 1.6% off of May’s 51.9 reading growing at a slower rate for the fifth consecutive month. ISM said that the services sector has seen growth in 35 of the last 36 months,54,May services economy activity remains on growth track reports ISM. The Services PMI—at 50.3 (a reading of 50 or higher signals growth)—fell 1.6% off of May’s 51.9 reading growing at a slower rate for the fifth consecutive month. ISM said that the services sector has seen growth in 35 of the last 36 months
art_0268::c0000,268,Deloitte and ServiceNow Expand Alliance to Integrate Now Assist Generative AI Capabilities With Next-Generation Managed Services,2023-10-26 01:46:00,01Synergy,https://www.businesswire.com/news/home/20231025715145/en/Deloitte-and-ServiceNow-Expand-Alliance-to-Integrate-Now-Assist-Generative-AI-Capabilities-With-Next-Generation-Managed-Services,Deloitte and ServiceNow Expand Alliance to Integrate Now Assist Generative AI Capabilities With Next-Generation Managed Services. Deloitte’s Operate services are focused on helping customers manage their organizations’ ongoing operational and technology needs through strategically ... for employees and the enterprise. For more information visit: www.servicenow.com.,45,Deloitte and ServiceNow Expand Alliance to Integrate Now Assist Generative AI Capabilities With Next-Generation Managed Services. Deloitte’s Operate services are focused on helping customers manage their organizations’ ongoing operational and technology needs through strategically ... for employees and the enterprise. For more information visit: www.servicenow.com.
art_0269::c0000,269,Juniper Networks Selected as Preferred Technology Partner for Deutsche Telekom’s Universal Managed Services Infrastructure,2023-01-05 03:17:00,01Synergy,https://finance.yahoo.com/news/juniper-networks-selected-preferred-technology-143400189.html,Juniper Networks Selected as Preferred Technology Partner for Deutsche Telekom’s Universal Managed Services Infrastructure. as the first network technology partner for Magenta Business Networks SD-X. By leveraging the Juniper AI-driven Enterprise solution DT’s innovative new universal managed services platform will ...,41,Juniper Networks Selected as Preferred Technology Partner for Deutsche Telekom’s Universal Managed Services Infrastructure. as the first network technology partner for Magenta Business Networks SD-X. By leveraging the Juniper AI-driven Enterprise solution DT’s innovative new universal managed services platform will ...
art_0270::c0000,270,Opsys Tech to Display LiDAR-Integrated Intelligent Automotive Taillight Solution Co-Developed with South Korean Auto Supplier SL Corp.,2023-01-03 05:02:00,01Synergy,https://www.yahoo.com/now/opsys-tech-display-lidar-integrated-050100635.html,Opsys Tech to Display LiDAR-Integrated Intelligent Automotive Taillight Solution Co-Developed with South Korean Auto Supplier SL Corp.. Opsys Tech developer of the world''s most advanced patented True Solid-State Scanning LiDAR technology today announced that it will display a LiDAR-integrated smart taillight solution co-developed with SL Corp.,46,Opsys Tech to Display LiDAR-Integrated Intelligent Automotive Taillight Solution Co-Developed with South Korean Auto Supplier SL Corp.. Opsys Tech developer of the world''s most advanced patented True Solid-State Scanning LiDAR technology today announced that it will display a LiDAR-integrated smart taillight solution co-developed with SL Corp.
art_0271::c0000,271,Why Law Firms Should Be Using SIEM Logs to Manage Data Security Threats,2023-05-25 15:30:00,01Synergy,https://www.law.com/2023/05/25/why-law-firms-should-be-using-siem-logs-to-manage-data-security-threats/,Why Law Firms Should Be Using SIEM Logs to Manage Data Security Threats. To effectively safeguard their data and networks law firms need to deploy advanced security tools that can help detect and respond to threats in real time. One such tool is security information and event management (SIEM) software.,50,Why Law Firms Should Be Using SIEM Logs to Manage Data Security Threats. To effectively safeguard their data and networks law firms need to deploy advanced security tools that can help detect and respond to threats in real time. One such tool is security information and event management (SIEM) software.
art_0272::c0000,272,OneSoft Report Results of AGSM and Grant of Stock Options,2023-05-26 19:38:00,01Synergy,https://www.newsobserver.com/press-releases/article275837111.html,OneSoft Report Results of AGSM and Grant of Stock Options. OneSoft Solutions Inc. (TSXV:OSS)(OTCQB:OSSIF) (”OneSoft” or the “Company”) announces that the Company’s Annual General and Special Meeting (”AGSM”) of the shareholders was held May 23 2023. The,37,OneSoft Report Results of AGSM and Grant of Stock Options. OneSoft Solutions Inc. (TSXV:OSS)(OTCQB:OSSIF) (”OneSoft” or the “Company”) announces that the Company’s Annual General and Special Meeting (”AGSM”) of the shareholders was held May 23 2023. The
art_0273::c0000,273,Information Technology,2023-05-18 05:17:00,01Synergy,https://www.benzinga.com/sector/information-technology-0,Information Technology. At the most recent Berkshire Hathaway Inc. (NYSE: BRK-B) investors conference in early May Warren Buffett offered some insights into his most recent buys and sells but more detail was released ...,34,Information Technology. At the most recent Berkshire Hathaway Inc. (NYSE: BRK-B) investors conference in early May Warren Buffett offered some insights into his most recent buys and sells but more detail was released ...
art_0274::c0000,274,Pre-Arrival Information,2023-07-18 16:06:00,01Synergy,https://www.boisestate.edu/global-iss/home/prearrival/,Pre-Arrival Information. Please ask if a Boise State rate is available and about shuttle services when making your reservation. 6. Sign Up for the Mandatory International Student Orientation You will receive an email with information on how to sign up for the International Student ...,45,Pre-Arrival Information. Please ask if a Boise State rate is available and about shuttle services when making your reservation. 6. Sign Up for the Mandatory International Student Orientation You will receive an email with information on how to sign up for the International Student ...
art_0275::c0000,275,Barrington Research Reiterates Information Services Group (III) Outperform Recommendation,2023-05-26 09:54:00,01Synergy,https://www.nasdaq.com/articles/barrington-research-reiterates-information-services-group-iii-outperform-recommendation,Barrington Research Reiterates Information Services Group (III) Outperform Recommendation. Fintel reports that on May 25 2023 Barrington Research reiterated coverage of Information Services Group (NASDAQ:III) with a Outperform recommendation. As of May 11 2023 the average one-year ...,38,Barrington Research Reiterates Information Services Group (III) Outperform Recommendation. Fintel reports that on May 25 2023 Barrington Research reiterated coverage of Information Services Group (NASDAQ:III) with a Outperform recommendation. As of May 11 2023 the average one-year ...
art_0276::c0000,276,BPO/ITES Supervisor Careers – National Information Technology Authority-Uganda (NITA-U),2023-05-27 07:12:00,01Synergy,https://www.theugandanjobline.com/2023/05/bpo-ites-supervisor-careers-national-information-technology-authority-uganda-nita-u.html,BPO/ITES Supervisor Careers – National Information Technology Authority-Uganda (NITA-U). The National Information Technology Authority-Uganda (NITA-U) is an autonomous statutory body established under the NITA-U Act 2009 The Authority is under the general supervision of the Ministry of Information Communications Technology and National ...,43,BPO/ITES Supervisor Careers – National Information Technology Authority-Uganda (NITA-U). The National Information Technology Authority-Uganda (NITA-U) is an autonomous statutory body established under the NITA-U Act 2009 The Authority is under the general supervision of the Ministry of Information Communications Technology and National ...
art_0277::c0000,277,What is Information Technology? Definition and Examples,2023-05-22 05:42:00,01Synergy,https://www.thetechedvocate.org/what-is-information-technology-definition-and-examples/,What is Information Technology? Definition and Examples. while social networking allows people to connect with others and share information and ideas. Mobile apps have become increasingly popular providing users with access to a wide range of services from food delivery to exercise tracking. As technology ...,46,What is Information Technology? Definition and Examples. while social networking allows people to connect with others and share information and ideas. Mobile apps have become increasingly popular providing users with access to a wide range of services from food delivery to exercise tracking. As technology ...
art_0278::c0000,278,INFORMATION AND COMMUNICATION TECHNOLOGY(ICT,2023-05-19 00:00:00,01Synergy,https://www.linkedin.com/pulse/information-communication-technologyict-shriram-k,INFORMATION AND COMMUNICATION TECHNOLOGY(ICT. Information and ... as well as the various services and appliances with them such as video conferencing and distance learning. ICT also includes analog technology such as paper communication ...,34,INFORMATION AND COMMUNICATION TECHNOLOGY(ICT. Information and ... as well as the various services and appliances with them such as video conferencing and distance learning. ICT also includes analog technology such as paper communication ...
art_0279::c0000,279,Evernorth Health Services Buys Bright.md Technology Platform,2023-10-10 21:08:00,01Synergy,https://www.nasdaq.com/articles/evernorth-health-services-buys-bright.md-technology-platform,Evernorth Health Services Buys Bright.md Technology Platform. (RTTNews) - Evernorth Health Services the pharmacy care and benefits solution division of The Cigna Group (CI) announced it will acquiring the technology and clinical capabilities of Bright.md.,35,Evernorth Health Services Buys Bright.md Technology Platform. (RTTNews) - Evernorth Health Services the pharmacy care and benefits solution division of The Cigna Group (CI) announced it will acquiring the technology and clinical capabilities of Bright.md.
art_0280::c0000,280,The technology services partner that ensures coffee fanatics can get their fix at UK's favourite coffee shop,2023-09-29 10:22:00,01Synergy,https://www.business-live.co.uk/retail-consumer/technology-services-partner-ensures-coffee-27797774?int_source=nba,"The technology services partner that ensures coffee fanatics can get their fix at UK's favourite coffee shop. Darren Phillips Costa Coffee''s global head of central IT services and support said: “Costa is thrilled to welcome Vista Technology as our new retail stores break-fix provider. '""Its expertise and commitment to excellence align perfectly with our core ...",56,"The technology services partner that ensures coffee fanatics can get their fix at UK's favourite coffee shop. Darren Phillips Costa Coffee''s global head of central IT services and support said: “Costa is thrilled to welcome Vista Technology as our new retail stores break-fix provider. '""Its expertise and commitment to excellence align perfectly with our core ..."
art_0281::c0000,281,Information media and telecommunications industry,2023-03-07 23:59:00,01Synergy,https://business.gov.au/Planning/Industry-information/Information-media-and-telecommunications-industry,Information media and telecommunications industry. See statistics for Australian Industry and Technology ... Licence and Information Service (ABLIS) to find information on the licences you may need. The information media and telecommunications industry have specific Goods and Services Tax (GST) measures.,41,Information media and telecommunications industry. See statistics for Australian Industry and Technology ... Licence and Information Service (ABLIS) to find information on the licences you may need. The information media and telecommunications industry have specific Goods and Services Tax (GST) measures.
art_0282::c0000,282,Information Technology,2023-05-19 00:00:00,01Synergy,https://www.electronicsweekly.com/news/business/information-technology/,Information Technology. Software designed to detect child abuse images on smartphones which could be mandated by governments in some counties can be covertly repurposed to intrude on personal privacy according to research at Imperial college. ‘Client-side scanning’ (CSS ...,39,Information Technology. Software designed to detect child abuse images on smartphones which could be mandated by governments in some counties can be covertly repurposed to intrude on personal privacy according to research at Imperial college. ‘Client-side scanning’ (CSS ...
art_0283::c0000,283,Learning in Ithaca? There's an app for that.,2023-08-24 09:19:00,3ilogics,https://news.yahoo.com/learning-ithaca-theres-app-091917594.html,Learning in Ithaca? There's an app for that.. The Ithaca City School District has launched a mobile app alongside updates to its website ahead of the upcoming 2023 - 2024 school year.,32,Learning in Ithaca? There's an app for that.. The Ithaca City School District has launched a mobile app alongside updates to its website ahead of the upcoming 2023 - 2024 school year.
art_0284::c0000,284,Future of sustainable manufacturing is technology driven,2023-01-17 23:15:00,01Synergy,https://www.forbesindia.com/blog/technology/future-of-sustainable-manufacturing-is-technology-driven/,Future of sustainable manufacturing is technology driven. On the face of it an interconnected factory is where information technology is ... The author is CEO and MD of Siemens Technology and Services Pvt. Ltd. The thoughts and opinions shared here ...,41,Future of sustainable manufacturing is technology driven. On the face of it an interconnected factory is where information technology is ... The author is CEO and MD of Siemens Technology and Services Pvt. Ltd. The thoughts and opinions shared here ...
art_0285::c0000,285,Adama Sesay on solving problems with sensors and microsystems,2023-05-14 09:25:00,01Synergy,https://robohub.org/adama-sesay-on-solving-problems-with-sensors-and-microsystems/,Adama Sesay on solving problems with sensors and microsystems. At the Wyss Adama is a member of the Advanced Technology Team and works on a wide range of projects ... the research side and translating that acquired knowledge into know-how services and products on the business and industrial sides.,49,Adama Sesay on solving problems with sensors and microsystems. At the Wyss Adama is a member of the Advanced Technology Team and works on a wide range of projects ... the research side and translating that acquired knowledge into know-how services and products on the business and industrial sides.
art_0286::c0000,286,Ryan Specialty Signs Definitive Agreement To Acquire Socius Insurance,2023-05-23 20:15:00,01Synergy,https://www.benzinga.com/pressreleases/23/05/b32540262/ryan-specialty-signs-definitive-agreement-to-acquire-socius-insurance,"Ryan Specialty Signs Definitive Agreement To Acquire Socius Insurance. Ryan Specialty (NYSE:RYAN) a leading international specialty insurance firm is pleased to announce that it has signed a definitive agreement to acquire Socius Insurance Services ('""Socius'"") a nation",37,"Ryan Specialty Signs Definitive Agreement To Acquire Socius Insurance. Ryan Specialty (NYSE:RYAN) a leading international specialty insurance firm is pleased to announce that it has signed a definitive agreement to acquire Socius Insurance Services ('""Socius'"") a nation"
art_0287::c0000,287,Search Solution Group in Charlotte expands into sports entertainment recruiting,2023-06-22 17:15:00,01Synergy,https://www.bizjournals.com/charlotte/news/2023/06/22/search-solution-group-expands-sports-recruiting.html,Search Solution Group in Charlotte expands into sports entertainment recruiting. Search Solution built its business recruiting and placing executives in various sectors including accounting finance human resources information technology sales and marketing and supply chain and manufacturing management. Executive recruiter ...,41,Search Solution Group in Charlotte expands into sports entertainment recruiting. Search Solution built its business recruiting and placing executives in various sectors including accounting finance human resources information technology sales and marketing and supply chain and manufacturing management. Executive recruiter ...
art_0288::c0000,288,L&T Technology Services Joins Forces With Palo Alto Networks as MSSP Partner for OT Security Offerings,2023-06-30 08:53:00,01Synergy,https://finance.yahoo.com/news/l-t-technology-services-joins-083000328.html,L&T Technology Services Joins Forces With Palo Alto Networks as MSSP Partner for OT Security Offerings. Partnership to offer comprehensive security platform for OT and address industrial segments BENGALURU India June 30 2023--(BUSINESS WIRE)--L&T Technology Services Limited (BSE: 540115 ...,40,L&T Technology Services Joins Forces With Palo Alto Networks as MSSP Partner for OT Security Offerings. Partnership to offer comprehensive security platform for OT and address industrial segments BENGALURU India June 30 2023--(BUSINESS WIRE)--L&T Technology Services Limited (BSE: 540115 ...
art_0289::c0000,289,Samsung unveils OLED display with embedded heart rate sensor,2023-05-23 22:48:00,01Synergy,https://www.androidheadlines.com/2023/05/samsung-unveils-oled-display-with-embedded-heart-rate-sensor.html,Samsung unveils OLED display with embedded heart rate sensor. It is a separate module attached under the display panel. These solutions can only detect fingerprints within a designated area which is typically directly above them. Samsung’s Sensor OLED Display comes with an embedded light-sensing organic photodiode (OPD) to address these limitations and take things up a notch.,57,Samsung unveils OLED display with embedded heart rate sensor. It is a separate module attached under the display panel. These solutions can only detect fingerprints within a designated area which is typically directly above them. Samsung’s Sensor OLED Display comes with an embedded light-sensing organic photodiode (OPD) to address these limitations and take things up a notch.
art_0290::c0000,290,Relationship-led approach to managing service providers in 2023,2023-02-28 15:16:24,01Synergy,https://www.msn.com/en-us/news/technology/relationship-led-approach-to-managing-service-providers-in-2023/ar-AA1834RH,Relationship-led approach to managing service providers in 2023. Mike Hicks explains why service led relationships are vital for enterprises looking to use the cloud at scale.,26,Relationship-led approach to managing service providers in 2023. Mike Hicks explains why service led relationships are vital for enterprises looking to use the cloud at scale.
art_0291::c0000,291,Innovative Industrial's Loan Style Leases Are Struggling,2023-01-20 09:53:00,01Synergy,https://seekingalpha.com/article/4571145-innovative-industrials-loan-style-leases-are-struggling,Innovative Industrial's Loan Style Leases Are Struggling. Innovative Industrial has consistently operated at fairly low leverage financing most of its acquisitions with equity. Find out why more tenant troubles lie ahead for IIPR.,33,Innovative Industrial's Loan Style Leases Are Struggling. Innovative Industrial has consistently operated at fairly low leverage financing most of its acquisitions with equity. Find out why more tenant troubles lie ahead for IIPR.
art_0292::c0000,292,LEAP23 announces investments of more than $9bln to support future technology and startups,2023-02-06 11:54:00,01Synergy,https://www.zawya.com/en/press-release/events-and-conferences/leap23-announces-investments-of-more-than-9bln-to-support-future-technology-and-startups-byz8mrbi,LEAP23 announces investments of more than $9bln to support future technology and startups. Abdullah bin Amer Alswaha the Minister of Communications and Information Technology (MCIT) during a keynote address ... Huawei’s US$400 million investment in cloud infrastructure for its services in the Kingdom and the launch of a Zoom cloud area ...,52,LEAP23 announces investments of more than $9bln to support future technology and startups. Abdullah bin Amer Alswaha the Minister of Communications and Information Technology (MCIT) during a keynote address ... Huawei’s US$400 million investment in cloud infrastructure for its services in the Kingdom and the launch of a Zoom cloud area ...
art_0293::c0000,293,Addressing Value Defects From Wasteful Services Through Health Technology Assessment,2023-03-06 00:00:00,01Synergy,https://www.healthaffairs.org/content/forefront/addressing-value-defects-wasteful-services-through-health-technology-assessment,Addressing Value Defects From Wasteful Services Through Health Technology Assessment. Well-established economic methods such as health technology ... and documenting information limitations. Effectiveness data in particular pose a challenge for health services interventions.,33,Addressing Value Defects From Wasteful Services Through Health Technology Assessment. Well-established economic methods such as health technology ... and documenting information limitations. Effectiveness data in particular pose a challenge for health services interventions.
art_0294::c0000,294,YS Tech working closely with China car vendors,2023-03-10 02:28:00,01Synergy,https://www.digitimes.com/news/a20230309PD211/automotive-china-ev+green-energy-ys-tech.html,YS Tech working closely with China car vendors. Automotive cooling fan supplier Yen Sun Technology (YS Tech) said it will work closely with Chinese customers and is anticipating a new Chinese government policy to boost the country's EV sector.,39,YS Tech working closely with China car vendors. Automotive cooling fan supplier Yen Sun Technology (YS Tech) said it will work closely with Chinese customers and is anticipating a new Chinese government policy to boost the country's EV sector.
art_0295::c0000,295,What is Business Information Technology?,2023-04-29 00:00:00,01Synergy,https://smesouthafrica.co.za/what-is-business-information-technology/,What is Business Information Technology?. These days all kinds of small businesses rely on technology to take care of daily tasks. Business information technology is something you simply can’t avoid as a business owner. Understanding the different types of information technology available ...,43,What is Business Information Technology?. These days all kinds of small businesses rely on technology to take care of daily tasks. Business information technology is something you simply can’t avoid as a business owner. Understanding the different types of information technology available ...
art_0296::c0000,296,School board decides to outsource technology services,2023-06-30 17:32:00,01Synergy,https://www.stuttgartdailyleader.com/school-board-decides-to-outsource-technology-services/,School board decides to outsource technology services. Stuttgart School Board met in a special session on Thursday June 29. The Stuttgart School District voted to outsource information technology services during a special called meeting Thursday evening. Superintendent Jeff McKinney first recommended that the ...,44,School board decides to outsource technology services. Stuttgart School Board met in a special session on Thursday June 29. The Stuttgart School District voted to outsource information technology services during a special called meeting Thursday evening. Superintendent Jeff McKinney first recommended that the ...
art_0297::c0000,297,HID introduces Technology Partner Program for mobile solutions,2023-05-23 17:55:00,01Synergy,https://www.securitysystemsnews.com/article/hid-introduces-technology-partner-program-for-mobile-solutions,HID introduces Technology Partner Program for mobile solutions. Identity solutions provider HID has announced the release of its HID Origo Technology Partner Program with a focus on mobile technologies.,29,HID introduces Technology Partner Program for mobile solutions. Identity solutions provider HID has announced the release of its HID Origo Technology Partner Program with a focus on mobile technologies.
art_0298::c0000,298,Gaming Network Oasys Onboards Japan Conglomerate SoftBank as Network Validator,2023-02-16 10:37:00,01Synergy,https://www.coindesk.com/business/2023/02/16/gaming-network-oasys-onboards-japan-conglomerate-softbank-as-network-validator/,Gaming Network Oasys Onboards Japan Conglomerate SoftBank as Network Validator. Japanese conglomerate SoftBank will become an official network validator on Oasys and will explore further collaborations with the gaming blockchain including the development of blockchain-based services,36,Gaming Network Oasys Onboards Japan Conglomerate SoftBank as Network Validator. Japanese conglomerate SoftBank will become an official network validator on Oasys and will explore further collaborations with the gaming blockchain including the development of blockchain-based services
art_0299::c0000,299,Truescope Acquires US Firm Universal Information Services,2023-02-01 06:08:00,01Synergy,https://www.scoop.co.nz/stories/BU2302/S00020/truescope-acquires-us-firm-universal-information-services.htm,Truescope Acquires US Firm Universal Information Services. Australian media intelligence company Truescope has strengthened its position in North America by acquiring leading agency Universal Information Services (UIS). Founded in 2019 and now ...,33,Truescope Acquires US Firm Universal Information Services. Australian media intelligence company Truescope has strengthened its position in North America by acquiring leading agency Universal Information Services (UIS). Founded in 2019 and now ...
