companyName,companyUrl,published_at,url,title,main_image,description
01Synergy,https://hackernoon.com/company/01synergy,2023-05-16 02:09:00,https://www.businesswire.com/news/home/20230515005855/en/onsemi-and-Sineng-Electric-Spearhead-the-Development-of-Sustainable-Energy-Applications/,onsemi and Sineng Electric Spearhead the Development of Sustainable Energy Applications,https://firebasestorage.googleapis.com/v0/b/hackernoon-app.appspot.com/o/images%2Fimageedit_25_7084755369.gif?alt=media&token=ca7527b0-a214-46d4-af72-1062b3df1458,(Nasdaq: ON) a leader in intelligent power and sensing technologies today announced that Sineng Electric will integrate onsemi EliteSiC silic
01Synergy,https://hackernoon.com/company/01synergy,2023-05-02 00:07:00,https://elkodaily.com/news/local/adobe-student-receives-national-information-and-technology-award/article_ad2d9924-e87b-11ed-8510-473937de4c3d.html,Adobe student receives national Information and Technology award,https://firebasestorage.googleapis.com/v0/b/hackernoon-app.appspot.com/o/images%2Fimageedit_25_7084755369.gif?alt=media&token=ca7527b0-a214-46d4-af72-1062b3df1458,ELKO — An eighth grader at Adobe Middle School is one of 34 middle school aged girls in Nevada to be recognized by the National Center for Women in Technology. Janelle Garcia was recently ...
01Synergy,https://hackernoon.com/company/01synergy,2023-05-01 22:22:00,https://www.aei.org/technology-and-innovation/modernizing-state-services-harnessing-technology-for-enhanced-public-service-delivery/,Modernizing State Services: Harnessing Technology for Enhanced Public Service Delivery,https://firebasestorage.googleapis.com/v0/b/hackernoon-app.appspot.com/o/images%2Fimageedit_25_7084755369.gif?alt=media&token=ca7527b0-a214-46d4-af72-1062b3df1458,To deliver 21st-century government services Governors and cabinet members need leaders with technology expertise to help design and implement policy priorities. It is imperative for state ...
01Synergy,https://hackernoon.com/company/01synergy,2023-05-02 13:12:00,https://www.crn.com/news/managed-services/terry-richardson-on-why-he-left-amd-greenpages-technology-chops-and-the-ai-opportunity,Terry Richardson On Why He Left AMD GreenPages’ Technology Chops And The AI Opportunity,https://firebasestorage.googleapis.com/v0/b/hackernoon-app.appspot.com/o/images%2Fimageedit_25_7084755369.gif?alt=media&token=ca7527b0-a214-46d4-af72-1062b3df1458,In February GreenPages acquired Toronto-based Zanaris an IT automation cloud and DevOps services firm ... Steve Burke has been reporting on the technology industry and sales channel for ...
01Synergy,https://hackernoon.com/company/01synergy,2023-05-15 20:01:00,https://www.benzinga.com/pressreleases/23/05/32404522/synex-renewable-energy-corporation-formerly-synex-international-inc-third-quarter-of-fiscal-2023,Synex Renewable Energy Corporation (Formerly Synex International Inc.) Third Quarter of Fiscal 2023,https://firebasestorage.googleapis.com/v0/b/hackernoon-app.appspot.com/o/images%2Fimageedit_25_7084755369.gif?alt=media&token=ca7527b0-a214-46d4-af72-1062b3df1458,"The conference will bring together growth oriented publicly traded clean energy and technology companies ... up to 4850 MW of clean power in British Columbia. For further information visit www.synex.com. This press release contains certain '""forward ..."
01Synergyhttps://hackernoon.com/company/01synergy2023-05-01 05:14:00https://www.cnbc.com/select/best-credit-monitoring-services/The best credit monitoring services that can help you spot fraud earlyhttps://firebasestorage.googleapis.com/v0/b/hackernoon-app.appspot.com/o/images%2Fimageedit_25_7084755369.gif?alt=media&token=ca7527b0-a214-46d4-af72-1062b3df1458Credit monitoring services can provide you with early notice of potential fraud on your credit report so you can take steps to protect your personal information. While these services can''t ...,,,,,,
01Synergyhttps://hackernoon.com/company/01synergy2023-01-05 03:17:00https://finance.yahoo.com/news/juniper-networks-selected-preferred-technology-143400189.htmlJuniper Networks Selected as Preferred Technology Partner for Deutsche Telekom’s Universal Managed Services Infrastructurehttps://firebasestorage.googleapis.com/v0/b/hackernoon-app.appspot.com/o/images%2Fimageedit_25_7084755369.gif?alt=media&token=ca7527b0-a214-46d4-af72-1062b3df1458as the first network technology partner for Magenta Business Networks SD-X. By leveraging the Juniper AI-driven Enterprise solution DT’s innovative new universal managed services platform will ...,,,,,,
01Synergyhttps://hackernoon.com/company/01synergy2023-01-08 10:45:00https://seekingalpha.com/article/4568555-data-io-stock-one-more-quarter-will-confirm-cyclical-upturnData I/O: Cyclical Upturn Finally Established? One More Quarter Will Tellhttps://www.bing.com/th?id=OVFT.WBcYf8PgxRMlksZoxUCAcS&pid=NewsData I/O is the market leader and has multiple secular tailwinds blowing in its favor servicing markets that show strong secular growth. See why DAIO is a Buy.,,,,,,
10Cloudshttps://hackernoon.com/company/10clouds2023-06-05 11:12:00https://www.wsj.com/articles/tech-media-telecom-roundup-market-talk-e2c07f9eTech Media & Telecom Roundup: Market Talkhttps://www.bing.com/th?id=OVFT.rbXG_xV5yBqdlc07g3-yrS&pid=NewsAppen TSK Hynix and more featured in the latest Market Talks covering Technology Media and Telecom.,,,,,,
01Synergyhttps://hackernoon.com/company/01synergy2022-12-23 14:13:00https://www.commercialintegrator.com/news/k2-joins-salas-obrien-expands-technology-and-acoustics-services/K2 Joins Salas O’Brien Expands Technology and Acoustics Serviceshttps://firebasestorage.googleapis.com/v0/b/hackernoon-app.appspot.com/o/images%2Fimageedit_25_7084755369.gif?alt=media&token=ca7527b0-a214-46d4-af72-1062b3df1458including over a dozen Certified Technology Specialists (CTS). This merger increases the combined team’s ability to provide comprehensive multi-disciplinary services. These include acoustical design electronic safety and security system design and ...,,,,,,
01Synergyhttps://hackernoon.com/company/01synergy2023-06-13 12:06:00https://www.benzinga.com/pressreleases/23/06/b32832603/dragos-launches-ot-cyber-industrys-only-global-partner-program-to-span-technology-services-threat-Dragos Launches OT Cyber Industry''s Only Global Partner Program to Span Technology Services Threat Intelligence and Traininghttps://firebasestorage.googleapis.com/v0/b/hackernoon-app.appspot.com/o/images%2Fimageedit_25_7084755369.gif?alt=media&token=ca7527b0-a214-46d4-af72-1062b3df1458The Dragos Partner Program enables channel partners to offer their customers the full range of ICS/OT cybersecurity technology and services to increase revenue opportunity and deliver positive ...,,,,,,
01Synergyhttps://hackernoon.com/company/01synergy2023-06-26 17:05:00https://www.drugdeliverybusiness.com/data-safety-accuracy-senseonics-365-day-cgm/Data supports safety and accuracy of Senseonics 365-day CGMhttps://www.bing.com/th?id=OVFT.ZN4CpvoltQo5RxQTsXplMi&pid=NewsSenseonics (NYSE:SENS) today announced positive data highlighting the effectiveness of its Eversense continuous glucose monitor (CGM).,,,,,,
01Synergyhttps://hackernoon.com/company/01synergy2023-07-09 14:39:00https://www.engadget.com/best-video-streaming-services-133000093.htmlThe best video streaming services in 2023https://firebasestorage.googleapis.com/v0/b/hackernoon-app.appspot.com/o/images%2Fimageedit_25_7084755369.gif?alt=media&token=ca7527b0-a214-46d4-af72-1062b3df1458The number of video streaming services available has increased dramatically over the past few years as everyone including Apple Disney and ESPN decides they want a piece of the pie. The days ...,,,,,,
01Synergyhttps://hackernoon.com/company/01synergy2023-06-27 10:21:00https://finance.yahoo.com/news/fidelity-national-information-services-fis-095110895.htmlFidelity National Information Services (FIS) Shares Fell on Investors’ Concernshttps://firebasestorage.googleapis.com/v0/b/hackernoon-app.appspot.com/o/images%2Fimageedit_25_7084755369.gif?alt=media&token=ca7527b0-a214-46d4-af72-1062b3df1458Fidelity National Information Services Inc. (NYSE:FIS) is a financial technology solutions provider headquartered in Jacksonville Florida. On June 26 2023 Fidelity National Information ...,,,,,,
01Synergyhttps://hackernoon.com/company/01synergy2023-02-28 16:17:00https://www.information-age.com/kubernetes-vs-docker-pros-and-cons-123501812/Kubernetes vs Docker – pros and conshttps://firebasestorage.googleapis.com/v0/b/hackernoon-app.appspot.com/o/images%2Fimageedit_25_7084755369.gif?alt=media&token=ca7527b0-a214-46d4-af72-1062b3df1458And if anything Kubernetes has greatly improved software and services development when using Docker or any other containers technology. ‘87% of organisations plan to deploy Kubernetes in mission-critical environments over the next three years’ Easy ...,,,,,,
01Synergyhttps://hackernoon.com/company/01synergy2023-03-14 08:36:00https://it.tmcnet.com/news/2023/03/14/9776098.htmMathWorks and Green Hills Software Develop Integration for Safety-Related Applications Using Infineon AURIX™ Microcontrollershttps://www.bing.com/th?id=OVFT.5UnC43ruzY3Jn3itJlixlC&pid=NewsMathWorks the leading developer of mathematical computing software and Green Hills Software the worldwide leader in embedded software safety and security announced an integration that helps engineers design safety-related applications for the Infineon AURIX™ TC4x family of automotive microcontrollers using Simulink ®.,,,,,,
01Synergyhttps://hackernoon.com/company/01synergy2023-03-07 23:59:00https://business.gov.au/Planning/Industry-information/Information-media-and-telecommunications-industryInformation media and telecommunications industryhttps://firebasestorage.googleapis.com/v0/b/hackernoon-app.appspot.com/o/images%2Fimageedit_25_7084755369.gif?alt=media&token=ca7527b0-a214-46d4-af72-1062b3df1458See statistics for Australian Industry and Technology ... Licence and Information Service (ABLIS) to find information on the licences you may need. The information media and telecommunications industry have specific Goods and Services Tax (GST) measures.,,,,,,
01Synergyhttps://hackernoon.com/company/01synergy2023-03-09 00:00:00https://www.uu.nl/en/research/institute-of-information-and-computing-sciencesInstitute of Information and Computing Scienceshttps://firebasestorage.googleapis.com/v0/b/hackernoon-app.appspot.com/o/images%2Fimageedit_25_7084755369.gif?alt=media&token=ca7527b0-a214-46d4-af72-1062b3df1458This results in many conveniences but it’s also a constant source of new – and often fundamental – challenges in the field of information and computing sciences. In our constantly changing (digital) society the Utrecht research Institute for ...,,,,,,
01Synergyhttps://hackernoon.com/company/01synergy2023-06-10 13:56:00https://www.technologyreview.com/2023/06/01/1073858/surreal-ai-generative-video-changing-film/Welcome to the new surreal. How AI-generated video is changing film.https://firebasestorage.googleapis.com/v0/b/hackernoon-app.appspot.com/o/images%2Fimageedit_25_7084755369.gif?alt=media&token=ca7527b0-a214-46d4-af72-1062b3df1458You can watch the film below in an exclusive reveal from MIT Technology Review. To make The Frost Waymark took a script written by Josh Rubin an executive producer at the company who directed ...,,,,,,
01Synergyhttps://hackernoon.com/company/01synergy2022-12-08 05:00:00https://www.destinationcrm.com/Articles/CRM-News/CRM-Across-the-Wire/Precisely-Achieves-Amazon-RDS-Ready-Product-Designation-for-Data-Integration-156283.aspxPrecisely Achieves Amazon RDS Ready Product Designation for Data Integrationhttps://firebasestorage.googleapis.com/v0/b/hackernoon-app.appspot.com/o/images%2Fimageedit_25_7084755369.gif?alt=media&token=ca7527b0-a214-46d4-af72-1062b3df1458Precisely a data integrity company has achieved the Amazon Relational Database Service (Amazon RDS) Ready Product designation part of the Amazon Web Services (AWS) Service Ready Program recognizing that Precisely Connect integrates seamlessly with Amazon RDS.,,,,,,
01Synergyhttps://hackernoon.com/company/01synergy2023-06-27 00:00:00https://www.rit.edu/study/computing-and-information-sciencesComputing and Information Sciences Degreeshttps://firebasestorage.googleapis.com/v0/b/hackernoon-app.appspot.com/o/images%2Fimageedit_25_7084755369.gif?alt=media&token=ca7527b0-a214-46d4-af72-1062b3df1458June 23 2023 AT&T and RIT video game development summer camp helps students close digital divide AT&T is teaming up with RIT to host a video game development program aimed at addressing equality issues in technology ... of Palmer Food Services and the ...,,,,,,
01Synergyhttps://hackernoon.com/company/01synergy2023-06-27 09:53:00https://www.insidermonkey.com/blog/fidelity-national-information-services-fis-shares-fell-on-investors-concerns-1162984/Fidelity National Information Services (FIS) Shares Fell on Investors’ Concernshttps://firebasestorage.googleapis.com/v0/b/hackernoon-app.appspot.com/o/images%2Fimageedit_25_7084755369.gif?alt=media&token=ca7527b0-a214-46d4-af72-1062b3df1458Fidelity National Information Services Inc. (NYSE:FIS) is a financial technology solutions provider headquartered in Jacksonville Florida. On June 26 2023 Fidelity National Information ...,,,,,,
01Synergyhttps://hackernoon.com/company/01synergy2023-02-28 23:44:00https://www.lsureveille.com/news/no-evidence-to-suggest-lsu-internet-outages-caused-by-cyberattack-according-to-technology-services/article_a8187d02-b7aa-11ed-b842-f798601ca2d7.htmlNo evidence to suggest LSU internet outages caused by cyberattack according to technology serviceshttps://firebasestorage.googleapis.com/v0/b/hackernoon-app.appspot.com/o/images%2Fimageedit_25_7084755369.gif?alt=media&token=ca7527b0-a214-46d4-af72-1062b3df1458There''s no evidence to suggest the internet outages across LSU''s campus Monday and Tuesday were caused by a cybersecurity incident according to an email from LSU Information Technology Services. The sudden outages caused disruptions to classes and exams ...,,,,,,
01Synergyhttps://hackernoon.com/company/01synergy2023-03-15 20:45:00https://www.tmcnet.com/usubmit/-sony-launch-subscription-service-developers-aitriostrade-new-edge-/2023/03/15/9777787.htmSony to Launch Subscription Service for Developers onhttps://firebasestorage.googleapis.com/v0/b/hackernoon-app.appspot.com/o/images%2Fimageedit_25_7084755369.gif?alt=media&token=ca7527b0-a214-46d4-af72-1062b3df1458Sony Semiconductor Solutions Corporation (SSS) today announced the launch of a new subscription service offering on its edge AI sensing platform AITRIOS™ in the U.S. as part of AITRIOS''s global expansion.,,,,,,
01Synergyhttps://hackernoon.com/company/01synergy2023-03-07 23:59:00https://business.gov.au/Planning/Industry-information/Accommodation-and-food-services-industryAccommodation and food services industryhttps://firebasestorage.googleapis.com/v0/b/hackernoon-app.appspot.com/o/images%2Fimageedit_25_7084755369.gif?alt=media&token=ca7527b0-a214-46d4-af72-1062b3df1458Check out the profile for the accommodation and food services industry on the Labour Market Insights ... The ACCC''s Travel and accommodation guide provides information on the Australian Consumer Law (ACL) for travel and accommodation businesses.,,,,,,
01Synergyhttps://hackernoon.com/company/01synergy2023-06-26 15:29:00https://www.news-medical.net/news/20230626/New-Sensor-Chip-Detects-Disease-Pathogens-with-10x-Sensitivity.aspxNew Sensor Chip Detects Disease Pathogens with 10x Sensitivityhttps://www.bing.com/th?id=OVFT.KJr04csjAr1zUIYcxBhkRy&pid=NewsTexas A&M AgriLife Research scientists and collaborators at Iowa State University have developed a sensor chip that can detect many disease pathogens with 10 times the sensitivity of currently available methods.,,,,,,
"01Synergyhttps://hackernoon.com/company/01synergy2022-12-14 11:33:00https://www.yahoo.com/now/worldwide-system-integrator-industrial-automation-113300681.htmlThe Worldwide System Integrator for Industrial Automation Industry is Expected to Reach $35.5 Billion by 2027https://www.bing.com/th?id=OVFT.-JnnizChmAaiU02wb-VBIS&pid=NewsThe '""Global System Integrator Market for Industrial Automation by Service Outlook Technology (HMI SCADA MES IIoT PAM DCS PLC Machine Vision Industrial Robotics Industrial PC) Industry and Region (North America",,,,,,
01Synergy,https://hackernoon.com/company/01synergy,2023-02-28 12:32:00,https://www.information-age.com/5-kubernetes-technology-vendors-hot-right-now-123501806/,5 Kubernetes technology vendors hot right now,https://firebasestorage.googleapis.com/v0/b/hackernoon-app.appspot.com/o/images%2Fimageedit_25_7084755369.gif?alt=media&token=ca7527b0-a214-46d4-af72-1062b3df1458,Kubernetes is a technology that has created a whole new ecosystem around itself and it is now a key plank in the DevOps movement when it comes to developing new applications and services and improving business operations Antony Savvas attended the recent ...
01Synergy,https://hackernoon.com/company/01synergy,2023-08-16 00:00:00,https://www.wku.edu/healthinformationmanagement/,Bachelor of Science in Health Information Management,https://firebasestorage.googleapis.com/v0/b/hackernoon-app.appspot.com/o/images%2Fimageedit_25_7084755369.gif?alt=media&token=ca7527b0-a214-46d4-af72-1062b3df1458,Health information management (HIM) is a diverse yet evolving field that incorporates medicine management finance information technology ... software vendors consulting services government agencies education and pharmaceutical companies.
01Synergy,https://hackernoon.com/company/01synergy,2023-09-27 00:00:00,https://www.federalregister.gov/agencies/office-of-government-information-services,Office of Government Information Services,https://firebasestorage.googleapis.com/v0/b/hackernoon-app.appspot.com/o/images%2Fimageedit_25_7084755369.gif?alt=media&token=ca7527b0-a214-46d4-af72-1062b3df1458,We are announcing 2019''s annual Chief FOIA Officers'' Council meeting co-chaired by the Director of OGIS and the Director of OIP.
01Synergy,https://hackernoon.com/company/01synergy,2023-07-03 00:00:00,https://www.buffalo.edu/administrative-services/information-for-suppliers.html,Information for Suppliers,https://firebasestorage.googleapis.com/v0/b/hackernoon-app.appspot.com/o/images%2Fimageedit_25_7084755369.gif?alt=media&token=ca7527b0-a214-46d4-af72-1062b3df1458,or service that use covered telecommunications equipment or services as a substantial or essential component of any system or as critical technology as part of any system. Additional information may be found at FAR Clause 52.204-25. Exhibit X Exhibit X is ...
01Synergy,https://hackernoon.com/company/01synergy,2022-12-27 11:38:00,https://pressgazette.co.uk/platforms/technology-and-services-for-publishers-recommended-companies/,Technology and services for publishers: Directory of recommended companies,https://firebasestorage.googleapis.com/v0/b/hackernoon-app.appspot.com/o/images%2Fimageedit_25_7084755369.gif?alt=media&token=ca7527b0-a214-46d4-af72-1062b3df1458,Welcome to Press Gazette’s directory of recommended companies providing services to the news publishing industry. Contact Richard Jamieson to enquire about working with Press Gazette as a ...
10Clouds,https://hackernoon.com/company/10clouds,2023-10-04 09:34:00,https://www.wsj.com/finance/investing/tech-media-telecom-roundup-market-talk-22d055db,Tech Media & Telecom Roundup: Market Talk,https://firebasestorage.googleapis.com/v0/b/hackernoon-app.appspot.com/o/images%2Fimageedit_25_7084755369.gif?alt=media&token=ca7527b0-a214-46d4-af72-1062b3df1458,Uber HP and more in the latest Market Talks covering Technology Media and Telecom.
01Synergy,https://hackernoon.com/company/01synergy,2022-12-07 13:45:00,https://www.benzinga.com/pressreleases/22/12/b29992210/aeris-to-acquire-iot-business-from-ericsson,Aeris to Acquire IoT Business from Ericsson,https://firebasestorage.googleapis.com/v0/b/hackernoon-app.appspot.com/o/images%2Fimageedit_25_7084755369.gif?alt=media&token=ca7527b0-a214-46d4-af72-1062b3df1458,Aeris Communications and Ericsson are joining together to create a leader in the fast-growing IoT industry Ericsson''s IoT Accelerator and Connected Vehicle Cloud businesses and related assets to be
01Synergy,https://hackernoon.com/company/01synergy,2023-07-11 04:48:00,https://www.devdiscourse.com/article/technology/2518545-ceinsys-tech-ltd-a-specialized-gis-mobility-engineering-services-provider-celebrates-25-years-of-enhancing-possibilities-e,Ceinsys Tech Ltd: A specialized GIS & Mobility engineering services provider celebrates 25 Years of Enhancing Possibilities; eyes global expansion,https://firebasestorage.googleapis.com/v0/b/hackernoon-app.appspot.com/o/images%2Fimageedit_25_7084755369.gif?alt=media&token=ca7527b0-a214-46d4-af72-1062b3df1458,A specialized GIS & Mobility engineering services provider celebrates 25 Years of Enhancing Possibilities; eyes global expansion on Devdiscourse
01Synergy,https://hackernoon.com/company/01synergy,2023-08-08 04:30:00,https://economictimes.indiatimes.com/lt-technology-services-ltd/stocksupdate/companyid-64987.cms,L&T Technology Services Schedule Of Analyst/ Institutional Investor Meetings,https://firebasestorage.googleapis.com/v0/b/hackernoon-app.appspot.com/o/images%2Fimageedit_25_7084755369.gif?alt=media&token=ca7527b0-a214-46d4-af72-1062b3df1458,5 Incremental borrowing done in FY (T)(a) 0.00 6 Mandatory borrowing to be done through debt securities in FY (T) (b) = (25% of a) 0.00 7 Actual borrowing done through debt securities in FY (T)(c) 0.00 8 Shortfall in the borrowing through debt securities ...
01Synergy,https://hackernoon.com/company/01synergy,2023-08-10 01:40:00,https://apnews.com/article/disney-disney-subscribers-loss-9b954f969e3c15fc18cd0054e5e7f6dd,Disney to boost prices for ad-free Disney+ and Hulu services and vows crackdown on password sharing,https://firebasestorage.googleapis.com/v0/b/hackernoon-app.appspot.com/o/images%2Fimageedit_25_7084755369.gif?alt=media&token=ca7527b0-a214-46d4-af72-1062b3df1458,(AP Photo/Richard Drew File) Walt Disney Co. CEO Bob Iger vowed to make its streaming services profitable via a planned October price hike on its ad-free Disney+ and Hulu plans and a crackdown on password sharing expected to extend through next year.
01Synergy,https://hackernoon.com/company/01synergy,2023-08-14 06:30:00,https://seekingalpha.com/article/4628045-stewart-information-services-q2-earnings-waiting-for-better-times,Stewart Information Services: Waiting For Better Times,https://firebasestorage.googleapis.com/v0/b/hackernoon-app.appspot.com/o/images%2Fimageedit_25_7084755369.gif?alt=media&token=ca7527b0-a214-46d4-af72-1062b3df1458,Stewart Information Services Corporation is in the property and casualty insurance industry. STC holds a 10% market share in the title market and operates in multiple countries. The company is ...
01Synergy,https://hackernoon.com/company/01synergy,2023-08-14 09:31:00,https://www.uh.edu/infotech/about/departments/tss/,About Technology Services & Support,https://firebasestorage.googleapis.com/v0/b/hackernoon-app.appspot.com/o/images%2Fimageedit_25_7084755369.gif?alt=media&token=ca7527b0-a214-46d4-af72-1062b3df1458,TSS is responsible for all IT customer support including management of the UIT Support Center UIT communications and Internet services and UIT facilities such as the Technology Commons. Provide high quality cost-effective technology support to members ...
01Synergy,https://hackernoon.com/company/01synergy,2023-07-11 10:00:00,https://skift.com/2023/07/11/sojern-expands-into-new-hotel-tech-via-acquisition-heres-the-thinking/,Sojern Expands into New Hotel Tech Via Acquisition. Here’s the Thinking.,https://firebasestorage.googleapis.com/v0/b/hackernoon-app.appspot.com/o/images%2Fimageedit_25_7084755369.gif?alt=media&token=ca7527b0-a214-46d4-af72-1062b3df1458&auto=format&fit=max&w=3840,Sojern has acquired VenueLytics a platform that provides guest management and communications software for independent hotels.
01Synergy,https://hackernoon.com/company/01synergy,2023-03-03 22:02:00,https://biztechmagazine.com/article/2023/03/services-and-solutions-companies-have-choices-network-monitoring,With Services and Solutions Companies Have Choices for Network Monitoring,https://firebasestorage.googleapis.com/v0/b/hackernoon-app.appspot.com/o/images%2Fimageedit_25_7084755369.gif?alt=media&token=ca7527b0-a214-46d4-af72-1062b3df1458&auto=format&fit=max&w=3840,Whichever way businesses accomplish it network visibility is essential for helping IT departments to ensure uptime and security. Mark Leary research director for network analytics and automation at IDC
01Synergy,https://hackernoon.com/company/01synergy,2023-03-12 18:39:00,https://www.pocket-lint.com/amazing-times-technology-saved-a-human-life/,Amazing times technology and everyday objects have saved a life,https://firebasestorage.googleapis.com/v0/b/hackernoon-app.appspot.com/o/images%2Fimageedit_25_7084755369.gif?alt=media&token=ca7527b0-a214-46d4-af72-1062b3df1458,It''s surprising how many different times a life has been saved by technology ... It''s capable of advanced natural language processing information retrieval automated reasoning and more.
01Synergy,https://hackernoon.com/company/01synergy,2023-09-01 01:02:00,https://www.benzinga.com/pressreleases/23/09/34163130/green-information-technology-service-market-2023-2030-forecasting-size-growth-and-trend-2023-2030,Green Information Technology Service Market 2023-2030: Forecasting Size Growth and Trend 2023-2030,https://firebasestorage.googleapis.com/v0/b/hackernoon-app.appspot.com/o/images%2Fimageedit_25_7084755369.gif?alt=media&token=ca7527b0-a214-46d4-af72-1062b3df1458,Green Information Technology Service market Report 2023 helps to gain a comprehensive understanding of the industry landscape spot growth prospects such as targeted strategies services ...
01Synergy,https://hackernoon.com/company/01synergy,2023-10-05 22:27:00,https://www.galvnews.com/news_ap/business/samsung-showcases-groundbreaking-logic-innovations-at-system-lsi-tech-day-2023/article_1f2bea2e-cdcd-518d-811f-4a6729d8a3de.html,Samsung Showcases Groundbreaking Logic Innovations at System LSI Tech Day 2023,https://firebasestorage.googleapis.com/v0/b/hackernoon-app.appspot.com/o/images%2Fimageedit_25_7084755369.gif?alt=media&token=ca7527b0-a214-46d4-af72-1062b3df1458&auto=format&fit=max&w=3840,Samsung Electronics Co. Ltd. a world leader in advanced semiconductor technology today unveiled its latest innovations in analog and logic semiconductor technologies and outlined its blueprint for upcoming technological advancements at its inaugural ...
01Synergy,https://hackernoon.com/company/01synergy,2023-09-19 00:00:00,https://www.cambridgenetwork.co.uk/sectors/information-technology-and-telecoms,Information Technology and Telecoms,https://firebasestorage.googleapis.com/v0/b/hackernoon-app.appspot.com/o/images%2Fimageedit_25_7084755369.gif?alt=media&token=ca7527b0-a214-46d4-af72-1062b3df1458,electronRx writes...Apple announced the launch of the iPhone 15 on 12th September to worldwide fanfare. The manufacturer hailed the new mobile phone as a ‘huge leap forward’ for the brand with new attractive design features including colour ...
01Synergy,https://hackernoon.com/company/01synergy,2023-09-18 10:15:00,https://financialpost.com/pmn/business-wire-news-releases-pmn/dynacerts-hydragen-technology-to-be-featured-by-the-city-of-ottawa-fleet-services-expo,dynaCERT's HydraGEN™ Technology to be Featured by the City of Ottawa Fleet Services Expo,https://firebasestorage.googleapis.com/v0/b/hackernoon-app.appspot.com/o/images%2Fimageedit_25_7084755369.gif?alt=media&token=ca7527b0-a214-46d4-af72-1062b3df1458,For further information and assistance regarding the dynaCERT Fleet Services Expo Team and dynaCERT’s HydraGEN™ Carbon Emission Reduction Technology line of commercial products please contact: dynaCERT’s Participation in the Ottawa Fleet Services ...
01Synergy,https://hackernoon.com/company/01synergy,2023-03-29 08:05:00,https://bestmediainfo.com/2023/03/ias-provides-verification-solution-to-amazon-publisher-services-connections-marketplace,IAS provides verification solution to Amazon Publisher Services Connections Marketplace,https://firebasestorage.googleapis.com/v0/b/hackernoon-app.appspot.com/o/images%2Fimageedit_25_7084755369.gif?alt=media&token=ca7527b0-a214-46d4-af72-1062b3df1458&auto=format&fit=max&w=3840,With this IAS is now the first verification provider accessible within the APS Connections Marketplace – a services marketplace where publishers can easily activate multiple technology solutions saving them time and resources and creating new revenue ...
01Synergy,https://hackernoon.com/company/01synergy,2023-07-06 00:00:00,https://www.computerweekly.com/microscope/resources/Network-Services,Network Services,https://firebasestorage.googleapis.com/v0/b/hackernoon-app.appspot.com/o/images%2Fimageedit_25_7084755369.gif?alt=media&token=ca7527b0-a214-46d4-af72-1062b3df1458,Mobile First is a miserable slogan but people in the Nordics are far happier than us and they adopted this strategy. So what does it actually mean? Continue Reading
01Synergy,https://hackernoon.com/company/01synergy,2023-03-16 11:29:00,https://diginomica.com/how-low-code-technology-empowered-servicenows-finance-team,How low-code technology empowered ServiceNow’s finance team,https://firebasestorage.googleapis.com/v0/b/hackernoon-app.appspot.com/o/images%2Fimageedit_25_7084755369.gif?alt=media&token=ca7527b0-a214-46d4-af72-1062b3df1458&auto=format&fit=max&w=3840,By utilizing our own platform and all the technology available to us ... out to all relevant authorities to gather respective deadlines and specific obligations. Information was then put in a spreadsheet and manually updated when complete.
01Synergy,https://hackernoon.com/company/01synergy,2023-03-10 20:12:00,https://seekingalpha.com/article/4586605-information-services-group-inc-iii-q4-2022-earnings-call-transcript,Information Services Group Inc. (III) Q4 2022 Earnings Call Transcript,https://firebasestorage.googleapis.com/v0/b/hackernoon-app.appspot.com/o/images%2Fimageedit_25_7084755369.gif?alt=media&token=ca7527b0-a214-46d4-af72-1062b3df1458,Hello everyone and welcome to the ISG 2022 Fourth Quarter and Full Year Results Call. My name is Charlie and I will be coordinating the call today. This call is being recorded and a replay will b ...
01Synergy,https://hackernoon.com/company/01synergy,2023-03-28 13:04:00,https://markets.businessinsider.com/news/stocks/intelligent-technical-solutions-expands-acquires-five-managed-service-providers-1032196706,Intelligent Technical Solutions Expands Acquires Five Managed Service Providers,https://firebasestorage.googleapis.com/v0/b/hackernoon-app.appspot.com/o/images%2Fimageedit_25_7084755369.gif?alt=media&token=ca7527b0-a214-46d4-af72-1062b3df1458&auto=format&fit=max&w=3840,"Intelligent Technical Solutions ('""ITS'"") a portfolio company of Tower Arch Capital is pleased to announce that it has acquired Granite Computer Solutions ( Tempe AZ ) BrightWire Networks ( Olympia"
01Synergy,https://hackernoon.com/company/01synergy,2023-04-19 01:08:00,https://washingtontechnology.com/companies/2023/04/renovus-unveils-new-government-services-company/385275/,Renovus unveils new government services company,https://firebasestorage.googleapis.com/v0/b/hackernoon-app.appspot.com/o/images%2Fimageedit_25_7084755369.gif?alt=media&token=ca7527b0-a214-46d4-af72-1062b3df1458,and information and communication technology. Aretum becomes the fourth company backed by Renovus in the government services market alongside Data Serv Deep Water Point & Associates and Insight ...
01Synergy,https://hackernoon.com/company/01synergy,2023-07-14 14:12:00,https://www.wwt.com/case-study/people-process-and-technology-to-scale-mlops-financial-services,Designing the People Process and Technology to Scale MLOps at a Financial Services Company,https://firebasestorage.googleapis.com/v0/b/hackernoon-app.appspot.com/o/images%2Fimageedit_25_7084755369.gif?alt=media&token=ca7527b0-a214-46d4-af72-1062b3df1458,and technology. We highlighted this approach in Top Considerations that Impact Decision-Making and many other articles geared toward helping companies begin their MLOps journey. Our unique approach was ideal for a Financial Services Company looking to ...
01Synergy,https://hackernoon.com/company/01synergy,2023-07-14 14:02:00,https://www.bl.uk/news/2023/july/disruption-to-technology-services,Disruption to technology services on Friday 14 July,https://firebasestorage.googleapis.com/v0/b/hackernoon-app.appspot.com/o/images%2Fimageedit_25_7084755369.gif?alt=media&token=ca7527b0-a214-46d4-af72-1062b3df1458,with limited technology-based services. We expect this to continue for the rest of today. We’re aiming to open Reading Rooms at St Pancras tomorrow and to offer services as normal but please look out for more information in case of further changes.
01Synergy,https://hackernoon.com/company/01synergy,2023-08-14 14:22:00,https://it.tmcnet.com/news/2023/08/14/9863898.htm,SIOS Technology Announces Partnership with ACP IT Solutions Expanding the Benefits of its High-Availability Software Solutions,https://firebasestorage.googleapis.com/v0/b/hackernoon-app.appspot.com/o/images%2Fimageedit_25_7084755369.gif?alt=media&token=ca7527b0-a214-46d4-af72-1062b3df1458,SIOS Technology Corp . an industry leader in application high availability (HA) and disaster recovery (DR) today announced it has partnered with ACP IT Solutions GmbH Dresden that supports customers throughout Germany
01Synergy,https://hackernoon.com/company/01synergy,2023-03-18 10:13:00,https://www.usnews.com/360-reviews/technology/streaming-services/best-live-tv-streaming-services,Best Live TV Streaming Services of 2023,https://firebasestorage.googleapis.com/v0/b/hackernoon-app.appspot.com/o/images%2Fimageedit_25_7084755369.gif?alt=media&token=ca7527b0-a214-46d4-af72-1062b3df1458,YouTube TV also earns the No. 1 spot in our Best Sports Streaming Services of 2023 rating. YouTube TV’s base plan costs $64.99 per month and offers more than 85 channels including sports ...
01Synergy,https://hackernoon.com/company/01synergy,2023-03-14 08:05:00,https://www.unwomen.org/en/how-we-work/innovation-and-technology/glossary,Glossary: Gender and Technology,https://firebasestorage.googleapis.com/v0/b/hackernoon-app.appspot.com/o/images%2Fimageedit_25_7084755369.gif?alt=media&token=ca7527b0-a214-46d4-af72-1062b3df1458,digital and information technology sectors such as digital platforms mobile applications and payment services which are making a growing contribution to economies; and a wider set of digitalizing and digitally enabled sectors in which new activities or ...
01Synergy,https://hackernoon.com/company/01synergy,2023-07-05 01:57:00,https://www.aclu.org/news/privacy-technology/the-aclu-is-committed-to-protecting-your-personal-information,The ACLU is Committed to Protecting Your Personal Information,https://firebasestorage.googleapis.com/v0/b/hackernoon-app.appspot.com/o/images%2Fimageedit_25_7084755369.gif?alt=media&token=ca7527b0-a214-46d4-af72-1062b3df1458,Why we remain committed to privacy both internally and externally As privacy and technology continue to evolve we remain committed to upholding the highest standards when handling your personal information and updating our policy to reflect that evolution.
01Synergy,https://hackernoon.com/company/01synergy,2022-12-14 14:02:00,https://www.tmcnet.com/usubmit/2022/12/14/9730197.htm,Iridium and Smithsonian's Movement of Life Initiative Team Up to Help Protect Endangered and Threatened Species,https://firebasestorage.googleapis.com/v0/b/hackernoon-app.appspot.com/o/images%2Fimageedit_25_7084755369.gif?alt=media&token=ca7527b0-a214-46d4-af72-1062b3df1458,Iridium Communications Inc. (Nasdaq: IRDM) announced it has created a first-of-its-kind program in support of the Smithsonian Institution''s Movement of Life Initiative which advances conservation through the science of animal tracking.
01Synergy,https://hackernoon.com/company/01synergy,2023-08-06 00:00:00,https://www.linkedin.com/pulse/technology-research-services-market-size-outlook/,Technology Research Services Market Size Outlook By KeyPlayers-G2 Gartner Forrester,https://firebasestorage.googleapis.com/v0/b/hackernoon-app.appspot.com/o/images%2Fimageedit_25_7084755369.gif?alt=media&token=ca7527b0-a214-46d4-af72-1062b3df1458,The bulk of the key insights in this study are based on in-depth information gleaned from primary and secondary data collection data. The Global Technology Research Services Market can be ...
01Synergy,https://hackernoon.com/company/01synergy,2023-08-05 05:59:00,https://hk.finance.yahoo.com/news/q2-2023-information-services-group-055221584.html,Q2 2023 Information Services Group Inc Earnings Call,https://firebasestorage.googleapis.com/v0/b/hackernoon-app.appspot.com/o/images%2Fimageedit_25_7084755369.gif?alt=media&token=ca7527b0-a214-46d4-af72-1062b3df1458,Barry Holt; Senior Advisor; Information Services Group ... a leading global health care technology company awarded ISG a new million dollar ISG governance contract. The contract extends our scope of services with this client which has 140 active GovernX ...
01Synergy,https://hackernoon.com/company/01synergy,2023-02-22 16:30:00,https://www.tmcnet.com/usubmit/2023/02/22/9764632.htm,Synchronoss to Showcase AI-Powered Personal Cloud Platform at Mobile World Congress,https://firebasestorage.googleapis.com/v0/b/hackernoon-app.appspot.com/o/images%2Fimageedit_25_7084755369.gif?alt=media&token=ca7527b0-a214-46d4-af72-1062b3df1458,The new Synchronoss Personal Cloud platform enables telecom operators to offer premium and value-added services to backup and manage files photos videos and digital content stored on mobile phones and other devices.
01Synergy,https://hackernoon.com/company/01synergy,2023-07-06 11:32:00,https://www.theregister.com/2023/07/06/microsoft_uk_software_services/,Microsoft drops out of top three for UK software and IT services,https://firebasestorage.googleapis.com/v0/b/hackernoon-app.appspot.com/o/images%2Fimageedit_25_7084755369.gif?alt=media&token=ca7527b0-a214-46d4-af72-1062b3df1458,"'""Our analysis suggests that current challenges and the potential opportunities for technology to help address them will continue to push strong demand in the UK software and IT services market – albeit at a more measured pace – over the forecast ..."
01Synergyhttps://hackernoon.com/company/01synergy2023-08-07 00:00:00https://www.computerweekly.com/resources/IT-for-financial-servicesIT for financial serviceshttps://firebasestorage.googleapis.com/v0/b/hackernoon-app.appspot.com/o/images%2Fimageedit_25_7084755369.gif?alt=media&token=ca7527b0-a214-46d4-af72-1062b3df1458Despite safeguards to protect customers from scams UK retail banks are still seeing high volumes of fake phishing websites exploiting their brands and the problem seems to be increasing in scope ...,,,,,,
01Synergyhttps://hackernoon.com/company/01synergy2023-01-27 15:22:00https://www.hawaiibusiness.com/industry-outlook-information-technology/Information Technology Outlook feat. Hawaiian Telcomhttps://firebasestorage.googleapis.com/v0/b/hackernoon-app.appspot.com/o/images%2Fimageedit_25_7084755369.gif?alt=media&token=ca7527b0-a214-46d4-af72-1062b3df1458With our expanded range of services and ... our customers’ IT and technology needs so that they can focus on running their businesses. Mahalo to this year's Industry Outlook partners for providing our readers with useful information in their respective ...,,,,,,
01Synergyhttps://hackernoon.com/company/01synergy2023-09-06 14:14:00https://markets.businessinsider.com/news/stocks/symetryx-corporation-acquires-20-stock-in-neubase-1032609407SYMETRYX CORPORATION ACQUIRES 20% STOCK IN NEUBASEhttps://firebasestorage.googleapis.com/v0/b/hackernoon-app.appspot.com/o/images%2Fimageedit_25_7084755369.gif?alt=media&token=ca7527b0-a214-46d4-af72-1062b3df1458OUR VIEWS ARE BASED ON OUR OWN ANALYSES OF PUBLICLY AVAILABLE INFORMATION AND ASSUMPTIONS WE BELIEVE TO BE REASONABLE. THERE CAN BE NO ASSURANCE THAT THE INFORMATION WE CONSIDERED AND ANALYZED IS ACCURATE OR COMPLETE. SIMILARLY THERE CAN BE NO ASSURANCE ...,,,,,,
01Synergyhttps://hackernoon.com/company/01synergy2023-08-16 09:33:00https://www.qub.ac.uk/directorates/InformationServices/TheLibrary/News/IntroducingLibrarySearch.htmlIntroducing Library Searchhttps://firebasestorage.googleapis.com/v0/b/hackernoon-app.appspot.com/o/images%2Fimageedit_25_7084755369.gif?alt=media&token=ca7527b0-a214-46d4-af72-1062b3df1458We are excited to announce the official launch of our new and improved library services platform ... A single unified gateway that opens the doors to a vast world of information. With Primo''s advanced search capabilities locating the materials you ...,,,,,,
"01Synergyhttps://hackernoon.com/company/01synergy2023-08-18 12:51:00https://medicalxpress.com/news/2023-08-nature-inspired-pressure-technology-aims-health.htmlNature-inspired pressure sensing technology aims to transform health care and surgical robotshttps://www.bing.com/th?id=OVFT.6SsoTKiJCbVegonfqisPpC&pid=NewsResearchers at the National University of Singapore (NUS) have developed a novel aero-elastic pressure sensor called '""eAir.'"" This technology can be used in minimally invasive surgeries and implantable sensors by directly addressing the challenges associated with existing pressure sensors.",,,,,,
01Synergyhttps://hackernoon.com/company/01synergy2023-02-09 12:19:00https://www.insurancetimes.co.uk/news-analysis/simon-pickering-technology-must-put-the-customer-and-broker-first/1443753.articleSimon Pickering: Technology must put the ‘customer and broker first’https://firebasestorage.googleapis.com/v0/b/hackernoon-app.appspot.com/o/images%2Fimageedit_25_7084755369.gif?alt=media&token=ca7527b0-a214-46d4-af72-1062b3df1458Since November 2017 he has been well established at Finance Isle of Man - the government agency responsible for the island’s financial and professional services sectors ... customers with information quickly - something technology and insurtechs ...,,,,,,
01Synergyhttps://hackernoon.com/company/01synergy2023-02-21 14:21:00https://www.yahoo.com/now/sensorium-galaxy-enters-public-playtest-142104207.htmlSensorium Galaxy Enters Public Playtest and Lays Out Global Metaverse Visionhttps://firebasestorage.googleapis.com/v0/b/hackernoon-app.appspot.com/o/images%2Fimageedit_25_7084755369.gif?alt=media&token=ca7527b0-a214-46d4-af72-1062b3df1458Sensorium is announcing that the Sensorium Galaxy metaverse has entered its much-awaited VR multiplayer public playtest as it opens up access to more virtual reality and content features inside,,,,,,
01Synergyhttps://hackernoon.com/company/01synergy2023-02-03 13:08:00https://www.seattlepi.com/business/article/integrated-electrical-services-fiscal-q1-17761531.phpIntegrated Electrical Services: Fiscal Q1 Earnings Snapshothttps://firebasestorage.googleapis.com/v0/b/hackernoon-app.appspot.com/o/images%2Fimageedit_25_7084755369.gif?alt=media&token=ca7527b0-a214-46d4-af72-1062b3df1458HOUSTON (AP) _ Integrated Electrical Services Inc. (IESC) on Friday reported fiscal first ... Earnings adjusted for non-recurring gains came to 82 cents per share. The communications and technology company posted revenue of $574.9 million in the period.,,,,,,
01Synergyhttps://hackernoon.com/company/01synergy2023-08-05 13:52:00https://www.tampabay.com/news/tampa/2023/08/01/need-housing-information-tampa-launches-tenant-services-team-help/Need housing information? Tampa launches Tenant Services Team to helphttps://firebasestorage.googleapis.com/v0/b/hackernoon-app.appspot.com/o/images%2Fimageedit_25_7084755369.gif?alt=media&token=ca7527b0-a214-46d4-af72-1062b3df1458Though initially noncommittal on the idea of the advocacy office less than a week later Castor announced the launch of a housing information ... newly created Tenant Services Team absorbed ...,,,,,,
01Synergyhttps://hackernoon.com/company/01synergy2023-04-18 12:06:00https://www.telegraphindia.com/edugraph/colleges/dr-ambedkar-memorial-institute-of-information-technology-and-management-science-rourkela-damiitmsr/1847Dr. Ambedkar Memorial Institute of Information Technology and Management Science Rourkelahttps://firebasestorage.googleapis.com/v0/b/hackernoon-app.appspot.com/o/images%2Fimageedit_25_7084755369.gif?alt=media&token=ca7527b0-a214-46d4-af72-1062b3df1458Ambedkar Memorial Institute of Information Technology and Management Science ... Additionally DAMITS Rourkela provides students with a range of placement services including as assisting them in finding and applying for employment preparing them for ...,,,,,,
01Synergyhttps://hackernoon.com/company/01synergy2023-07-14 07:41:00https://www.travelnewsasia.com/news23/147-AirportsofIndia.shtmlSITA to Upgrade Technology and Services at 43 of India's Biggest Airportshttps://firebasestorage.googleapis.com/v0/b/hackernoon-app.appspot.com/o/images%2Fimageedit_25_7084755369.gif?alt=media&token=ca7527b0-a214-46d4-af72-1062b3df1458Dark/Light Mode (14/07/23) SITA has been awarded a landmark deal from the Airports Authority of India to provide technology to 43 of India’s ... enabling proactive monitoring and control of services. “We’re excited to partner with AAI on this large ...,,,,,,
01Synergyhttps://hackernoon.com/company/01synergy2023-08-14 22:21:00https://www.forbes.com/sites/tiriasresearch/2023/08/14/intel-synopsys-cut-comprehensive-ip-deal-for-intel-foundry-services/Intel Synopsys Cut Comprehensive IP Deal For Intel Foundry Serviceshttps://www.bing.com/th?id=OVFT.kLAGqyEYaEO9Xe4WInzw_i&pid=NewsHaving Synopsys as a strategic IP and Electronic Design Automation (EDA) partner bolsters IFS’s credibility as a major foundry player.,,,,,,
01Synergyhttps://hackernoon.com/company/01synergy2023-02-09 20:15:00https://www.marketwatch.com/press-release/bioremediation-technology-and-services-market-research-report-2023-by-product-application-end-users-region-and-global-forecast-to-2029-2023-02-08Bioremediation Technology and Services Market Research Report 2023 by Product Application End-users Region And Global Forecast to 2029https://firebasestorage.googleapis.com/v0/b/hackernoon-app.appspot.com/o/images%2Fimageedit_25_7084755369.gif?alt=media&token=ca7527b0-a214-46d4-af72-1062b3df1458A variety of methodologies and analyses are used in the research to ensure accurate and comprehensive information about the Bioremediation Technology and Services Market. Which are the major ...,,,,,,
"01Synergyhttps://hackernoon.com/company/01synergy2023-08-04 15:31:00https://www.reuters.com/technology/apple-profit-tops-wall-street-targets-strong-services-counter-weaker-iphone-2023-08-03/Apple sees sales slump continuing shares drop 2% despite beating sales expectationshttps://firebasestorage.googleapis.com/v0/b/hackernoon-app.appspot.com/o/images%2Fimageedit_25_7084755369.gif?alt=media&token=ca7527b0-a214-46d4-af72-1062b3df1458For the just-ended period strength in services drove the profit beat ... the same field that is driving spending at other big technology companies. '""We''ve been doing research across a wide ...",,,,,,
01Synergy,https://hackernoon.com/company/01synergy,2023-08-04 17:14:00,https://www.reuters.com/technology/revolut-stop-crypto-services-us-customers-2023-08-04/,Revolut to stop crypto services for U.S. customers,https://firebasestorage.googleapis.com/v0/b/hackernoon-app.appspot.com/o/images%2Fimageedit_25_7084755369.gif?alt=media&token=ca7527b0-a214-46d4-af72-1062b3df1458,LONDON Aug 4 (Reuters) - British fintech Revolut will stop allowing U.S. customers to access cryptocurrencies the company said in a statement on Friday citing the regulatory environment and ...
01Synergy,https://hackernoon.com/company/01synergy,2023-04-19 15:03:00,https://www.finanznachrichten.de/nachrichten-2023-04/58855236-crexendo-inc-crexendo-adds-jenne-inc-as-new-technology-services-brokerage-partner-200.htm,Crexendo Inc.: Crexendo Adds Jenne Inc. as New Technology Services Brokerage Partner,https://firebasestorage.googleapis.com/v0/b/hackernoon-app.appspot.com/o/images%2Fimageedit_25_7084755369.gif?alt=media&token=ca7527b0-a214-46d4-af72-1062b3df1458,Crexendo announced today that Jenne Cloud Services Brokerage is a new Technology Services Brokerage for its VIP Business Communications Platform ®. The VIP platform is an all-in-one cloud ...
01Synergy,https://hackernoon.com/company/01synergy,2023-02-21 14:01:00,https://www.yahoo.com/now/ridgewood-infrastructure-ide-technologies-announce-140200379.html,Ridgewood Infrastructure and IDE Technologies Announce Water PPP with the City of Ft. Lauderdale,https://firebasestorage.googleapis.com/v0/b/hackernoon-app.appspot.com/o/images%2Fimageedit_25_7084755369.gif?alt=media&token=ca7527b0-a214-46d4-af72-1062b3df1458,"'""The Prospect Lake Clean Water Center is designed with a focus on sustainability using state-of-the-art nano-filtration and ion exchange technology ... and Utilities. For more information please visit www.ridgewoodinfrastructure.com."
01Synergyhttps://hackernoon.com/company/01synergy2023-02-02 17:09:00https://www.cmswire.com/the-wire/onesignal-secures-investment-from-servicenow-ventures/OneSignal Secures Investment From ServiceNow Ventureshttps://firebasestorage.googleapis.com/v0/b/hackernoon-app.appspot.com/o/images%2Fimageedit_25_7084755369.gif?alt=media&token=ca7527b0-a214-46d4-af72-1062b3df1458In September 2022 OneSignal announced a strategic partnership with Google Cloud Platform allowing developers and marketing teams to easily create a customer engagement experience native to the Google Cloud environment and purchase OneSignal services ...,,,,,,
01Synergyhttps://hackernoon.com/company/01synergy2023-08-17 11:04:00https://financialit.net/news/infrastructure/synechron-announces-opening-its-montreal-canada-nearshore-delivery-centreSynechron Announces the Opening of its Montreal Canada Nearshore Delivery Centrehttps://www.bing.com/th?id=OVFT.Sh6yFXFy0ek88L1_MuDGtS&pid=NewsSynechron Inc. a leading global digital transformation consulting firm focused on financial services and big technology organizations announces the opening of its new Canada Delivery Center located in the heart of the Montreal financial district.,,,,,,
01Synergyhttps://hackernoon.com/company/01synergy2023-05-04 19:06:00https://www.benzinga.com/pressreleases/23/05/n32222771/servicemaster-restore-network-continues-to-strengthen-from-investments-and-partnershipServiceMaster Restore Network Continues to Strengthen from Investments and Partnershiphttps://firebasestorage.googleapis.com/v0/b/hackernoon-app.appspot.com/o/images%2Fimageedit_25_7084755369.gif?alt=media&token=ca7527b0-a214-46d4-af72-1062b3df1458ATLANTA May 4 2023 /PRNewswire/ -- ServiceMaster CDR is pleased to announce that is has completed its strategic acquisition of ServiceMaster by Lewis. ServiceMaster by Lewis has several locations throughout Ohio in key markets such as Youngstown Akron ...,,,,,,
01Synergyhttps://hackernoon.com/company/01synergy2023-07-13 00:00:00https://www.ap.org/press-releases/2023/ap-open-ai-agree-to-share-select-news-content-and-technology-in-new-collaborationAP Open AI agree to share select news content and technology in new collaborationhttps://firebasestorage.googleapis.com/v0/b/hackernoon-app.appspot.com/o/images%2Fimageedit_25_7084755369.gif?alt=media&token=ca7527b0-a214-46d4-af72-1062b3df1458The Associated Press and OpenAI have reached an agreement to share access to select news content and technology as they examine potential use cases for generative AI in news products and services. The arrangement sees OpenAI licensing part of AP’s text ...,,,,,,
01Synergyhttps://hackernoon.com/company/01synergy2023-08-14 14:08:10https://www.msn.com/en-us/news/technology/era-of-efficiency-the-state-of-it-service-management-in-2023/ar-AA1fgk0fEra of efficiency: The state of IT service management in 2023https://www.bing.com/th?id=OVFT.qVD9Nww2EFThxrDIGH7wRC&pid=NewsIn a flatlining economy and against a backdrop of escalating inflation and the cost of living crisis the old era of big budgets for bad software is ending – paving the way for the era of efficiency.,,,,,,
01Synergyhttps://hackernoon.com/company/01synergy2023-07-31 09:25:00https://history-computer.com/largest-information-technology-companies/The 10 Largest Information Technology (IT) Companies In The World And What They Dohttps://firebasestorage.googleapis.com/v0/b/hackernoon-app.appspot.com/o/images%2Fimageedit_25_7084755369.gif?alt=media&token=ca7527b0-a214-46d4-af72-1062b3df1458International Business Machine (IBM) offers two major IT solutions: Global Technology Services (GTS) and Global Business Services (GBS). Information technology is an ever-growing field with new discoveries services and products being created every day.,,,,,,
01Synergyhttps://hackernoon.com/company/01synergy2023-03-03 19:38:00https://www.logisticsmgmt.com/article/softeon_acquires_warehouse_technology_firm_getusroiSofteon acquires warehouse technology firm GetUsROIhttps://firebasestorage.googleapis.com/v0/b/hackernoon-app.appspot.com/o/images%2Fimageedit_25_7084755369.gif?alt=media&token=ca7527b0-a214-46d4-af72-1062b3df1458The move adds to the software supplier’s lineup advanced integration and deployment tools for use across many modes of distribution automation.,,,,,,
01Synergyhttps://hackernoon.com/company/01synergy2023-05-05 18:08:00https://www.biometricupdate.com/202305/onfido-selfie-biometrics-integrated-by-salesforce-as-kyc-signup-pace-sustainsOnfido selfie biometrics integrated by Salesforce as KYC signup pace sustainshttps://www.bing.com/th?id=OVFT.wF64a9aWjTZtdV10AHQ65C&pid=NewsSalesforce is boosting its Know Your Customer (KYC) capabilities by integrating with Onfido while Shufti Pro iDenfy and Incode strike new deals.,,,,,,
01Synergyhttps://hackernoon.com/company/01synergy2023-09-05 23:22:00https://www.bellevuereporter.com/reviews/lifesync-reviews-do-not-buy-life-sync-ai-fitness-tracker-smart-watch-yet/LifeSync Reviews: Do NOT Buy Life Sync AI Fitness Tracker Smart Watch Yet!https://www.bing.com/th?id=OVFT.E_Ci1nwQFC92529qB8yreC&pid=NewsConsequently information about the cardiovascular system will be presented. Today wearable gadgets have this technology integrated in the form of sensors which are often high-intensity green lights visible on the rear of smartwatches to monitor pulse ...,,,,,,
01Synergyhttps://hackernoon.com/company/01synergy2023-08-15 03:30:00https://venturebeat.com/ai/intel-partners-with-synopsys-for-designing-chips-for-contract-manufacturing/Intel partners with Synopsys for designing chips for contract manufacturinghttps://www.bing.com/th?id=OVFT.aF2yBmCmsM3nCONZvDK6Ci&pid=NewsIntel and Synopsys have expanded a partnership to develop a portfolio of intellectual property (IP) for Intel Foundry Services.,,,,,,
"01Synergyhttps://hackernoon.com/company/01synergy2023-08-01 03:05:00https://www.benzinga.com/sector/information-technology-0Information Technologyhttps://firebasestorage.googleapis.com/v0/b/hackernoon-app.appspot.com/o/images%2Fimageedit_25_7084755369.gif?alt=media&token=ca7527b0-a214-46d4-af72-1062b3df1458Gainers Adamis Pharmaceuticals Corporation (NASDAQ: ADMP) shares gained 188.8% to $4.13. The stock is now on the Regulation SHO '""threshold security'"" list. Motorsport Games Inc. (NASDAQ: MSGM ...",,,,,,
01Synergyhttps://hackernoon.com/company/01synergy2023-04-03 00:00:00https://www.ljmu.ac.uk/study/courses/postgraduates/computing-and-information-systemsMSc Computing and Information Systemshttps://firebasestorage.googleapis.com/v0/b/hackernoon-app.appspot.com/o/images%2Fimageedit_25_7084755369.gif?alt=media&token=ca7527b0-a214-46d4-af72-1062b3df1458Computing and information technology are ever changing. LJMU’s approach ensures that you are kept up-to-date with technical innovations and that you widen your experience by combining your technical skills with an understanding of information technology ...,,,,,,
01Synergyhttps://hackernoon.com/company/01synergy2023-03-07 11:34:00https://technews.tmcnet.com/news/2023/03/07/9772045.htmService Express Acquires Data Center Support Provider ServIQhttps://www.bing.com/th?id=OVFT.37dyOvwJcN-ieB5Z2wYnBi&pid=NewsServIQ provides multivendor data center support for some of the world''s largest brands and Fortune 500 companies. In addition to over 19 years of industry experience ServIQ brings a team of talented sales,,,,,,
01Synergyhttps://hackernoon.com/company/01synergy2023-08-13 23:59:00https://miamioh.edu/it-services/initiatives-and-projects/student-tech-grant/index.htmlStudent Technology Feehttps://firebasestorage.googleapis.com/v0/b/hackernoon-app.appspot.com/o/images%2Fimageedit_25_7084755369.gif?alt=media&token=ca7527b0-a214-46d4-af72-1062b3df1458The Student Technology Fee funds programs and services that support students in achieving their academic program goals and enhancing their life at Miami. Any student faculty member staff member group or department on the Oxford campus may submit a ...,,,,,,
01Synergyhttps://hackernoon.com/company/01synergy2023-09-28 00:00:00https://www.meed.com/kuwait-information-system-services-september2023Kuwait: Information system serviceshttps://firebasestorage.googleapis.com/v0/b/hackernoon-app.appspot.com/o/images%2Fimageedit_25_7084755369.gif?alt=media&token=ca7527b0-a214-46d4-af72-1062b3df1458Subscribe or upgrade your current MEED.com package to support your strategic planning with the MENA region’s best source of business information. Proceed to our online shop below to find out more about the features in each package.,,,,,,
01Synergyhttps://hackernoon.com/company/01synergy2023-07-03 05:48:00https://economictimes.indiatimes.com/lt-technology-services-ltd/stocksupdate/companyid-64987.cmsL&T Technology Services Compliances-Certificate under Reg. 74 (5) of SEBI (DP) Regulations 2018https://firebasestorage.googleapis.com/v0/b/hackernoon-app.appspot.com/o/images%2Fimageedit_25_7084755369.gif?alt=media&token=ca7527b0-a214-46d4-af72-1062b3df14585 Incremental borrowing done in FY (T)(a) 0.00 6 Mandatory borrowing to be done through debt securities in FY (T) (b) = (25% of a) 0.00 7 Actual borrowing done through debt securities in FY (T)(c) 0.00 8 Shortfall in the borrowing through debt securities ...,,,,,,
01Synergyhttps://hackernoon.com/company/01synergy2023-02-23 12:45:00https://www.theweek.in/wire-updates/business/2023/02/23/dcm30-landt-technology-services-limited.htmlL T Technology Services and Qualcomm Selected by Thales for Enabling 5G Private Networks in Urban Railwayshttps://firebasestorage.googleapis.com/v0/b/hackernoon-app.appspot.com/o/images%2Fimageedit_25_7084755369.gif?alt=media&token=ca7527b0-a214-46d4-af72-1062b3df1458L&T Technology Services Limited (BSE: 540115 ... 28 global sales offices and 91 innovation labs as of December 31 2022. For more information please visit www.LTTS.com About Thales Thales (Euronext Paris: HO) is a global leader in advanced technologies ...,,,,,,
01Synergyhttps://hackernoon.com/company/01synergy2023-08-19 20:15:00https://www.federalregister.gov/documents/2019/05/17/2019-10538/securing-the-information-and-communications-technology-and-services-supply-chain?mc_cid=4b7636934d&mc_eid=UNIQID&mc_cid=4b7636934d&mc_eid=UNIQIDSecuring the Information and Communications Technology and Services Supply Chainhttps://firebasestorage.googleapis.com/v0/b/hackernoon-app.appspot.com/o/images%2Fimageedit_25_7084755369.gif?alt=media&token=ca7527b0-a214-46d4-af72-1062b3df1458I DONALD J. TRUMP President of the United States of America find that foreign adversaries are increasingly creating and exploiting vulnerabilities in information and communications technology and services which store and communicate vast amounts of ...,,,,,,
01Synergyhttps://hackernoon.com/company/01synergy2023-09-27 00:00:00https://www.nature.com/subjects/information-systems-and-information-technologyInformation systems and information technology articles from across Nature Portfoliohttps://firebasestorage.googleapis.com/v0/b/hackernoon-app.appspot.com/o/images%2Fimageedit_25_7084755369.gif?alt=media&token=ca7527b0-a214-46d4-af72-1062b3df1458For decades researchers knowledge brokers and policymakers have been working to increase the use of evidence in policymaking. This has spanned a wide range of approaches from developments in ...,,,,,,
01Synergyhttps://hackernoon.com/company/01synergy2022-12-19 18:34:00https://www.benzinga.com/pressreleases/22/12/b30134057/sensormatic-solutions-by-johnson-controls-shares-2022-u-s-super-saturday-shopper-traffic-insightsSensormatic Solutions by Johnson Controls shares 2022 U.S. Super Saturday shopper traffic insightshttps://firebasestorage.googleapis.com/v0/b/hackernoon-app.appspot.com/o/images%2Fimageedit_25_7084755369.gif?alt=media&token=ca7527b0-a214-46d4-af72-1062b3df1458Shopper traffic data indicates that visits to physical stores on Super Saturday (Dec. 17) were up 17% from the previous Saturday (Dec. 10) Compared to Super Saturday 2021 shopper traffic was up 0.2%,,,,,,
01Synergyhttps://hackernoon.com/company/01synergy2022-12-28 03:59:00https://www.insidermonkey.com/blog/sypris-solutions-inc-nasdaqsypr-q3-2022-earnings-call-transcript-1100546/Sypris Solutions Inc. (NASDAQ:SYPR) Q3 2022 Earnings Call Transcripthttps://www.bing.com/th?id=OVFT.doutliMB1tF0n2XR_YdrfS&pid=NewsOperator: Good day and welcome to the Sypris Solutions Inc. Conference Call. Today’s call is being recorded. At this time for opening remarks I would like to turn the call over to the President and Chief Executive Officer,,,,,,
"01Synergyhttps://hackernoon.com/company/01synergy2022-12-19 13:07:00https://www.marketwatch.com/press-release/website-maintenance-services-market-provides-an-in-depth-insight-of-trends-and-landscape-outlook-2023-2029-2022-12-19Website Maintenance Services Market Provides an In-Depth Insight of Trends and Landscape Outlook 2023-2029https://firebasestorage.googleapis.com/v0/b/hackernoon-app.appspot.com/o/images%2Fimageedit_25_7084755369.gif?alt=media&token=ca7527b0-a214-46d4-af72-1062b3df1458A latest extensive market study titled Global “Website Maintenance Services Market'"" Outlook from 2023 to 2029 enfolds",,,,,,
01Synergy,https://hackernoon.com/company/01synergy,2023-09-23 00:08:00,https://www.moneycontrol.com/news/business/stocks/trade-spotlight-your-strategy-for-hdfc-bank-lt-technology-services-hpcl-today-11406451.html,Trade Spotlight | Your strategy for HDFC Bank L&T Technology Services HPCL today,https://firebasestorage.googleapis.com/v0/b/hackernoon-app.appspot.com/o/images%2Fimageedit_25_7084755369.gif?alt=media&token=ca7527b0-a214-46d4-af72-1062b3df1458,Stocks that fared better than broader markets and equity benchmarks included HDFC Bank L&T Technology Services and HPCL. HDFC Bank has formed a Doji or High Wave kind of pattern on the daily ...
01Synergy,https://hackernoon.com/company/01synergy,2022-12-12 14:21:00,http://koreabizwire.com/agc-biologics-and-gore-collaborate-on-new-protein-a-based-purification-technology-and-contract-manufacturing-services-for-antibody-therapies/235549,AGC Biologics and Gore Collaborate on New Protein A-based Purification Technology and Contract Manufacturing Services for Antibody Therapies,https://firebasestorage.googleapis.com/v0/b/hackernoon-app.appspot.com/o/images%2Fimageedit_25_7084755369.gif?alt=media&token=ca7527b0-a214-46d4-af72-1062b3df1458,The collaboration includes the family of GORE® Protein Capture Devices with Protein A which improves productivity in Protein A affinity purification and provides high binding capacity at short residence times alongside AGC Biologics’ mAb-based CDMO ...
01Synergy,https://hackernoon.com/company/01synergy,2023-09-06 13:51:00,https://www.benzinga.com/pressreleases/23/09/34279546/g-suite-technology-services-market-research-report-2023-2030-117-pages-report,G Suite Technology Services Market Research Report 2023-2030 | 117 Pages Report,https://firebasestorage.googleapis.com/v0/b/hackernoon-app.appspot.com/o/images%2Fimageedit_25_7084755369.gif?alt=media&token=ca7527b0-a214-46d4-af72-1062b3df1458,Moreover Consumer behavior analysis and market dynamics (drivers restraints opportunities) provides crucial information for knowing the G Suite Technology Services market. Get a Sample Copy of ...
01Synergy,https://hackernoon.com/company/01synergy,2023-09-22 18:06:00,https://www.bicmagazine.com/resources/sponsored-content/leading-liquid-handling-technology-and-services-pave-the-way-for-esg-initiatives/,Leading liquid-handling technology and services pave the way for ESG initiatives,https://firebasestorage.googleapis.com/v0/b/hackernoon-app.appspot.com/o/images%2Fimageedit_25_7084755369.gif?alt=media&token=ca7527b0-a214-46d4-af72-1062b3df1458,Together with its complete line of liquid-handling equipment and services Rain for Rent can create solutions that result in responsible sustainable operations. For more information visit rainforrent.com or call (800) 742-7246.
01Synergy,https://hackernoon.com/company/01synergy,2023-07-21 00:00:00,https://businessmirror.com.ph/2023/07/21/kyndryl-bridge-provides-new-way-to-manage-technology-services/,Kyndryl Bridge provides new way to manage technology services,https://firebasestorage.googleapis.com/v0/b/hackernoon-app.appspot.com/o/images%2Fimageedit_25_7084755369.gif?alt=media&token=ca7527b0-a214-46d4-af72-1062b3df1458,MANILA – Kyndryl (NYSE: KD) the world’s largest technology infrastructure services provider today announced that more than 500 global enterprise customers are operational on Kyndryl ...
01Synergy,https://hackernoon.com/company/01synergy,2022-12-05 17:23:00,https://www.fedscoop.com/ann-lewis-director-of-gsas-technology-transformation-services/,Biden administration names Ann Lewis director of GSA’s Technology Transformation Services,https://firebasestorage.googleapis.com/v0/b/hackernoon-app.appspot.com/o/images%2Fimageedit_25_7084755369.gif?alt=media&token=ca7527b0-a214-46d4-af72-1062b3df1458,The Biden administration has appointed former Small Business Administration technology adviser Ann Lewis as director of Technology Transformation Services at the General ... the chief technology officer and chief information officer. Cohen-Levy also ...
01Synergy,https://hackernoon.com/company/01synergy,2022-12-05 16:48:00,https://afro.com/linking-finance-and-technology-can-brighten-financial-transactions/,Linking finance and technology can brighten financial transactions,https://firebasestorage.googleapis.com/v0/b/hackernoon-app.appspot.com/o/images%2Fimageedit_25_7084755369.gif?alt=media&token=ca7527b0-a214-46d4-af72-1062b3df1458,Fintech has come to mean the integration of technology ... and contrasting the information they receive with advice from people with credible expertise in the financial services industry.
01Synergy,https://hackernoon.com/company/01synergy,2023-06-01 01:10:00,https://www.engadget.com/best-video-streaming-services-133000093.html,The best video streaming services in 2023,https://firebasestorage.googleapis.com/v0/b/hackernoon-app.appspot.com/o/images%2Fimageedit_25_7084755369.gif?alt=media&token=ca7527b0-a214-46d4-af72-1062b3df1458,The number of video streaming services available has increased dramatically over the past few years as everyone including Apple Disney and ESPN decides they want a piece of the pie. The days ...
01Synergy,https://hackernoon.com/company/01synergy,2023-06-09 06:52:00,https://www.fmiblog.com/2023/06/09/condition-monitoring-service-market-navigation-imaging-and-positioning-solutions-market/,Condition Monitoring Service Market Navigation Imaging and Positioning Solutions Market,https://firebasestorage.googleapis.com/v0/b/hackernoon-app.appspot.com/o/images%2Fimageedit_25_7084755369.gif?alt=media&token=ca7527b0-a214-46d4-af72-1062b3df1458,The global demand for condition monitoring services is projected to surpass the valuation of US$ 6.79 Billion by 2031 end. As suggested by a new Future Market Insights (FMI) report substantial growth in the condition monitoring service market is mainly backed by the growth of the power generation industry
01Synergy,https://hackernoon.com/company/01synergy,2023-06-16 15:16:00,https://www.plasticsnews.com/news/solvays-plastics-business-will-be-part-new-firm-syensqo,Solvay's plastics business will be part of new firm Syensqo,https://firebasestorage.googleapis.com/v0/b/hackernoon-app.appspot.com/o/images%2Fimageedit_25_7084755369.gif?alt=media&token=ca7527b0-a214-46d4-af72-1062b3df1458&auto=format&fit=max&w=3840,"Officials previously said that Solvay''s plastics and composites businesses will be in the specialty firm Syensqo. They added on June 16 that Syensqo '""will be a science company of explorers who seek unexpected perspectives"
01Synergyhttps://hackernoon.com/company/01synergy2023-08-09 00:00:00https://www.medpagetoday.com/practicemanagement/informationtechnologyInformation Technologyhttps://firebasestorage.googleapis.com/v0/b/hackernoon-app.appspot.com/o/images%2Fimageedit_25_7084755369.gif?alt=media&token=ca7527b0-a214-46d4-af72-1062b3df1458Visit us on Facebook. Opens in a new tab or window Visit us on Twitter. Opens in a new tab or window Visit us on Instagram. Opens in a new tab or window Visit us on LinkedIn. Opens in a new tab or ...,,,,,,
"01Synergyhttps://hackernoon.com/company/01synergy2023-04-14 22:05:00https://www.tmcnet.com/usubmit/-1700-more-andrews-customers-will-soon-be-eligible-/2023/04/14/9794921.htm1700 More Andrews Customers Will Soon Be Eligible for Kinetic''s High-Speed Fiber for 1st Timehttps://firebasestorage.googleapis.com/v0/b/hackernoon-app.appspot.com/o/images%2Fimageedit_25_7084755369.gif?alt=media&token=ca7527b0-a214-46d4-af72-1062b3df1458The new optical fiber Kinetic will lay in the city will expand Kinetic''s fiber broadband coverage in Andrews beyond its existing 4200 customers to nearly 6000. '""I applaud Kinetic for investing in expanding high-speed fiber internet that will soon benefit nearly 6",,,,,,
01Synergy,https://hackernoon.com/company/01synergy,2023-04-13 23:59:00,https://www.wku.edu/online/bach-programs/cit/,B.S. in Computer Information Technology,https://firebasestorage.googleapis.com/v0/b/hackernoon-app.appspot.com/o/images%2Fimageedit_25_7084755369.gif?alt=media&token=ca7527b0-a214-46d4-af72-1062b3df1458,The 100% online Bachelor of Science in Computer Information Technology (CIT) program at WKU can help you prepare for many exciting career options. CIT has become an integral part of modern life and business. Among its most important functions are the ...
01Synergy,https://hackernoon.com/company/01synergy,2023-07-06 17:58:00,https://www.pewresearch.org/topic/internet-technology/,Internet & Technology,https://firebasestorage.googleapis.com/v0/b/hackernoon-app.appspot.com/o/images%2Fimageedit_25_7084755369.gif?alt=media&token=ca7527b0-a214-46d4-af72-1062b3df1458,Read our research on: World Leaders | Artificial Intelligence | Affirmative Action Read our research on: World Leaders | Artificial Intelligence | Affirmative Action COVID-19 & Technology More than 44 million #BlackLivesMatter tweets from nearly 10 million ...
01Synergy,https://hackernoon.com/company/01synergy,2023-06-29 00:00:00,https://www.fordham.edu/summer-session/summer-courses/course-descriptions-by-subject/computer-and-information-science/,Computer and Information Science Summer Courses,https://firebasestorage.googleapis.com/v0/b/hackernoon-app.appspot.com/o/images%2Fimageedit_25_7084755369.gif?alt=media&token=ca7527b0-a214-46d4-af72-1062b3df1458,This course covers basic materials in discrete structure and algorithms which are used in computing science information technology and telecommunications ... knowledge to understand the technologies and services that enable cloud computing discusses ...
01Synergy,https://hackernoon.com/company/01synergy,2023-06-28 12:26:00,https://www.waketech.edu/programs-courses/credit/human-services-technology,Human Services Technology,https://firebasestorage.googleapis.com/v0/b/hackernoon-app.appspot.com/o/images%2Fimageedit_25_7084755369.gif?alt=media&token=ca7527b0-a214-46d4-af72-1062b3df1458,The Human Services Technology (HST) curriculum prepares students for entry-level positions in institutions and agencies that provide education and social and community services to enable people to live more autonomous satisfying productive lives.
01Synergy,https://hackernoon.com/company/01synergy,2023-10-12 01:54:00,https://www.qub.ac.uk/directorates/InformationServices/Services/Security/cs-knowledge-base/privacy-protection-guide/,Privacy in the Digital Age: Your Ultimate Guide,https://firebasestorage.googleapis.com/v0/b/hackernoon-app.appspot.com/o/images%2Fimageedit_25_7084755369.gif?alt=media&token=ca7527b0-a214-46d4-af72-1062b3df1458,Applications specific services and practicing sound digital hygiene all contribute to the ease with which malicious entities can access your information and determine the extent of data accessible for potential theft. Think of data broker sites as ...
01Synergy,https://hackernoon.com/company/01synergy,2023-09-26 13:14:00,https://www.bankingdive.com/news/citi-token-services-launch-commercial-blockchain-technology-cross-border-instant-payments/694092/,Citi launches token service for institutional clients,https://firebasestorage.googleapis.com/v0/b/hackernoon-app.appspot.com/o/images%2Fimageedit_25_7084755369.gif?alt=media&token=ca7527b0-a214-46d4-af72-1062b3df1458,Citi has launched a token service using blockchain technology to offer digital asset solutions for its institutional clients the lender announced Monday. The new service called Citi Token Services will convert clients’ deposits into digital tokens ...
01Synergy,https://hackernoon.com/company/01synergy,2023-01-10 23:02:00,https://www.tmcnet.com/channels/call-center-management/news/-leantaas-acquires-hospital-iq-create-ai-innovator-hospital-/2023/01/10/9740970.htm,LeanTaaS Acquires Hospital IQ to Create AI Innovator for Hospital Operations Optimization,https://firebasestorage.googleapis.com/v0/b/hackernoon-app.appspot.com/o/images%2Fimageedit_25_7084755369.gif?alt=media&token=ca7527b0-a214-46d4-af72-1062b3df1458&auto=format&fit=max&w=3840,LeanTaaS Acquires Hospital IQ to Create AI Innovator for Hospital Operations Optimization. LeanTaaS Inc. a Silicon Valley-based leading provider of AI-powered and SaaS-based cap
01Synergy,https://hackernoon.com/company/01synergy,2023-01-10 08:00:00,https://markets.businessinsider.com/news/stocks/synechron-completes-integration-of-payments-services-and-solutions-provider-attra-1032008638,Synechron Completes Integration of Payments Services and Solutions Provider Attra,https://firebasestorage.googleapis.com/v0/b/hackernoon-app.appspot.com/o/images%2Fimageedit_25_7084755369.gif?alt=media&token=ca7527b0-a214-46d4-af72-1062b3df1458,Attra will operate under the Synechron brand as Synechron Payments following full integration within SynechronNEW YORK TORONTO Ohio
01Synergy,https://hackernoon.com/company/01synergy,2023-08-27 05:38:00,https://www.lse.co.uk/ShareChat.html?ShareTicker=SYN&thread=1761B9E9-406E-4695-9A01-A04F945D286C,Synergia Energy Share Chat,https://firebasestorage.googleapis.com/v0/b/hackernoon-app.appspot.com/o/images%2Fimageedit_25_7084755369.gif?alt=media&token=ca7527b0-a214-46d4-af72-1062b3df1458,The IP address of all posts is recorded to aid in enforcing these conditions. As a user you agree to any information you have entered being stored in a database. You agree that we have the right to remove edit move or close any topic or board at any time ...
01Synergy,https://hackernoon.com/company/01synergy,2023-08-27 22:05:35,https://www.msn.com/en-us/health/wellness/sensory-processing-and-emotional-regulation/ar-AA1fRmC0,Sensory Processing and Emotional Regulation,https://firebasestorage.googleapis.com/v0/b/hackernoon-app.appspot.com/o/images%2Fimageedit_25_7084755369.gif?alt=media&token=ca7527b0-a214-46d4-af72-1062b3df1458&auto=format&fit=max&w=3840,If you’re someone with sensory processing issues you might also have a tough time with your emotional regulation. Emotional regulation allows us to manage and express our emotions in a healthy and adaptive manner.
01Synergy,https://hackernoon.com/company/01synergy,2023-10-12 14:12:00,https://www.tmcnet.com/usubmit/-cost-optimization-drives-record-demand-managed-services-q3-/2023/10/12/9897828.htm,Cost Optimization Drives Record Demand for Managed Services in Q3 ISG Index™ Finds,https://firebasestorage.googleapis.com/v0/b/hackernoon-app.appspot.com/o/images%2Fimageedit_25_7084755369.gif?alt=media&token=ca7527b0-a214-46d4-af72-1062b3df1458,Data from the ISG Index™ which measures commercial outsourcing contracts with annual contract value (ACV) of $5 million or more show third-quarter ACV for the combined global market (both XaaS and managed services) at $23.
01Synergy,https://hackernoon.com/company/01synergy,2023-07-19 10:58:00,https://technews.tmcnet.com/news/2023/07/19/9850583.htm,ATS Corporation Acquires Life Science Digitalization Solutions Provider Odyssey,https://firebasestorage.googleapis.com/v0/b/hackernoon-app.appspot.com/o/images%2Fimageedit_25_7084755369.gif?alt=media&token=ca7527b0-a214-46d4-af72-1062b3df1458,"Odyssey will join ATS'' Process Automation Solutions ('""PA'"") business a leading provider of automation and digitalization solutions for the process and manufacturing industries. Od"
01Synergy,https://hackernoon.com/company/01synergy,2022-12-16 13:07:00,https://www.middlebury.edu/office/information-technology-services/news/its-helpdesk-winter-break-information-0,ITS Helpdesk Winter Break Information,https://firebasestorage.googleapis.com/v0/b/hackernoon-app.appspot.com/o/images%2Fimageedit_25_7084755369.gif?alt=media&token=ca7527b0-a214-46d4-af72-1062b3df1458,As we approach our winter break we want to update you on ITS Helpdesk hours and our availability to assist you. The Helpdesk will be closed for the winter break from December 23 - January 2 2023. ITS will continue to monitor systems. Here are some ...
01Synergy,https://hackernoon.com/company/01synergy,2023-09-06 13:37:00,https://www.businesswire.com/news/home/20230906867778/en/Prolucent-and-UKG-Announce-Technology-Integration-Partnership,Prolucent and UKG Announce Technology Integration Partnership,https://firebasestorage.googleapis.com/v0/b/hackernoon-app.appspot.com/o/images%2Fimageedit_25_7084755369.gif?alt=media&token=ca7527b0-a214-46d4-af72-1062b3df1458,DALLAS--(BUSINESS WIRE)--Prolucent Health ® a leading provider of enterprise-wide healthcare workforce optimization software and services today announced a new technology partnership with UKG ...
01Synergy,https://hackernoon.com/company/01synergy,2023-10-04 10:49:00,https://www.cnet.com/tech/gaming/here-are-the-best-game-subscription-services/,Here Are the Best Game Subscription Services,https://firebasestorage.googleapis.com/v0/b/hackernoon-app.appspot.com/o/images%2Fimageedit_25_7084755369.gif?alt=media&token=ca7527b0-a214-46d4-af72-1062b3df1458,ever. Credentials Author of the award-winning NY Times-reviewed nonfiction book The Tetris Effect; Longtime consumer technology expert for CBS Mornings Gaming streaming services are available and ...
01Synergy,https://hackernoon.com/company/01synergy,2022-12-06 12:30:00,https://bmmagazine.co.uk/business/artificial-intelligence-ai-in-blockchain-technology-and-bitcoin/,Artificial intelligence (AI) in Blockchain Technology and Bitcoin,https://firebasestorage.googleapis.com/v0/b/hackernoon-app.appspot.com/o/images%2Fimageedit_25_7084755369.gif?alt=media&token=ca7527b0-a214-46d4-af72-1062b3df1458,Artificial Intelligence (AI) and blockchain technology in terms of the finance industry and bitcoin could provide a key for efficient transactions. Financial services require ... customer data and inventory information needed to determine where to ...
01Synergy,https://hackernoon.com/company/01synergy,2023-06-10 14:34:00,https://marketingsentinel.com/2023/06/10/boom-or-bust-what-are-synchrony-financials-nysesyf-future-prospects/,Boom Or Bust: What Are Synchrony Financial’s (NYSE:SYF) Future Prospects?,https://firebasestorage.googleapis.com/v0/b/hackernoon-app.appspot.com/o/images%2Fimageedit_25_7084755369.gif?alt=media&token=ca7527b0-a214-46d4-af72-1062b3df1458,Synchrony Financial (NYSE:SYF)’s traded shares stood at 3.63 million during the last session with the company’s beta value hitting 1.57. At the close of trading the stock’s price was $33.69 to imply a decrease of -0.
01Synergy,https://hackernoon.com/company/01synergy,2023-05-30 21:34:00,https://finance.yahoo.com/news/stericycle-chief-financial-officer-chief-110000546.html,Stericycle Chief Financial Officer and Chief Information Officer Janet Zelenka Wins 2023 Bronze Stevie® Award for Technology Executive of the Year,https://firebasestorage.googleapis.com/v0/b/hackernoon-app.appspot.com/o/images%2Fimageedit_25_7084755369.gif?alt=media&token=ca7527b0-a214-46d4-af72-1062b3df1458,Zelenka executive vice president chief financial officer and chief information officer has won the 2023 Bronze Stevie ® Award for Technology ... business-to-business services company and ...
01Synergy,https://hackernoon.com/company/01synergy,2023-04-01 04:00:00,https://www.cnbc.com/select/best-identity-theft-protection-services/,Spot fraud fast with identity theft protection services that offer up to $1 million in insurance,https://firebasestorage.googleapis.com/v0/b/hackernoon-app.appspot.com/o/images%2Fimageedit_25_7084755369.gif?alt=media&token=ca7527b0-a214-46d4-af72-1062b3df1458,While identity theft services can alert you if your personal information appears on the dark web or is misused it''s important to understand that these services can''t prevent fraud from happening.
01Synergy,https://hackernoon.com/company/01synergy,2022-12-29 22:27:00,https://www.essence.com/business/data-provokes-thought-and-changes-lives-heres-how-technology-canenhance-equity/,“Data Provokes Thought And Changes Lives”—Here’s How Technology Can Enhance Equity,https://firebasestorage.googleapis.com/v0/b/hackernoon-app.appspot.com/o/images%2Fimageedit_25_7084755369.gif?alt=media&token=ca7527b0-a214-46d4-af72-1062b3df1458,That’s something that the team at Amazon Web Services (AWS) fully understands. Through their Artificial Intelligence (AI)/machine learning (ML) technology they help businesses like ADP ...
01Synergy,https://hackernoon.com/company/01synergy,2022-12-18 00:00:00,https://www.marketwatch.com/press-release/bioremediation-technology-and-services-market-size-2023-2029-industry-share-growth-factor-revenue-and-trends-outlook-report-2022-12-18,Bioremediation Technology and Services Market Size [2023-2029] | Industry Share Growth Factor Revenue And Trends Outlook Report,https://firebasestorage.googleapis.com/v0/b/hackernoon-app.appspot.com/o/images%2Fimageedit_25_7084755369.gif?alt=media&token=ca7527b0-a214-46d4-af72-1062b3df1458,Bioremediation Technology and Services Market Research Report is spread across 106 Pages and provides exclusive data information vital statistics trends and competitive landscape details in ...
01Synergy,https://hackernoon.com/company/01synergy,2023-09-06 00:00:00,https://www.astuteanalytica.com/industry/information-technology,Information Technology,https://firebasestorage.googleapis.com/v0/b/hackernoon-app.appspot.com/o/images%2Fimageedit_25_7084755369.gif?alt=media&token=ca7527b0-a214-46d4-af72-1062b3df1458,Ethiopia mobile value-added services market was valued at US$ 1434.5 million in 2022 and is projected to attain a valuation of US$ 7479.7 million by 2031 at a CAGR of 20.14% during the forecast period 2023–2031. Global optical design software market ...
01Synergy,https://hackernoon.com/company/01synergy,2023-05-02 10:00:00,https://www.chicagotribune.com/news/criminal-justice/ct-chicago-police-superintendent-armed-robbery-20230502-s6yjozpk5fexvixi2mtak45opi-story.html,He’s helping pick Chicago’s next police superintendent. Here’s what he learned when he was robbed at gunpoint.,https://firebasestorage.googleapis.com/v0/b/hackernoon-app.appspot.com/o/images%2Fimageedit_25_7084755369.gif?alt=media&token=ca7527b0-a214-46d4-af72-1062b3df1458&auto=format&fit=max&w=3840,Nearly 9000 people were robbed in Chicago last year according to police data. Unlike other victims Anthony Driver is president of the commission helping to select a new police superintendent.
01Synergy,https://hackernoon.com/company/01synergy,2023-04-15 04:59:00,https://www.thetechedvocate.org/what-are-technology-services/,What are Technology Services?,https://firebasestorage.googleapis.com/v0/b/hackernoon-app.appspot.com/o/images%2Fimageedit_25_7084755369.gif?alt=media&token=ca7527b0-a214-46d4-af72-1062b3df1458,Technology services refer to the vast array of services support and solutions that are aimed at enhancing and optimizing the use of information technology in a business or organization. With the advent of advanced technologies businesses across diverse ...
01Synergy,https://hackernoon.com/company/01synergy,2023-04-13 12:07:00,https://seekingalpha.com/article/4593865-selected-information-technology-stocks-ranked-by-value,Selected Information Technology Stocks Ranked By Value,https://firebasestorage.googleapis.com/v0/b/hackernoon-app.appspot.com/o/images%2Fimageedit_25_7084755369.gif?alt=media&token=ca7527b0-a214-46d4-af72-1062b3df1458,24 highly rated Information Technology stocks were evaluated by means of a multi-factor value matrix. The value matrix is a broad effort to identify those Information Technology stocks that are ...
01Synergy,https://hackernoon.com/company/01synergy,2022-12-31 15:37:00,https://finance.yahoo.com/news/naas-technology-inc-announces-appointment-125600716.html,NaaS Technology Inc. Announces Appointment of Alex Wu as Chief Financial Officer President and Director,https://firebasestorage.googleapis.com/v0/b/hackernoon-app.appspot.com/o/images%2Fimageedit_25_7084755369.gif?alt=media&token=ca7527b0-a214-46d4-af72-1062b3df1458,The Company is a subsidiary of Newlinks Technology Limited a leading energy digitalization group in China. NaaS provides one-stop services to ... and the industry. All information provided ...
01Synergy,https://hackernoon.com/company/01synergy,2022-12-28 11:22:00,https://indianexpress.com/article/technology/tech-news-technology/jio-fiber-service-down-restore-8349019/,Jio Fiber services restored after outage across the country,https://firebasestorage.googleapis.com/v0/b/hackernoon-app.appspot.com/o/images%2Fimageedit_25_7084755369.gif?alt=media&token=ca7527b0-a214-46d4-af72-1062b3df1458,Downdetector a platform known for reporting the status of various websites and services also re-affirms the same that ... As of now there is no exact information on what caused a country-wide outage of the Jio Fiber network. This is not the first time ...
01Synergy,https://hackernoon.com/company/01synergy,2022-12-28 22:28:00,https://www.itworldcanada.com/article/new-mastodon-site-dedicated-to-technology-news-and-information-launches-technews-social/519499,New Mastodon site dedicated to technology news and information launches – technews.social,https://firebasestorage.googleapis.com/v0/b/hackernoon-app.appspot.com/o/images%2Fimageedit_25_7084755369.gif?alt=media&token=ca7527b0-a214-46d4-af72-1062b3df1458,“Those of us who follow and work with technology tend to be more logical and analytical in their thinking” said Jim Love chief information officer (CIO) of IT World Canada. “We don’t ...
01Synergy,https://hackernoon.com/company/01synergy,2022-12-28 00:00:00,https://www.musicconnection.com/is-technology-making-music-more-accessible-a-closer-look-at-how-ai-transforms-the-way-we-experience-learn-and-create-music/,Is technology making music more accessible?: A closer look at how AI transforms the way we experience learn and create music,https://firebasestorage.googleapis.com/v0/b/hackernoon-app.appspot.com/o/images%2Fimageedit_25_7084755369.gif?alt=media&token=ca7527b0-a214-46d4-af72-1062b3df1458,Is technology making music ... and support services. Music Connection exists to serve artists and music people to offer connections to the unconnected and to provide exclusive information that can help our readers take their music to the next level.
01Synergy,https://hackernoon.com/company/01synergy,2023-04-17 17:43:00,https://www.militarytimes.com/video/2023/04/17/combating-propaganda-information-warfare-in-the-sea-services/,Combating propaganda: Information warfare in the sea services,https://firebasestorage.googleapis.com/v0/b/hackernoon-app.appspot.com/o/images%2Fimageedit_25_7084755369.gif?alt=media&token=ca7527b0-a214-46d4-af72-1062b3df1458,Leaders of the Navy and Marine Corps spoke at the Sea-Air-Space expo on how to counter Chinese and Russian disinformation. Military Times © 2023 Military Times © 2023
01Synergy,https://hackernoon.com/company/01synergy,2023-04-17 00:00:00,https://www.ou.edu/cas/slis/programs/BSIST,BS Information Science & Technology,https://firebasestorage.googleapis.com/v0/b/hackernoon-app.appspot.com/o/images%2Fimageedit_25_7084755369.gif?alt=media&token=ca7527b0-a214-46d4-af72-1062b3df1458,The BSIST is an applied Information Technology and Data Science degree that teaches students to design and build IT and data solutions with a user-centered approach. Graduates will have the skills to analyze users’ information problems provide solutions ...
01Synergy,https://hackernoon.com/company/01synergy,2022-12-19 08:36:00,https://businessday.ng/news/article/revenue-oyo-leverage-technology-to-block-leakages/,Revenue: Oyo leverage technology to block leakages,https://firebasestorage.googleapis.com/v0/b/hackernoon-app.appspot.com/o/images%2Fimageedit_25_7084755369.gif?alt=media&token=ca7527b0-a214-46d4-af72-1062b3df1458&auto=format&fit=max&w=3840,The Oyo state Government has revealed that it is switching to technology to drive revenue collection in order to curb every form of revenue leakage in
01Synergy,https://hackernoon.com/company/01synergy,2022-12-28 16:36:00,https://gulfnews.com/business/corporate-news/mercans-acclaimed-by-top-global-analysts-as-a-leader-in-payroll-technology-for-its-excellence-1.1672231456394,Mercans acclaimed by top global analysts as a leader in payroll technology for its excellence,https://firebasestorage.googleapis.com/v0/b/hackernoon-app.appspot.com/o/images%2Fimageedit_25_7084755369.gif?alt=media&token=ca7527b0-a214-46d4-af72-1062b3df1458,Mercans the global frontrunner in payroll technology has recently been named a Leader in NelsonHall’s annual NEAT assessment of the leading payroll companies across the globe. Among multi ...
01Synergy,https://hackernoon.com/company/01synergy,2022-12-28 12:50:00,https://channelvisionmag.com/first-orion-hiya-join-neustar-tns-to-unify-enterprise-call-vetting/,First Orion Hiya Join Neustar TNS to Unify Enterprise Call Vetting,https://firebasestorage.googleapis.com/v0/b/hackernoon-app.appspot.com/o/images%2Fimageedit_25_7084755369.gif?alt=media&token=ca7527b0-a214-46d4-af72-1062b3df1458&auto=format&fit=max&w=3840,First Orion Hiya Join Neustar TNS to Unify Enterprise Call Vetting Core Communications ChannelVision Magazine
01Synergy,https://hackernoon.com/company/01synergy,2022-12-15 07:41:00,https://www.jaxdailyrecord.com/article/fidelity-national-information-services-inc-seen-as-activist-investor-target,Fidelity National Information Services Inc. seen as activist investor target,https://firebasestorage.googleapis.com/v0/b/hackernoon-app.appspot.com/o/images%2Fimageedit_25_7084755369.gif?alt=media&token=ca7527b0-a214-46d4-af72-1062b3df1458,Fidelity National Information Services ... is one of the largest providers of technology to banks but the company sought to widen its reach with the acquisition of Cincinnati-based Worldpay and its technology services for merchants.
01Synergy,https://hackernoon.com/company/01synergy,2022-12-13 10:16:00,https://www.valdostadailytimes.com/ap/business/jonathan-nichols-joins-ventiv-technology-as-global-head-of-customer-success/article_106f0fc7-b6e5-5e01-984b-31a127ffe93d.html,Jonathan Nichols joins Ventiv Technology as Global Head of Customer Success,https://firebasestorage.googleapis.com/v0/b/hackernoon-app.appspot.com/o/images%2Fimageedit_25_7084755369.gif?alt=media&token=ca7527b0-a214-46d4-af72-1062b3df1458,Prior to joining Ventiv Nichols was most recently Chief Operating Officer for an Insurtech software firm Origami Risk where he led a professional services team resulting in strong organic ...
01Synergy,https://hackernoon.com/company/01synergy,2023-08-07 12:52:00,https://www.cmswire.com/the-wire/freshworks-unveils-ai-powered-customer-service-suite-with-freddy-generative-ai-integration/,Freshworks Unveils AI-Powered Customer Service Suite with Freddy Generative AI Integration,https://firebasestorage.googleapis.com/v0/b/hackernoon-app.appspot.com/o/images%2Fimageedit_25_7084755369.gif?alt=media&token=ca7527b0-a214-46d4-af72-1062b3df1458,Freshworks Inc.  (NASDAQ: FRSH) today announced the launch of its AI-powered Customer Service Suite  which brings together self-service bots agent-led conversational messaging and automated ticketing management in an all-in-one solution.
01Synergy,https://hackernoon.com/company/01synergy,2023-02-01 22:18:00,https://technews.tmcnet.com/news/2023/02/01/9753595.htm,Eseye named as a Visionary by Gartner® in the 2023 Magic Quadrant™ for Managed IoT Connectivity Services Worldwide,https://firebasestorage.googleapis.com/v0/b/hackernoon-app.appspot.com/o/images%2Fimageedit_25_7084755369.gif?alt=media&token=ca7527b0-a214-46d4-af72-1062b3df1458,Eseye a pioneer of integrated cellular IoT connectivity solutions today announced that it has been positioned by Gartner® as a Visionary in the 2023 Magic Quadrant™ for Managed IoT Connectivity Services Worldwide for its advanced offering.
01Synergy,https://hackernoon.com/company/01synergy,2023-07-21 00:42:00,https://seekingalpha.com/news/3989409-fidelity-national-information-services-inc-declares-0_52-dividend,Fidelity National Information Services Inc. declares $0.52 dividend,https://firebasestorage.googleapis.com/v0/b/hackernoon-app.appspot.com/o/images%2Fimageedit_25_7084755369.gif?alt=media&token=ca7527b0-a214-46d4-af72-1062b3df1458,To ensure this doesn’t happen in the future please enable Javascript and cookies in your browser. Is this happening to you frequently? Please report it on our ...
01Synergy,https://hackernoon.com/company/01synergy,2022-12-05 18:18:00,https://newstalkkzrg.com/2022/12/05/kansas-gives-a-farewell-to-secretary-of-administration-and-chief-information-technology-officer-dr-deangela-burns-wallace/,Kansas gives a farewell to Secretary of Administration and Chief Information Technology Officer Dr. DeAngela Burns-Wallace,https://firebasestorage.googleapis.com/v0/b/hackernoon-app.appspot.com/o/images%2Fimageedit_25_7084755369.gif?alt=media&token=ca7527b0-a214-46d4-af72-1062b3df1458,In addition to her role as Secretary of Administration Dr. Burns-Wallace also has led the Office of Information Technology Services as Chief Information Technology Officer (CITO) since August 2019. During the Covid-19 pandemic Dr. Burns-Wallace was a ...
01Synergy,https://hackernoon.com/company/01synergy,2022-12-06 07:03:00,https://www.prnewswire.co.uk/news-releases/nec-iberica-and-nec-laboratories-europe-advance-data-space-and-5g-technology-research-with-a-smart-campus-for-the-university-of-murcia-301692766.html,NEC Ibérica and NEC Laboratories Europe advance data space and 5G technology research with a smart campus for the University of Murcia,https://firebasestorage.googleapis.com/v0/b/hackernoon-app.appspot.com/o/images%2Fimageedit_25_7084755369.gif?alt=media&token=ca7527b0-a214-46d4-af72-1062b3df1458,To encourage innovative research the IoT architecture of the Espinardo campus will include FIWARE: the open-source technology ... services and communication infrastructure. For more information ...
01Synergy,https://hackernoon.com/company/01synergy,2023-06-07 12:28:00,https://www.cic.gc.ca/ENGLISH/newcomers/services/index.asp,Find free newcomer services near you,https://firebasestorage.googleapis.com/v0/b/hackernoon-app.appspot.com/o/images%2Fimageedit_25_7084755369.gif?alt=media&token=ca7527b0-a214-46d4-af72-1062b3df1458,We’ve made our settlement services available to all Ukrainian temporary residents and their dependants in Canada until March 31 2023. Learn about what to do before and after you travel to Canada or explore our settlement content on your own.
01Synergy,https://hackernoon.com/company/01synergy,2023-06-05 18:04:00,https://www.automation.com/en-us/articles/june-2023/kpi-solutions-expands-new-atlanta-office,KPI Solutions Expands with New Atlanta Office,https://firebasestorage.googleapis.com/v0/b/hackernoon-app.appspot.com/o/images%2Fimageedit_25_7084755369.gif?alt=media&token=ca7527b0-a214-46d4-af72-1062b3df1458&auto=format&fit=max&w=3840,Industry veteran Chris Barber leads the eastern regional team to provide sales and service that transforms companies’ distribution and fulfillment operations.
01Synergy,https://hackernoon.com/company/01synergy,2023-03-13 11:40:00,https://www.gizchina.com/2023/03/13/nintendo-has-started-server-maintenance-that-might-make-services-unavailable/,Nintendo Has Started Server Maintenance That Might Make Services Unavailable,https://firebasestorage.googleapis.com/v0/b/hackernoon-app.appspot.com/o/images%2Fimageedit_25_7084755369.gif?alt=media&token=ca7527b0-a214-46d4-af72-1062b3df1458,Nintendo started server maintenance that might temporarily make the Nintendo Switch Online service unavailable.
01Synergy,https://hackernoon.com/company/01synergy,2023-02-25 12:58:00,https://www.zdnet.com/article/microsoft-heres-how-our-technology-disrupts-ransomware-and-phishing-attacks/,Microsoft: Here's how our technology disrupts ransomware and phishing attacks,https://firebasestorage.googleapis.com/v0/b/hackernoon-app.appspot.com/o/images%2Fimageedit_25_7084755369.gif?alt=media&token=ca7527b0-a214-46d4-af72-1062b3df1458,These Experts Are Racing to Protect AI From Hackers. Time is Running Out Motorola's handy Bluetooth device adds satellite messaging Linux 6.2: The first mainstream Linux kernel for Apple M1 chips ...
01Synergy,https://hackernoon.com/company/01synergy,2023-05-02 22:34:00,https://www.galvnews.com/news_ap/business/specialist-firms-synthetik-applied-technologies-llc-and-saleria-llc-announce-merger/article_b842b852-ae19-5268-b577-6991f09bdb24.html?block_id=531919,Specialist Firms Synthetik Applied Technologies LLC and Saleria LLC Announce Merger,https://firebasestorage.googleapis.com/v0/b/hackernoon-app.appspot.com/o/images%2Fimageedit_25_7084755369.gif?alt=media&token=ca7527b0-a214-46d4-af72-1062b3df1458,Synthetik Applied Technologies and Saleria today announced the successful conclusion of negotiations to merge the two companies. The transaction creates a
01Synergy,https://hackernoon.com/company/01synergy,2023-02-16 11:47:00,https://www.devdiscourse.com/article/technology/2356854-celonis-and-tech-mahindra-strengthen-their-global-partnership-to-bolster-process-excellence-initiatives-for-customers,Celonis and Tech Mahindra Strengthen Their Global Partnership to Bolster Process Excellence Initiatives for Customers,https://firebasestorage.googleapis.com/v0/b/hackernoon-app.appspot.com/o/images%2Fimageedit_25_7084755369.gif?alt=media&token=ca7527b0-a214-46d4-af72-1062b3df1458,We have also embarked on a journey to co-create solutions such as R3 for duplicate payment removal and Net Promoter Score (NPS) improvement for Information Technology Services Management processes. Together we have optimized field services transformation ...
01Synergy,https://hackernoon.com/company/01synergy,2023-05-17 07:40:00,https://www.digitimes.com/news/a20230517PD202/eda-synopsys-tsmc.html,Synopsys TSMC team up to help clients accelerate 2nm chips designs,https://firebasestorage.googleapis.com/v0/b/hackernoon-app.appspot.com/o/images%2Fimageedit_25_7084755369.gif?alt=media&token=ca7527b0-a214-46d4-af72-1062b3df1458&auto=format&fit=max&w=3840,EDA specialist Synopsys has recently announced its collaboration with TSMC to deliver digital and custom design EDA flows on the foundry''s most advanced N2 (2nm) process aiming to meet stringent design targets on next-generation system-on-chips (SoCs).
01Synergy,https://hackernoon.com/company/01synergy,2023-03-13 04:20:00,https://www.traveldailymedia.com/star-micronics-showcases-cloud-receipt-order-and-food-label-printing-solutions-at-food-hotel-tech-2023-paris/,Star Micronics showcases cloud receipt order and food label printing solutions at Food Hotel Tech 2023 Paris,https://firebasestorage.googleapis.com/v0/b/hackernoon-app.appspot.com/o/images%2Fimageedit_25_7084755369.gif?alt=media&token=ca7527b0-a214-46d4-af72-1062b3df1458&auto=format&fit=max&w=3840,At Food Hotel Tech 2023 (14 – 15 March 2023 Porte de Versailles Paris) international POS solutions provider Star Micronics will be exhibiting its latest solutions for hospitality POS mobile ordering
01Synergy,https://hackernoon.com/company/01synergy,2023-03-07 17:42:00,https://www.dcvelocity.com/articles/56797-fabric-and-synergy-join-forces-to-provide-retailers-with-advanced-automated-fulfillment-solutions,Fabric and Synergy Join Forces to Provide Retailers with Advanced Automated Fulfillment Solutions,https://firebasestorage.googleapis.com/v0/b/hackernoon-app.appspot.com/o/images%2Fimageedit_25_7084755369.gif?alt=media&token=ca7527b0-a214-46d4-af72-1062b3df1458,Systems integrator joins Fabric’s Partner Elite Program as a strategic partner to help businesses redefine operations for the future of retail
01Synergy,https://hackernoon.com/company/01synergy,2023-04-18 12:06:00,https://www.telegraphindia.com/edugraph/colleges/dr-ambedkar-memorial-institute-of-information-technology-and-management-science-rourkela-damiitmsr/1847,Dr. Ambedkar Memorial Institute of Information Technology and Management Science Rourkela,https://firebasestorage.googleapis.com/v0/b/hackernoon-app.appspot.com/o/images%2Fimageedit_25_7084755369.gif?alt=media&token=ca7527b0-a214-46d4-af72-1062b3df1458,Ambedkar Memorial Institute of Information Technology and Management Science ... Additionally DAMITS Rourkela provides students with a range of placement services including as assisting them in finding and applying for employment preparing them for ...
01Synergy,https://hackernoon.com/company/01synergy,2023-02-26 08:51:00,https://www.thehindubusinessline.com/on-campus/embrace-technology-and-outskill-your-competition/article66553117.ece,‘Embrace technology and outskill your competition’,https://firebasestorage.googleapis.com/v0/b/hackernoon-app.appspot.com/o/images%2Fimageedit_25_7084755369.gif?alt=media&token=ca7527b0-a214-46d4-af72-1062b3df1458,This is his sixth book and at present he is the Head of Managed Services KPMG Netherlands. In this interview he speaks about embracing technology leading from the heart and dealing with layoffs.
01Synergy,https://hackernoon.com/company/01synergy,2023-05-02 21:07:00,https://www.wsj.com/articles/as-generative-ai-gets-hotter-kkr-bets-on-keeping-data-centers-cool-d3d62cc7,As Generative AI Gets Hotter KKR Bets on Keeping Data Centers Cool,https://firebasestorage.googleapis.com/v0/b/hackernoon-app.appspot.com/o/images%2Fimageedit_25_7084755369.gif?alt=media&token=ca7527b0-a214-46d4-af72-1062b3df1458&auto=format&fit=max&w=3840,Investment firm will acquire CoolIT Systems which makes systems designed to prevent computing hardware from overheating.
01Synergy,https://hackernoon.com/company/01synergy,2023-02-15 13:30:00,https://www.nextgov.com/emerging-tech/2023/01/video-game-technology-tapped-medically-train-astronauts-future-moon-and-mars-missions/382303/,Video Game Technology Tapped to Medically Train Astronauts for Future Moon and Mars Missions,https://firebasestorage.googleapis.com/v0/b/hackernoon-app.appspot.com/o/images%2Fimageedit_25_7084755369.gif?alt=media&token=ca7527b0-a214-46d4-af72-1062b3df1458,The award was won by a company called Level Ex which uses video game technology to serve the ... we store cookies on your browser to collect information. The information collected might relate ...
01Synergy,https://hackernoon.com/company/01synergy,2023-05-17 06:36:00,https://markets.businessinsider.com/news/stocks/servicenow-now-new-buy-recommendation-for-this-technology-giant-1032333792,ServiceNow (NOW): New Buy Recommendation for This Technology Giant,https://firebasestorage.googleapis.com/v0/b/hackernoon-app.appspot.com/o/images%2Fimageedit_25_7084755369.gif?alt=media&token=ca7527b0-a214-46d4-af72-1062b3df1458,The company offers its solutions to various sectors including healthcare education oil and gas telecommunications government consumer products technology IT and financial services. Read More on NOW: SHARE THIS POST ServiceNow NewsMORE Related Stocks ...
01Synergy,https://hackernoon.com/company/01synergy,2023-05-15 20:41:00,https://www.automation.com/en-us/articles/may-2023/syzygy-plasmonics-emerson-automate-electrification,Syzygy Plasmonics Selects Emerson to Automate Electrification of Chemical Production Processes,https://firebasestorage.googleapis.com/v0/b/hackernoon-app.appspot.com/o/images%2Fimageedit_25_7084755369.gif?alt=media&token=ca7527b0-a214-46d4-af72-1062b3df1458&auto=format&fit=max&w=3840,Pioneering technology uses light to decarbonize chemical production helping manufacturers reduce both emissions and operational costs.
01Synergy,https://hackernoon.com/company/01synergy,2023-05-15 06:58:00,https://www.devdiscourse.com/article/technology/2451892-ifi-techsolutions-recognized-as-a-microsoft-azure-expert-managed-service-provider,IFI Techsolutions Recognized as a Microsoft Azure Expert Managed Service Provider,https://firebasestorage.googleapis.com/v0/b/hackernoon-app.appspot.com/o/images%2Fimageedit_25_7084755369.gif?alt=media&token=ca7527b0-a214-46d4-af72-1062b3df1458,As a global Microsoft partner IFI Techsolutions continues to verify its excellence in customer delivery and technical expertise via the Microsoft Azure Expert MSP program.
01Synergy,https://hackernoon.com/company/01synergy,2023-05-01 14:16:00,https://www.uh.edu/education/student-services/technology-services/,Technology Services (CITE),https://firebasestorage.googleapis.com/v0/b/hackernoon-app.appspot.com/o/images%2Fimageedit_25_7084755369.gif?alt=media&token=ca7527b0-a214-46d4-af72-1062b3df1458,The Center for Information Technology in Education (CITE) was established in 1989 at the University of Houston College of Education. It supports college employees and students with their technological needs. Learn more about CITE services by visiting our ...
01Synergy,https://hackernoon.com/company/01synergy,2023-05-15 11:39:00,https://technews.tmcnet.com/news/2023/05/15/9813922.htm,Synergie Canada named one of Canada's Best Managed Companies,https://firebasestorage.googleapis.com/v0/b/hackernoon-app.appspot.com/o/images%2Fimageedit_25_7084755369.gif?alt=media&token=ca7527b0-a214-46d4-af72-1062b3df1458&auto=format&fit=max&w=3840,Canada''s Best Managed Companies is a prominent business awards initiative in Canada that acknowledges exceptional performance among private Canadian-owned companies. Since its inception in 2008 Synergie Canada has come a long way
01Synergy,https://hackernoon.com/company/01synergy,2023-01-04 19:07:00,https://www.laweekly.com/synchronis-finds-its-niche-applying-tech-innovation-with-a-craftsman-like-touch/,Synchronis Finds Its Niche: Applying Tech Innovation With a Craftsman-like Touch,https://firebasestorage.googleapis.com/v0/b/hackernoon-app.appspot.com/o/images%2Fimageedit_25_7084755369.gif?alt=media&token=ca7527b0-a214-46d4-af72-1062b3df1458,The building and construction industry has been forced to rethink and innovate to solve some of the issues affecting it
01Synergy,https://hackernoon.com/company/01synergy,2022-12-28 06:14:51,https://www.msn.com/en-xl/news/other/yoon-says-science-technology-form-basis-of-all-industries/ar-AA15JjyR,Yoon says science technology form basis of all industries,https://firebasestorage.googleapis.com/v0/b/hackernoon-app.appspot.com/o/images%2Fimageedit_25_7084755369.gif?alt=media&token=ca7527b0-a214-46d4-af72-1062b3df1458&auto=format&fit=max&w=3840,President Yoon Suk Yeol on Wednesday stressed the importance of science and technology saying they form the basis of all industries. Yoon made the remark during a joint policy briefing by the Ministry of Science and ICT
01Synergy,https://hackernoon.com/company/01synergy,2023-06-26 06:04:00,https://www.lse.co.uk/ShareChat.html?ShareTicker=SYN&thread=6A33A28D-08D4-45D1-9034-EB2C392861E0,Synergia Energy Share Chat,https://firebasestorage.googleapis.com/v0/b/hackernoon-app.appspot.com/o/images%2Fimageedit_25_7084755369.gif?alt=media&token=ca7527b0-a214-46d4-af72-1062b3df1458,The IP address of all posts is recorded to aid in enforcing these conditions. As a user you agree to any information you have entered being stored in a database. You agree that we have the right to remove edit move or close any topic or board at any time ...
01Synergy,https://hackernoon.com/company/01synergy,2022-12-06 15:52:00,https://www.tmcnet.com/usubmit/-promising-remote-patient-monitoring-solution-polsotrade-achieves-1st-/2022/12/06/9725032.htm,Promising Remote Patient Monitoring solution Polso™ Achieves 1st FDA Clearance,https://firebasestorage.googleapis.com/v0/b/hackernoon-app.appspot.com/o/images%2Fimageedit_25_7084755369.gif?alt=media&token=ca7527b0-a214-46d4-af72-1062b3df1458&auto=format&fit=max&w=3840,Polso™ the company''s Remote Patient Monitoring (RPM) solution achieving 510(k) clearance from the U.S. Food and Drug Administration (FDA).  Initial indications include monitoring of blood oxygen saturation (SpO 2)
01Synergy,https://hackernoon.com/company/01synergy,2022-11-30 21:34:00,https://www.voanews.com/a/anti-government-protests-grow-in-china-and-elsewhere-while-technology-tries-to-keep-up-/6855809.html,Anti-Government Protests Grow in China and Elsewhere While Technology Tries to Keep Up,https://firebasestorage.googleapis.com/v0/b/hackernoon-app.appspot.com/o/images%2Fimageedit_25_7084755369.gif?alt=media&token=ca7527b0-a214-46d4-af72-1062b3df1458,Some protesters in cities such as Beijing and Shanghai are getting information out about the crackdown by using technology and ... service with links to escort services and other adult offerings ...
01Synergy,https://hackernoon.com/company/01synergy,2023-01-01 09:35:00,https://www.investopedia.com/terms/u/us-department-health-and-human-services-hhs.asp,U.S. Department of Health and Human Services (HHS): Definition,https://firebasestorage.googleapis.com/v0/b/hackernoon-app.appspot.com/o/images%2Fimageedit_25_7084755369.gif?alt=media&token=ca7527b0-a214-46d4-af72-1062b3df1458,The Department of Health and Human Services (HHS) is a Cabinet-level ... The CDC focuses on science and technology to prevent diseases manages the nation''s biggest health problems that cause ...
01Synergy,https://hackernoon.com/company/01synergy,2023-06-26 12:36:00,https://www.businesswire.com/news/home/20230626956385/en/Smart-Eye-Signs-Breakthrough-Deal-for-AIS-Driver-Monitoring-System-for-Fleets-with-Linde,Smart Eye Signs Breakthrough Deal for AIS Driver Monitoring System for Fleets with Linde,https://firebasestorage.googleapis.com/v0/b/hackernoon-app.appspot.com/o/images%2Fimageedit_25_7084755369.gif?alt=media&token=ca7527b0-a214-46d4-af72-1062b3df1458,Smart Eye the leading developer of Driver Monitoring System (DMS) technology to the automotive industry today announced it has signed a breakthrough
01Synergy,https://hackernoon.com/company/01synergy,2023-06-12 13:40:00,https://news.gatech.edu/news/2023/06/12/howell-selected-interim-vice-president-information-technology-and-chief-information,Howell Selected Interim Vice President for Information Technology and Chief Information Officer,https://firebasestorage.googleapis.com/v0/b/hackernoon-app.appspot.com/o/images%2Fimageedit_25_7084755369.gif?alt=media&token=ca7527b0-a214-46d4-af72-1062b3df1458,Leo Howell will join the president’s cabinet as the interim vice president for Information Technology and chief information officer for the Institute.
01Synergy,https://hackernoon.com/company/01synergy,2022-12-06 13:08:00,https://apnews.com/article/earnings-ac4750f6464cfb51267200568f055940,Integrated Electrical Services: Fiscal Q4 Earnings Snapshot,https://firebasestorage.googleapis.com/v0/b/hackernoon-app.appspot.com/o/images%2Fimageedit_25_7084755369.gif?alt=media&token=ca7527b0-a214-46d4-af72-1062b3df1458,Integrated Electrical Services Inc. (IESC) on Tuesday reported fiscal fourth-quarter net income of $16.2 million. On a per-share basis the Houston-based company said it had profit of 72 cents.
10Clouds,https://hackernoon.com/company/10clouds,2023-05-12 10:05:00,https://www.wsj.com/articles/tech-media-telecom-roundup-market-talk-9b1d76b1,Tech Media & Telecom Roundup: Market Talk,https://firebasestorage.googleapis.com/v0/b/hackernoon-app.appspot.com/o/images%2Fimageedit_25_7084755369.gif?alt=media&token=ca7527b0-a214-46d4-af72-1062b3df1458&auto=format&fit=max&w=3840,Walt Disney Docebo and more featured in the latest Market Talks covering Technology Media and Telecom.
01Synergy,https://hackernoon.com/company/01synergy,2022-11-30 06:23:00,https://www.sunnewsonline.com/ncc-committed-to-gender-equity-in-information-technology/,NCC committed to gender equity in information technology,https://firebasestorage.googleapis.com/v0/b/hackernoon-app.appspot.com/o/images%2Fimageedit_25_7084755369.gif?alt=media&token=ca7527b0-a214-46d4-af72-1062b3df1458,access and use of information technology programmes and services which will give them the needed skill to compete in the digital space. Danbatta further stated that the empowerment programme in ...
01Synergy,https://hackernoon.com/company/01synergy,2023-06-27 00:00:00,https://www.benzinga.com/money/best-information-technology-etfs-right-now,Best Information Technology ETFs Right Now,https://firebasestorage.googleapis.com/v0/b/hackernoon-app.appspot.com/o/images%2Fimageedit_25_7084755369.gif?alt=media&token=ca7527b0-a214-46d4-af72-1062b3df1458,To qualify companies must operate in many sectors under the technology umbrella. This includes semiconductors wireless telecommunications services and IT services. This information technology ...
01Synergy,https://hackernoon.com/company/01synergy,2023-03-07 03:28:00,https://menafn.com/1105718174/Global-Bioremediation-Technology-And-Services-Market-Report-2022-2028-Demand-In-Mining-Petroleum-Farming-Nuclear-Power-Fuels-Growth,Global Bioremediation Technology And Services Market Report 2022-2028: Demand In Mining Petroleum Farming & Nuclear Power Fuels Growth,https://firebasestorage.googleapis.com/v0/b/hackernoon-app.appspot.com/o/images%2Fimageedit_25_7084755369.gif?alt=media&token=ca7527b0-a214-46d4-af72-1062b3df1458,A report by the publisher states that the global bioremediation technology and services market highlights a CAGR of 8.70% during the forecast period 2022-2028. The factors that contribute to the ...
01Synergy,https://hackernoon.com/company/01synergy,2023-08-12 02:24:00,https://www.benzinga.com/pressreleases/23/08/33773411/technology-research-services-market-analysis-report-2023-2030-104-pages-report,Technology Research Services Market Analysis Report 2023-2030 | 104 Pages Report,https://firebasestorage.googleapis.com/v0/b/hackernoon-app.appspot.com/o/images%2Fimageedit_25_7084755369.gif?alt=media&token=ca7527b0-a214-46d4-af72-1062b3df1458,Moreover Consumer behavior analysis and market dynamics (drivers restraints opportunities) provides crucial information for knowing the Technology Research Services market. Growing demand for ...
01Synergy,https://hackernoon.com/company/01synergy,2023-04-01 04:00:00,https://www.cnbc.com/select/best-credit-monitoring-services/,The best credit monitoring services that can help you spot fraud early,https://firebasestorage.googleapis.com/v0/b/hackernoon-app.appspot.com/o/images%2Fimageedit_25_7084755369.gif?alt=media&token=ca7527b0-a214-46d4-af72-1062b3df1458,Credit monitoring services can provide you with early notice of potential fraud on your credit report so you can take steps to protect your personal information. While these services can''t ...
01Synergy,https://hackernoon.com/company/01synergy,2023-09-20 21:39:00,https://www.pcmag.com/picks/the-best-email-encryption-services,The Best Email Encryption Services for 2023,https://firebasestorage.googleapis.com/v0/b/hackernoon-app.appspot.com/o/images%2Fimageedit_25_7084755369.gif?alt=media&token=ca7527b0-a214-46d4-af72-1062b3df1458,The top email encryption services we''ve tested can help keep snoops out of your messages. When the IBM PC was new I served as the president of the San Francisco PC User Group for three years.
01Synergy,https://hackernoon.com/company/01synergy,2022-12-14 13:00:23,https://www.msn.com/en-us/news/technology/microsoft-and-viasat-announce-new-partnership-to-deliver-internet-access-to-underserved-communities-globally/ar-AA15gJnd,Microsoft and Viasat announce new partnership to deliver internet access to underserved communities globally,https://firebasestorage.googleapis.com/v0/b/hackernoon-app.appspot.com/o/images%2Fimageedit_25_7084755369.gif?alt=media&token=ca7527b0-a214-46d4-af72-1062b3df1458,New collaboration through the Microsoft Airband Initiative will increase internet availability for 5 million people across Africa and an additional 5 million people around the world by the end of 2025 REDMOND
01Synergy,https://hackernoon.com/company/01synergy,2023-07-11 11:15:00,https://www.openaccessgovernment.org/managed-services-delivering-users-public-sector/163502/,It’s time for managed services to start delivering for users,https://firebasestorage.googleapis.com/v0/b/hackernoon-app.appspot.com/o/images%2Fimageedit_25_7084755369.gif?alt=media&token=ca7527b0-a214-46d4-af72-1062b3df1458&auto=format&fit=max&w=3840,Managed services as a means of outsourcing to reduce cost and improve the performance and support of live services
01Synergy,https://hackernoon.com/company/01synergy,2023-02-28 10:53:00,https://www.dqindia.com/national-science-day-2023-pertinence-of-science-and-technology-in-21st-century/,National Science Day 2023: Pertinence of science and technology in 21st century,https://firebasestorage.googleapis.com/v0/b/hackernoon-app.appspot.com/o/images%2Fimageedit_25_7084755369.gif?alt=media&token=ca7527b0-a214-46d4-af72-1062b3df1458,India has been a global leader in the field of science and technology and represents a bright future to the world in this field. We are making rapid progress in the fields of space exploration information ... tutoring services and e-learning materials ...
01Synergy,https://hackernoon.com/company/01synergy,2023-03-15 17:35:00,https://www.tmcnet.com/usubmit/-systems-solution-inc-opens-new-company-headquarters-depot-/2023/03/15/9777681.htm,Systems Solution Inc. Opens New Company Headquarters and Depot Services in Wayne PA.,https://firebasestorage.googleapis.com/v0/b/hackernoon-app.appspot.com/o/images%2Fimageedit_25_7084755369.gif?alt=media&token=ca7527b0-a214-46d4-af72-1062b3df1458&auto=format&fit=max&w=3840,Systems Solution Inc. (SSI) a leading provider of IT solutions and consulting for business today announced that they are opening their new office in Wayne PA. After almost three decades in their King of Prussia headquarters
01Synergy,https://hackernoon.com/company/01synergy,2023-08-16 14:21:00,https://www.ibef.org/industry/information-technology-india,IT & BPM Industry in India,https://firebasestorage.googleapis.com/v0/b/hackernoon-app.appspot.com/o/images%2Fimageedit_25_7084755369.gif?alt=media&token=ca7527b0-a214-46d4-af72-1062b3df1458,The Indian IT & business services industry is expected to grow to US$ 19.93 billion by 2025. Spending on information technology in India is expected to reach US$ 144 billion in 2023. By 2026 widespread cloud utilisation can provide employment ...
01Synergy,https://hackernoon.com/company/01synergy,2023-10-13 06:40:00,https://www.insidermonkey.com/blog/should-you-hold-stewart-information-services-stc-1204720/,Should You Hold Stewart Information Services (STC)?,https://firebasestorage.googleapis.com/v0/b/hackernoon-app.appspot.com/o/images%2Fimageedit_25_7084755369.gif?alt=media&token=ca7527b0-a214-46d4-af72-1062b3df1458,Heartland Value Fund highlighted stocks like Stewart Information Services Corporation (NYSE:STC) in the third quarter 2023 investor letter. Headquartered in Houston Texas Stewart Information ...
01Synergy,https://hackernoon.com/company/01synergy,2023-09-02 09:30:00,https://sf.gov/departments/committee-information-technology-coit,Committee on Information Technology (COIT),https://firebasestorage.googleapis.com/v0/b/hackernoon-app.appspot.com/o/images%2Fimageedit_25_7084755369.gif?alt=media&token=ca7527b0-a214-46d4-af72-1062b3df1458,After being held remotely due to COVID-19 in-person meetings are resuming as of Friday 4/20/23. All meetings will be held in Room 305 of City Hall (1 Dr. Carlton B Goodlett Pl San Francisco CA 94102). Meetings will continue to be streamed via WebEx to ...
01Synergy,https://hackernoon.com/company/01synergy,2023-09-19 08:41:00,https://www.benzinga.com/pressreleases/23/09/34717593/technology-research-services-market-development-outlook-2023-2030-business-strategies-with-growth-i,Technology Research Services Market Development Outlook 2023-2030: Business Strategies with Growth Insights and Emerging Trends,https://firebasestorage.googleapis.com/v0/b/hackernoon-app.appspot.com/o/images%2Fimageedit_25_7084755369.gif?alt=media&token=ca7527b0-a214-46d4-af72-1062b3df1458,Moreover Consumer behavior analysis and market dynamics (drivers restraints opportunities) provides crucial information for knowing the Technology Research Services market. Global Technology ...
01Synergy,https://hackernoon.com/company/01synergy,2023-07-20 13:31:00,https://technews.tmcnet.com/news/2023/07/20/9851763.htm,Data Innovations Announces New Generation of Lab Productivity Software with Instrument Manager™ 2023,https://firebasestorage.googleapis.com/v0/b/hackernoon-app.appspot.com/o/images%2Fimageedit_25_7084755369.gif?alt=media&token=ca7527b0-a214-46d4-af72-1062b3df1458,"Signifying a change in the company''s product development approach DI is calling the shift '""ReIMagination.'"" The first app to be developed within the DI Gateway framework part of IM 2023 is called Test Properties. Moving forward all new DI lab automation and productivity web apps will be developed within this framework."
01Synergy,https://hackernoon.com/company/01synergy,2023-09-01 00:00:00,https://www.sussex.ac.uk/study/masters/courses/management-of-information-technology-msc,Management of Information Technology MSc,https://firebasestorage.googleapis.com/v0/b/hackernoon-app.appspot.com/o/images%2Fimageedit_25_7084755369.gif?alt=media&token=ca7527b0-a214-46d4-af72-1062b3df1458,Learn how to design evaluate and apply information technology systems in a business setting. You’ll take account of human organisational and strategic factors. communicating concepts designs and evaluation within a technical environment. We offer two ...
01Synergy,https://hackernoon.com/company/01synergy,2023-09-18 11:36:00,https://www.linkedin.com/pulse/bioremediation-technology-services-consumption-market,Bioremediation Technology & Services Consumption Market Size And Forecast to 2031,https://firebasestorage.googleapis.com/v0/b/hackernoon-app.appspot.com/o/images%2Fimageedit_25_7084755369.gif?alt=media&token=ca7527b0-a214-46d4-af72-1062b3df1458,contact information major business Animation and Bioremediation Technology & Services Consumption Market introduction etc. Animation and Bioremediation Technology & Services Consumption Market ...
01Synergy,https://hackernoon.com/company/01synergy,2023-07-15 03:05:00,https://udayton.edu/policies/it/index.php,Information Technology Policies,https://firebasestorage.googleapis.com/v0/b/hackernoon-app.appspot.com/o/images%2Fimageedit_25_7084755369.gif?alt=media&token=ca7527b0-a214-46d4-af72-1062b3df1458,One of the most important attributes of Information Technology (IT) policies is that they be readily available. That's why we publish the most current policies that impact our users' ability to take advantage of UD's information technologies. These ...
01Synergy,https://hackernoon.com/company/01synergy,2023-07-14 08:18:00,https://investmentu.com/information-technology-stocks/,3 Safe Haven Information Technology Stocks,https://firebasestorage.googleapis.com/v0/b/hackernoon-app.appspot.com/o/images%2Fimageedit_25_7084755369.gif?alt=media&token=ca7527b0-a214-46d4-af72-1062b3df1458,This makes it one of the best safe haven information technology stocks for your portfolio. The overwhelming bulk of Google’s income comes from its Google services division. This is mainly ads in-app purchases and sales of apps. In Q4 2021 this ...
01Synergy,https://hackernoon.com/company/01synergy,2023-09-06 14:36:00,https://www.lse.co.uk/ShareChat.html?ShareTicker=SYN&thread=405F83D1-5330-407E-96B7-F9F22E2EE3CD,Synergia Energy Share Chat,https://firebasestorage.googleapis.com/v0/b/hackernoon-app.appspot.com/o/images%2Fimageedit_25_7084755369.gif?alt=media&token=ca7527b0-a214-46d4-af72-1062b3df1458,The IP address of all posts is recorded to aid in enforcing these conditions. As a user you agree to any information you have entered being stored in a database. You agree that we have the right to remove edit move or close any topic or board at any time ...
01Synergy,https://hackernoon.com/company/01synergy,2023-08-18 10:55:00,https://www.monitordaily.com/news-posts/oakmont-capital-services-wins-elfas-2023-ops-technology-excellence-award/,Oakmont Capital Services Wins ELFA’s 2023 Ops & Technology Excellence Award,https://firebasestorage.googleapis.com/v0/b/hackernoon-app.appspot.com/o/images%2Fimageedit_25_7084755369.gif?alt=media&token=ca7527b0-a214-46d4-af72-1062b3df1458,The Equipment Leasing and Finance Association announced that Oakmont Capital Services is the recipient of the 2023 Operations and Technology Excellence Award. The company’s award-winning project will be showcased during the ELFA’s Operations ...
01Synergy,https://hackernoon.com/company/01synergy,2023-09-02 11:54:00,https://www.buffalo.edu/pharmacy-services-partnerships/drug-information.html,Drug Information Response Center,https://firebasestorage.googleapis.com/v0/b/hackernoon-app.appspot.com/o/images%2Fimageedit_25_7084755369.gif?alt=media&token=ca7527b0-a214-46d4-af72-1062b3df1458,provides drug information services to the New York State Department of Health (NYSDOH) Medicaid Program. The goal of the DIRC is to provide timely evidence-based drug information to the NYSDOH Medicaid program by serving as a resource for the NYS Drug ...
01Synergy,https://hackernoon.com/company/01synergy,2023-08-05 21:47:00,https://www.autonews.com/mobility-report/stellantis-cockpit-connected-services-chief-leaves-company,Stellantis cockpit technology leader leaving company,https://firebasestorage.googleapis.com/v0/b/hackernoon-app.appspot.com/o/images%2Fimageedit_25_7084755369.gif?alt=media&token=ca7527b0-a214-46d4-af72-1062b3df1458,Vishnu Sundaram is leaving his job as Stellantis'' senior vice president of cockpit and connected services at the end of August the automaker confirmed Friday. Sundaram a key figure in the ...
01Synergy,https://hackernoon.com/company/01synergy,2023-08-05 21:51:00,https://www.nytimes.com/2023/08/05/us/cyberattack-hospitals-california.html,Ransomware Attack Disrupts Health Care Services in at Least Three States,https://firebasestorage.googleapis.com/v0/b/hackernoon-app.appspot.com/o/images%2Fimageedit_25_7084755369.gif?alt=media&token=ca7527b0-a214-46d4-af72-1062b3df1458,It was not immediately clear how many locations operated by Prospect Medical Holdings were affected but some sites had to cut back services or ... code and develop the technology for these systems ...
01Synergy,https://hackernoon.com/company/01synergy,2023-09-01 12:32:00,https://www.tuko.co.ke/facts-lifehacks/study/491672-all-bachelor-business-information-technology-bbit-course/,All about the Bachelor Of Business Information Technology (BBIT) course,https://firebasestorage.googleapis.com/v0/b/hackernoon-app.appspot.com/o/images%2Fimageedit_25_7084755369.gif?alt=media&token=ca7527b0-a214-46d4-af72-1062b3df1458,Most students dream of pursuing the Bachelor Of Business Information Technology (BBIT) course. However some do not know much about this awesome programme. An in-depth look at this course regarding requirements institutions offering it and fees ...
01Synergy,https://hackernoon.com/company/01synergy,2023-03-14 12:16:00,https://www.kentuckytoday.com/news/business/culture-biosciences-focuses-technology-and-service-platform-on-biologics/article_fcb1ef67-8946-58d0-880e-dca2726b3473.html,Culture Biosciences Focuses Technology and Service Platform on Biologics,https://firebasestorage.googleapis.com/v0/b/hackernoon-app.appspot.com/o/images%2Fimageedit_25_7084755369.gif?alt=media&token=ca7527b0-a214-46d4-af72-1062b3df1458,Lack of innovation in upstream bioprocess development plays an important role. Going forward we will focus our know-how technology and services to tackle this problem to help accelerate the development of scalable optimized manufacturing processes for t ...
01Synergy,https://hackernoon.com/company/01synergy,2023-08-03 00:00:00,https://www.buffalo.edu/administrative-services/managing-procurement/commonly-purchased-goods/information-technology.html,Information Technology (IT) Equipment and Supplies,https://firebasestorage.googleapis.com/v0/b/hackernoon-app.appspot.com/o/images%2Fimageedit_25_7084755369.gif?alt=media&token=ca7527b0-a214-46d4-af72-1062b3df1458,Contact your information technology support staff for ... Learn more about the pre-approval process for technology accessed via a web browser or vendor hosted cloud services and subscriptions. This includes e-learning platforms online testing ...
01Synergy,https://hackernoon.com/company/01synergy,2023-04-21 12:34:00,https://www.tmcnet.com/usubmit/2023/04/21/9799413.htm,Unlock Health Launches Novel Healthcare Technology and Services Platform to Transform How Healthcare Companies Drive Growth,https://firebasestorage.googleapis.com/v0/b/hackernoon-app.appspot.com/o/images%2Fimageedit_25_7084755369.gif?alt=media&token=ca7527b0-a214-46d4-af72-1062b3df1458,Athyrium invests across all healthcare verticals including biopharma medical devices and products healthcare focused services and healthcare information technology. The team partners with management teams to implement creative financing solutions to ...
10Clouds,https://hackernoon.com/company/10clouds,2023-09-01 19:52:00,https://www.wsj.com/business/earnings/tech-media-telecom-roundup-market-talk-b499c47a,Tech Media & Telecom Roundup: Market Talk,https://firebasestorage.googleapis.com/v0/b/hackernoon-app.appspot.com/o/images%2Fimageedit_25_7084755369.gif?alt=media&token=ca7527b0-a214-46d4-af72-1062b3df1458&auto=format&fit=max&w=3840,Find insight on Inari Amertron Xiaomi and more in the latest Market Talks covering the Tech Media & Telecom sector.
01Synergy,https://hackernoon.com/company/01synergy,2023-03-15 00:00:00,https://www.oedigital.com/technology,Offshore Technology News,https://firebasestorage.googleapis.com/v0/b/hackernoon-app.appspot.com/o/images%2Fimageedit_25_7084755369.gif?alt=media&token=ca7527b0-a214-46d4-af72-1062b3df1458,Dutch offshore survey firm Fugro and Brazil's national oil company Petrobras have completed what they say is Brazil's first-ever remote subsea inspection survey.Fugro said that the technology trial was carried out with the aim of minimizing risk and ...
01Synergy,https://hackernoon.com/company/01synergy,2023-07-04 04:01:00,https://www.wsj.com/articles/u-s-looks-to-restrict-chinas-access-to-cloud-computing-to-protect-advanced-technology-f771613,U.S. Looks to Restrict China’s Access to Cloud Computing to Protect Advanced Technology,https://firebasestorage.googleapis.com/v0/b/hackernoon-app.appspot.com/o/images%2Fimageedit_25_7084755369.gif?alt=media&token=ca7527b0-a214-46d4-af72-1062b3df1458,WASHINGTON—The Biden administration is preparing to restrict Chinese companies’ access to U.S. cloud-computing services according to people familiar with the situation in a move that could ...
01Synergy,https://hackernoon.com/company/01synergy,2023-08-04 16:57:00,https://seekingalpha.com/article/4624058-information-services-group-inc-iii-q2-2023-earnings-call-transcript,Information Services Group Inc. (III) Q2 2023 Earnings Call Transcript,https://firebasestorage.googleapis.com/v0/b/hackernoon-app.appspot.com/o/images%2Fimageedit_25_7084755369.gif?alt=media&token=ca7527b0-a214-46d4-af72-1062b3df1458,Good morning and welcome everyone to the Information Services Group Second Quarter Conference Call. This call is being recorded and will be available on ISG''s website within 24 hours.
01Synergy,https://hackernoon.com/company/01synergy,2023-02-09 11:20:00,https://www.businesswireindia.com/dewa-is-the-first-utility-in-the-world-to-enrich-its-services-with-chatgpt-technology-82997.html,DEWA is the first utility in the world to enrich its services with ChatGPT technology,https://firebasestorage.googleapis.com/v0/b/hackernoon-app.appspot.com/o/images%2Fimageedit_25_7084755369.gif?alt=media&token=ca7527b0-a214-46d4-af72-1062b3df1458,HE Saeed Mohammed Al Tayer MD & CEO of Dubai Electricity and Water Authority (DEWA) announced that DEWA is working to enrich its services with ChatGPT technology supported by Microsoft.
01Synergy,https://hackernoon.com/company/01synergy,2023-09-19 03:17:00,https://indianexpress.com/article/technology/tech-news-technology/us-argues-google-wants-too-much-information-kept-secret-in-antitrust-trial-8946121/,US argues Google wants too much information kept secret in antitrust trial,https://firebasestorage.googleapis.com/v0/b/hackernoon-app.appspot.com/o/images%2Fimageedit_25_7084755369.gif?alt=media&token=ca7527b0-a214-46d4-af72-1062b3df1458,Dahlquist then argued to Judge Amit Mehta who will decide the case that information like the tidbit in the document ... change their rules and keep up with modern technology” she said. Case in point was testimony given early Monday by a Verizon ...
01Synergy,https://hackernoon.com/company/01synergy,2023-03-29 10:32:00,https://www.tmcnet.com/usubmit/-symphonyai-summit-leader-isgs-provider-lenstrade-evaluation-enterprise-/2023/03/29/9785108.htm,SymphonyAI Summit a Leader in ISG's Provider Lens™ Evaluation for Enterprise Service Management - Software 2023,https://firebasestorage.googleapis.com/v0/b/hackernoon-app.appspot.com/o/images%2Fimageedit_25_7084755369.gif?alt=media&token=ca7527b0-a214-46d4-af72-1062b3df1458,ISG (Information Services Group) (Nasdaq: III) is a leading global technology research and advisory firm. A trusted business partner to more than 700 clients including more than 75 of the world''s top 100 enterprises ISG is committed to helping ...
01Synergy,https://hackernoon.com/company/01synergy,2023-07-20 12:21:00,https://marketscale.com/industries/software-and-technology/revolutionizing-control-rooms-ihse-usa-showcases-advanced-kvm-tec-solutions/,Revolutionizing Control Rooms: IHSE USA Showcases Advanced KVM-Tec Solutions,https://firebasestorage.googleapis.com/v0/b/hackernoon-app.appspot.com/o/images%2Fimageedit_25_7084755369.gif?alt=media&token=ca7527b0-a214-46d4-af72-1062b3df1458&auto=format&fit=max&w=3840,where we explore workflow effectiveness through optimized information sharing and collaboration across robust real-time distribution technology.
01Synergy,https://hackernoon.com/company/01synergy,2022-12-14 22:01:00,https://apnews.com/article/technology-business-99795ddc39ed4fafbc05c514cf446e42,Dynamics TMS® Now AppSource Certified for Microsoft Dynamics 365 Finance and Operations,https://firebasestorage.googleapis.com/v0/b/hackernoon-app.appspot.com/o/images%2Fimageedit_25_7084755369.gif?alt=media&token=ca7527b0-a214-46d4-af72-1062b3df1458,Dynamics 365 F&O is a complete Tier-1 integrated enterprise transportation management suite for companies with Microsoft Dynamics F&O ERP. “We are very pleased to enhance our partnership and investment with Microsoft providing affordable Tier-1 Transportation Management Solutions for our mutual ERP customers as they scale their business.
01Synergy,https://hackernoon.com/company/01synergy,2022-12-14 11:33:00,https://www.yahoo.com/now/worldwide-system-integrator-industrial-automation-113300681.html,The Worldwide System Integrator for Industrial Automation Industry is Expected to Reach $35.5 Billion by 2027,https://firebasestorage.googleapis.com/v0/b/hackernoon-app.appspot.com/o/images%2Fimageedit_25_7084755369.gif?alt=media&token=ca7527b0-a214-46d4-af72-1062b3df1458&auto=format&fit=max&w=3840,"The '""Global System Integrator Market for Industrial Automation by Service Outlook Technology (HMI SCADA MES IIoT PAM DCS PLC Machine Vision Industrial Robotics Industrial PC) Industry and Region (North America"
01Synergyhttps://hackernoon.com/company/01synergy2023-08-03 16:43:00https://www.valuepenguin.com/sectors/information-technologyInformation Technology Sector: Overview and Fundshttps://firebasestorage.googleapis.com/v0/b/hackernoon-app.appspot.com/o/images%2Fimageedit_25_7084755369.gif?alt=media&token=ca7527b0-a214-46d4-af72-1062b3df1458The information technology (IT) sector includes companies that produce software hardware or semiconductor equipment and companies that provide internet or related services. The three major industry groups within the IT sector are software and services ...,,,,,,
"01Synergyhttps://hackernoon.com/company/01synergy2023-08-03 15:59:00https://reason.com/volokh/2023/08/03/providing-information-about-or-referring-patients-to-legal-out-of-state-abortion-services-is-protected/'""Providing Information About or Referring Patients to Legal Out-of-State Abortion Services'"" Is Protectedhttps://firebasestorage.googleapis.com/v0/b/hackernoon-app.appspot.com/o/images%2Fimageedit_25_7084755369.gif?alt=media&token=ca7527b0-a214-46d4-af72-1062b3df1458That letter interprets the '""assisting'"" language to include providing information about or referring patients to legal out-of-state abortion services…. Interestingly the State did not engage ...",,,,,,
01Synergyhttps://hackernoon.com/company/01synergy2023-04-19 18:42:00https://finance.yahoo.com/news/crexendo-adds-jenne-inc-technology-130000026.htmlCrexendo Adds Jenne Inc. as New Technology Services Brokerage Partnerhttps://firebasestorage.googleapis.com/v0/b/hackernoon-app.appspot.com/o/images%2Fimageedit_25_7084755369.gif?alt=media&token=ca7527b0-a214-46d4-af72-1062b3df1458Crexendo announced today that Jenne Cloud Services Brokerage is a new Technology Services Brokerage for its VIP Business Communications Platform ®. The VIP platform is an all-in-one cloud ...,,,,,,
01Synergyhttps://hackernoon.com/company/01synergy2023-08-23 22:25:00https://www.reuters.com/technology/snowflake-beats-quarterly-estimates-strong-demand-data-management-services-2023-08-23/Snowflake beats quarterly estimates on strong demand for data management serviceshttps://firebasestorage.googleapis.com/v0/b/hackernoon-app.appspot.com/o/images%2Fimageedit_25_7084755369.gif?alt=media&token=ca7527b0-a214-46d4-af72-1062b3df1458Enterprises are increasingly moving their data and infrastructure to the cloud to improve efficiency helping cloud-related services companies. Snowflake offers products and services that clients ...,,,,,,
01Synergyhttps://hackernoon.com/company/01synergy2023-08-01 05:15:00https://www.cnbc.com/select/best-credit-monitoring-services/The best credit monitoring services that can help you spot fraud earlyhttps://firebasestorage.googleapis.com/v0/b/hackernoon-app.appspot.com/o/images%2Fimageedit_25_7084755369.gif?alt=media&token=ca7527b0-a214-46d4-af72-1062b3df1458Credit monitoring services can provide you with early notice of potential fraud on your credit report so you can take steps to protect your personal information. While these services can''t ...,,,,,,
01Synergyhttps://hackernoon.com/company/01synergy2023-08-05 21:47:00https://www.autonews.com/mobility-report/stellantis-cockpit-connected-services-chief-leaves-companyStellantis cockpit technology leader leaving companyhttps://firebasestorage.googleapis.com/v0/b/hackernoon-app.appspot.com/o/images%2Fimageedit_25_7084755369.gif?alt=media&token=ca7527b0-a214-46d4-af72-1062b3df1458Vishnu Sundaram is leaving his job as Stellantis'' senior vice president of cockpit and connected services at the end of August the automaker confirmed Friday. Sundaram a key figure in the ...,,,,,,
01Synergyhttps://hackernoon.com/company/01synergy2022-12-03 12:02:00https://news.webindia123.com/news/articles/Business/20221203/4010441.htmlThe Institution of Engineering and Technology (IET) successfully concludes IET Future Tech Congress 2022https://firebasestorage.googleapis.com/v0/b/hackernoon-app.appspot.com/o/images%2Fimageedit_25_7084755369.gif?alt=media&token=ca7527b0-a214-46d4-af72-1062b3df1458said Pankaj Vyas CEO & MD Siemens Technology and Services Pvt. Ltd. at the IET ... and Ministry of Electronics and Information Technology and E V Ramana Reddy-Add Chief Sec Dept of Electronics ...,,,,,,
01Synergyhttps://hackernoon.com/company/01synergy2023-08-03 22:46:00https://www.nasdaq.com/articles/stephens-co.-maintains-fidelity-national-information-services-fis-overweightStephens & Co. Maintains Fidelity National Information Services (FIS) Overweight Recommendationhttps://firebasestorage.googleapis.com/v0/b/hackernoon-app.appspot.com/o/images%2Fimageedit_25_7084755369.gif?alt=media&token=ca7527b0-a214-46d4-af72-1062b3df1458Fintel reports that on August 3 2023 Stephens & Co. maintained coverage of Fidelity National Information Services (NYSE:FIS) with a Overweight recommendation. As of August 2 2023 the average ...,,,,,,
01Synergyhttps://hackernoon.com/company/01synergy2023-01-20 18:53:00https://www.tradersmagazine.com/am/integral-releases-full-crypto-technology-solution-for-banks-brokers-and-hedge-funds/Integral releases full Crypto Technology Solution for Banks Brokers and Hedge Fundshttps://firebasestorage.googleapis.com/v0/b/hackernoon-app.appspot.com/o/images%2Fimageedit_25_7084755369.gif?alt=media&token=ca7527b0-a214-46d4-af72-1062b3df1458PALO ALTO California (January 19 2023) – Integral (www.integral.com) a leading currency technology provider to the financial markets announced the launch of Integral Digital a full extension of its award-winning trading and client distribution ...,,,,,,
01Synergyhttps://hackernoon.com/company/01synergy2023-09-06 21:50:19https://www.msn.com/en-us/money/markets/servicenow-now-gains-as-market-dips-what-you-should-know/ar-AA1glOerServiceNow (NOW) Gains As Market Dips: What You Should Knowhttps://firebasestorage.googleapis.com/v0/b/hackernoon-app.appspot.com/o/images%2Fimageedit_25_7084755369.gif?alt=media&token=ca7527b0-a214-46d4-af72-1062b3df1458ServiceNow (NOW) closed the most recent trading day at $598.51 moving +0.23% from the previous trading session. This move outpaced the S&P 500''s daily loss of 0.7%. At the same time the Dow lost 0.57%,,,,,,
01Synergyhttps://hackernoon.com/company/01synergy2023-08-14 15:34:00https://www.bizjournals.com/tampabay/news/2023/08/14/meet-source-1-solutions-a-2023-fast-50-honoree.htmlMeet Source 1 Solutions a 2023 Fast 50 honoreehttps://www.bing.com/th?id=OVFT.rnjZy2dBBPrhKwbnfkZUrS&pid=NewsDescribe what your company does in a single sentence. Source 1 is an IT maintenance and professional services organization.,,,,,,
01Synergyhttps://hackernoon.com/company/01synergy2023-02-15 13:30:00https://www.nextgov.com/emerging-tech/2023/01/video-game-technology-tapped-medically-train-astronauts-future-moon-and-mars-missions/382303/Video Game Technology Tapped to Medically Train Astronauts for Future Moon and Mars Missionshttps://firebasestorage.googleapis.com/v0/b/hackernoon-app.appspot.com/o/images%2Fimageedit_25_7084755369.gif?alt=media&token=ca7527b0-a214-46d4-af72-1062b3df1458The award was won by a company called Level Ex which uses video game technology to serve the ... we store cookies on your browser to collect information. The information collected might relate ...,,,,,,
01Synergyhttps://hackernoon.com/company/01synergy2023-02-10 17:32:00https://dallasinnovates.com/primoris-services-appoints-new-chief-information-officer/Primoris Services Appoints New Chief Information Officerhttps://firebasestorage.googleapis.com/v0/b/hackernoon-app.appspot.com/o/images%2Fimageedit_25_7084755369.gif?alt=media&token=ca7527b0-a214-46d4-af72-1062b3df1458Haxton joined Primoris in 2019 as senior vice president of information technology to lead its digital strategy of data analytics business intelligence system development cybersecurity and technical services. Primoris Services Corp. is a specialty ...,,,,,,
01Synergyhttps://hackernoon.com/company/01synergy2023-01-24 15:56:00https://www.iotevolutionworld.com/iot/articles/454712-lorawan-iotlogiq-industry-40-senzarys-finger-the-pulse.htmLoRaWAN IoTLogIQ and Industry 4.0: Senzary''s Finger on the Pulse of Industrial IoThttps://www.bing.com/th?id=OVFT.ZWKoPN7NdDqvw5T1myNgwC&pid=NewsAhead of IoT Evolution Expo 2023 in Fort Lauderdale Florida we spoke with Eric Schummer the founder and CEO of Senzary LLC.,,,,,,
01Synergyhttps://hackernoon.com/company/01synergy2023-01-20 12:25:00https://www.fool.com/investing/stock-market/market-sectors/information-technology/iot-stocks/Investing in Internet of Things Stockshttps://firebasestorage.googleapis.com/v0/b/hackernoon-app.appspot.com/o/images%2Fimageedit_25_7084755369.gif?alt=media&token=ca7527b0-a214-46d4-af72-1062b3df1458The research provider IDC estimates that total spending on consumer and industrial IoT technology and services will surpass $1 trillion by 2022 growing at a double-digit percentage rate.,,,,,,
01Synergyhttps://hackernoon.com/company/01synergy2023-02-01 20:34:00https://www.autonews.com/commentary/service-and-parts-forecast-cloudy-dose-confidenceService and parts forecast cloudy with a dose of confidencehttps://www.bing.com/th?id=OVFT._-3ClPYuTqswGUiAwj5wiS&pid=NewsStaffing issues continue to plague service and parts departments but managers are confident of another profitable year.,,,,,,
01Synergyhttps://hackernoon.com/company/01synergy2023-02-01 22:18:00https://technews.tmcnet.com/news/2023/02/01/9753595.htmEseye named as a Visionary by Gartner® in the 2023 Magic Quadrant™ for Managed IoT Connectivity Services Worldwidehttps://firebasestorage.googleapis.com/v0/b/hackernoon-app.appspot.com/o/images%2Fimageedit_25_7084755369.gif?alt=media&token=ca7527b0-a214-46d4-af72-1062b3df1458Eseye a pioneer of integrated cellular IoT connectivity solutions today announced that it has been positioned by Gartner® as a Visionary in the 2023 Magic Quadrant™ for Managed IoT Connectivity Services Worldwide for its advanced offering.,,,,,,
01Synergyhttps://hackernoon.com/company/01synergy2023-08-15 10:22:00https://www.tmcnet.com/usubmit/2023/08/15/9864337.htmSAJ to Showcase Innovative Energy Storage Solutions at IFA Berlin 2023https://firebasestorage.googleapis.com/v0/b/hackernoon-app.appspot.com/o/images%2Fimageedit_25_7084755369.gif?alt=media&token=ca7527b0-a214-46d4-af72-1062b3df1458The IFA Berlin 2023 will allow SAJ to demonstrate its pioneering smart energy storage management technology to a global audience. Among the products and solutions SAJ will exhibit are the Portable Power Station S36 the HS2 Home Energy Storage System and its comprehensive intelligent energy system management platform.,,,,,,
01Synergyhttps://hackernoon.com/company/01synergy2023-02-23 13:02:00https://www.sidneydailynews.com/2023/02/23/information-technology-department-has-successful-year/Information Technology department has successful yearhttps://firebasestorage.googleapis.com/v0/b/hackernoon-app.appspot.com/o/images%2Fimageedit_25_7084755369.gif?alt=media&token=ca7527b0-a214-46d4-af72-1062b3df1458services. The Information Technology team also completed the implementation of a highly advanced server and storage solution to support some of the most advanced technological solutions in the ...,,,,,,
01Synergyhttps://hackernoon.com/company/01synergy2023-08-03 19:36:00https://seekingalpha.com/news/3996877-information-services-corporation-non-gaap-eps-of-c051-revenue-of-c533mInformation Services Corporation Non-GAAP EPS of C$0.51 revenue of C$53.3Mhttps://firebasestorage.googleapis.com/v0/b/hackernoon-app.appspot.com/o/images%2Fimageedit_25_7084755369.gif?alt=media&token=ca7527b0-a214-46d4-af72-1062b3df1458To ensure this doesn’t happen in the future please enable Javascript and cookies in your browser. Is this happening to you frequently? Please report it on our ...,,,,,,
01Synergyhttps://hackernoon.com/company/01synergy2023-07-14 18:32:00https://www.reuters.com/technology/why-amazon-put-services-spotlight-prime-day-2023-07-14/Why Amazon put services in the spotlight for Prime Dayhttps://firebasestorage.googleapis.com/v0/b/hackernoon-app.appspot.com/o/images%2Fimageedit_25_7084755369.gif?alt=media&token=ca7527b0-a214-46d4-af72-1062b3df1458NEW YORK July 14 (Reuters) - Amazon shoppers snagged deals on food delivery travel and healthcare during a two-day Prime Event that ended on Wednesday highlighting the potential for growth in ...,,,,,,
01Synergyhttps://hackernoon.com/company/01synergy2023-09-06 17:38:00https://www.scmr.com/article/services_economy_sees_continued_growth_in_august_notes_ismServices economy sees continued growth in August notes ISMhttps://firebasestorage.googleapis.com/v0/b/hackernoon-app.appspot.com/o/images%2Fimageedit_25_7084755369.gif?alt=media&token=ca7527b0-a214-46d4-af72-1062b3df1458The Services PMI—at 54.5 (a reading of 50 or higher signals growth)—increased 1.8% growing at a faster rate for the eighth consecutive month. ISM said that the services sector has seen growth in 38 of the last 39 months,,,,,,
01Synergyhttps://hackernoon.com/company/01synergy2023-09-06 14:02:00https://www.valdostadailytimes.com/ap/business/bluegrass-supply-chain-partners-with-reverselogix-to-enhance-efficiency-and-sustainability/article_f4e41182-5e69-5512-80a5-f49e3ebcfd36.htmlBluegrass Supply Chain Partners with ReverseLogix to Enhance Efficiency and Sustainabilityhttps://firebasestorage.googleapis.com/v0/b/hackernoon-app.appspot.com/o/images%2Fimageedit_25_7084755369.gif?alt=media&token=ca7527b0-a214-46d4-af72-1062b3df1458Bluegrass Supply Chain is thrilled to announce a strategic partnership with ReverseLogix a trailblazing software solution provider in the field of reverse logistics returns management and supply chain optimization.,,,,,,
01Synergyhttps://hackernoon.com/company/01synergy2023-08-24 00:00:00https://thediplomat.com/2009/06/technology-and-diplomacy/Technology and Diplomacyhttps://firebasestorage.googleapis.com/v0/b/hackernoon-app.appspot.com/o/images%2Fimageedit_25_7084755369.gif?alt=media&token=ca7527b0-a214-46d4-af72-1062b3df1458NZTE’s director for information technology and services Phil Hayward says the organisation has been using videoconferencing for seven years and deployed its first units in foreign locations ...,,,,,,
01Synergyhttps://hackernoon.com/company/01synergy2023-05-04 17:55:00https://it.tmcnet.com/news/2023/05/04/9807683.htmSIOS Technology Featured Speaker at SQL Saturday NYC; Session to Cover SQL Server High Availabilityhttps://firebasestorage.googleapis.com/v0/b/hackernoon-app.appspot.com/o/images%2Fimageedit_25_7084755369.gif?alt=media&token=ca7527b0-a214-46d4-af72-1062b3df1458SAN MATEO Calif. May 04 2023 (GLOBE NEWSWIRE) -- SIOS Technology Corp. an industry leader in application high availability (HA) and disaster recovery (DR) today announced it will be presenting at SQL Saturday NYC on Saturday May 6 at 12:30 pm ET at ...,,,,,,
01Synergyhttps://hackernoon.com/company/01synergy2023-09-02 09:30:00https://sf.gov/departments/committee-information-technology-coitCommittee on Information Technology (COIT)https://firebasestorage.googleapis.com/v0/b/hackernoon-app.appspot.com/o/images%2Fimageedit_25_7084755369.gif?alt=media&token=ca7527b0-a214-46d4-af72-1062b3df1458After being held remotely due to COVID-19 in-person meetings are resuming as of Friday 4/20/23. All meetings will be held in Room 305 of City Hall (1 Dr. Carlton B Goodlett Pl San Francisco CA 94102). Meetings will continue to be streamed via WebEx to ...,,,,,,
01Synergyhttps://hackernoon.com/company/01synergy2023-08-23 00:00:00https://www.buffalo.edu/administrative-services/for-faculty-staff/my-employment-information.htmlInformation About Mehttps://firebasestorage.googleapis.com/v0/b/hackernoon-app.appspot.com/o/images%2Fimageedit_25_7084755369.gif?alt=media&token=ca7527b0-a214-46d4-af72-1062b3df1458Employees are listed in the UB Online Directory with information from your employment record: job title department(s) office or department phone and UB email address. Student employees may not be listed if they have suppressed their directory information ...,,,,,,
01Synergyhttps://hackernoon.com/company/01synergy2023-08-17 13:06:00https://www.businesswire.com/news/home/20230817262867/en/OSI Systems Secures $14 Million Contract for Advanced Security Inspection Technology and Serviceshttps://firebasestorage.googleapis.com/v0/b/hackernoon-app.appspot.com/o/images%2Fimageedit_25_7084755369.gif?alt=media&token=ca7527b0-a214-46d4-af72-1062b3df1458For more information on OSI Systems or any of its subsidiary companies visit www.osi-systems.com. News Filter: OSIS-G Forward-Looking Statements This press release contains forward-looking ...,,,,,,
01Synergyhttps://hackernoon.com/company/01synergy2023-08-16 22:58:00https://www.wboc.com/news/governor-moore-announces-major-action-to-modernize-maryland-department-of-information-technology-services-and-operations/article_2e315e58-3c86-11ee-9c6b-93737235c00c.htmlGovernor Moore Announces Major Action to Modernize Maryland Department of Information Technology Services and Operationshttps://firebasestorage.googleapis.com/v0/b/hackernoon-app.appspot.com/o/images%2Fimageedit_25_7084755369.gif?alt=media&token=ca7527b0-a214-46d4-af72-1062b3df1458Governor Wes Moore on Wednesday announced a series of actions to rebuild state government and modernize operations within the Maryland Department of Information ... Technology. To improve core ...,,,,,,
01Synergyhttps://hackernoon.com/company/01synergy2023-08-08 00:00:00https://www.rit.edu/study/computing-and-information-sciencesComputing and Information Sciences Degreeshttps://firebasestorage.googleapis.com/v0/b/hackernoon-app.appspot.com/o/images%2Fimageedit_25_7084755369.gif?alt=media&token=ca7527b0-a214-46d4-af72-1062b3df1458Eva Navarro López named School of Information Director Eva Navarro López has been named director of the School of Information in RIT’s Golisano College of Computing and Information Sciences.,,,,,,
01Synergyhttps://hackernoon.com/company/01synergy2023-08-13 00:22:00https://www.benzinga.com/pressreleases/23/08/33796333/talent-acquisition-and-staffing-technology-and-services-market-global-demand-opportunity-and-analysTalent Acquisition and Staffing Technology and Services Market Global Demand Opportunity and Analysis Forecast 2023-2030https://firebasestorage.googleapis.com/v0/b/hackernoon-app.appspot.com/o/images%2Fimageedit_25_7084755369.gif?alt=media&token=ca7527b0-a214-46d4-af72-1062b3df1458and acquisition information etc. Chapter 3: Production/output value of Talent Acquisition and Staffing Technology and Services by region/country. It provides a quantitative analysis of the ...,,,,,,
01Synergyhttps://hackernoon.com/company/01synergy2023-10-12 17:59:00https://www.fmiblog.com/2023/10/12/united-states-on-board-magnetic-sensors-market-projects-remarkable-growth-anticipated-to-reach-2-4-billion-by-2033/United States On-board Magnetic Sensors Market Projects Remarkable Growth Anticipated to Reach $2.4 Billion by 2033https://www.bing.com/th?id=OVFT.N3GSmSdNJROABMMQF_XdVi&pid=NewsFMI stands as the leading global provider of market intelligence advisory services consulting and events for the Packaging Food and Beverage Consumer Technology Healthcare Industrial and Chemicals markets. With a vast team of over 5000 analysts ...,,,,,,
01Synergyhttps://hackernoon.com/company/01synergy2023-08-01 00:00:00https://www.sussex.ac.uk/study/masters/courses/management-of-information-technology-mscManagement of Information Technology MSchttps://firebasestorage.googleapis.com/v0/b/hackernoon-app.appspot.com/o/images%2Fimageedit_25_7084755369.gif?alt=media&token=ca7527b0-a214-46d4-af72-1062b3df1458Learn how to design evaluate and apply information technology systems in a business setting. You’ll take account of human organisational and strategic factors. communicating concepts designs and evaluation within a technical environment. We offer two ...,,,,,,
01Synergyhttps://hackernoon.com/company/01synergy2023-03-03 18:26:00https://www.tmcnet.com/voip/news/articles/455150-att-servicenow-answer-call-address-network-inventory-management.htmAT&T and ServiceNow Answer Call to Address Network Inventory Management Challengehttps://www.bing.com/th?id=OVFT.9fffJqK2BTQVFMb1_8nQ6i&pid=NewsAT&T and ServiceNow announced the release of a global telecom product that helps CSPs manage 5G and fiber network inventory.,,,,,,
01Synergyhttps://hackernoon.com/company/01synergy2023-08-31 21:42:00https://www.tmcnet.com/usubmit/-synergy-healthcare-services-addresses-data-privacy-incident-/2023/08/31/9873539.htmSynergy Healthcare Services Addresses Data Privacy Incidenthttps://firebasestorage.googleapis.com/v0/b/hackernoon-app.appspot.com/o/images%2Fimageedit_25_7084755369.gif?alt=media&token=ca7527b0-a214-46d4-af72-1062b3df1458Synergy Healthcare Services identified suspicious activity on its network and engaged third-party experts to investigate. On December 15 2022 the company determined that an unauthorized third-party accessed a portion of its computer network containing a number of files,,,,,,
01Synergyhttps://hackernoon.com/company/01synergy2023-08-18 00:00:00https://www.linkedin.com/pulse/solis-technologys-cutting-edge-development-servicesSolis Technology’s Cutting-edge Development Serviceshttps://firebasestorage.googleapis.com/v0/b/hackernoon-app.appspot.com/o/images%2Fimageedit_25_7084755369.gif?alt=media&token=ca7527b0-a214-46d4-af72-1062b3df1458This pursuit of excellence has led to the rapid evolution of Information Technology (IT) solutions and development services. The possibilities are endless in today's world; from software to AI ...,,,,,,
01Synergyhttps://hackernoon.com/company/01synergy2023-08-11 01:10:00https://apnews.com/article/china-united-states-biden-technology-investment-0874812b489913de74b76128a37cb66cChina accuses US of trying to block its development and demands that technology curbs be repealedhttps://firebasestorage.googleapis.com/v0/b/hackernoon-app.appspot.com/o/images%2Fimageedit_25_7084755369.gif?alt=media&token=ca7527b0-a214-46d4-af72-1062b3df1458China accused Washington on Thursday of trying to block its development after President Joe Biden stepped up a feud over technology and security by ... micro electronics quantum information technologies and artificial intelligence. The order says it ...,,,,,,
01Synergyhttps://hackernoon.com/company/01synergy2023-10-27 10:16:00https://www.bizjournals.com/sacramento/inno/stories/news/2023/10/27/thermogenesis-shared-lab-space.htmlThermoGenesis opens shared lab space for immunotherapy medical startupshttps://www.bing.com/th?id=OVFT.nX03EoN3NPo6KED7m6kiHS&pid=NewsBy sharing access to expensive infrastructure and equipment at ThermoGenesis'' new coworking laboratory startups benefit from a fully outfitted lab without having to pay to open or equip it.,,,,,,
01Synergyhttps://hackernoon.com/company/01synergy2023-10-26 05:32:00https://markets.businessinsider.com/news/stocks/servicenow-consistent-growth-strong-deal-activity-and-optimistic-outlook-justify-buy-rating-1032745936ServiceNow: Consistent Growth Strong Deal Activity and Optimistic Outlook Justify Buy Ratinghttps://firebasestorage.googleapis.com/v0/b/hackernoon-app.appspot.com/o/images%2Fimageedit_25_7084755369.gif?alt=media&token=ca7527b0-a214-46d4-af72-1062b3df1458The company offers its solutions to various sectors including healthcare education oil and gas telecommunications government consumer products technology IT and financial services. ServiceNow NewsMORE Related Stocks Indices,,,,,,
"01Synergyhttps://hackernoon.com/company/01synergy2023-07-18 07:08:00https://it.tmcnet.com/news/2023/07/18/9849452.htmSenseTime Unveils '""SenseTrust'"" AI Governance Platform for Reliable Advancement of Generative AIhttps://firebasestorage.googleapis.com/v0/b/hackernoon-app.appspot.com/o/images%2Fimageedit_25_7084755369.gif?alt=media&token=ca7527b0-a214-46d4-af72-1062b3df1458Zhang Wang Vice President and Chairman of the Al Ethics and Governance Committee of SenseTime stated '""The widespread adoption of AI is fuelled by affordable and versatile technology but ensuring systems have reliable security is a crucial component for large-scale implementation.",,,,,,
01Synergy,https://hackernoon.com/company/01synergy,2023-02-23 10:51:00,https://www.joplinglobe.com/region/national_business/l-t-technology-services-and-qualcomm-selected-by-thales-for-enabling-5g-private-networks-in/article_a791d1aa-f05a-52e5-a912-01d31827740b.html,L&T Technology Services and Qualcomm Selected by Thales for Enabling 5G Private Networks in Urban Railways,https://firebasestorage.googleapis.com/v0/b/hackernoon-app.appspot.com/o/images%2Fimageedit_25_7084755369.gif?alt=media&token=ca7527b0-a214-46d4-af72-1062b3df1458,L&T Technology Services Limited (BSE ... sales offices and 91 innovation labs as of December 31 2022. For more information please visit www.LTTS.com Thales (Euronext Paris: HO) is a global ...
01Synergy,https://hackernoon.com/company/01synergy,2023-09-07 00:00:00,https://www.computerweekly.com/resources/IT-for-financial-services,IT for financial services,https://firebasestorage.googleapis.com/v0/b/hackernoon-app.appspot.com/o/images%2Fimageedit_25_7084755369.gif?alt=media&token=ca7527b0-a214-46d4-af72-1062b3df1458,It’s not just enterprises that changed their operating models during and after Covid but also the suppliers that took them on the journey HCLTech Europe’s head explains Continue Reading
01Synergy,https://hackernoon.com/company/01synergy,2022-12-19 10:23:00,https://www.tmcnet.com/usubmit/2022/12/19/9732468.htm,LG Innotek to come forward as the 'Total Solution Provider for future cars' in 'CES 2023',https://firebasestorage.googleapis.com/v0/b/hackernoon-app.appspot.com/o/images%2Fimageedit_25_7084755369.gif?alt=media&token=ca7527b0-a214-46d4-af72-1062b3df1458,LG Innotek had participated in CES in the form of private exhibition that only invited clients to introduce products. It is the first time to participate in the exhibition for the public by running a booth.
01Synergy,https://hackernoon.com/company/01synergy,2022-12-12 13:35:00,https://markets.businessinsider.com/news/stocks/converge-technology-solutions-corp-announces-houlihan-lokey-capital-inc-and-canaccord-genuity-corp-as-co-financial-advisors-1031965173,Converge Technology Solutions Corp. Announces Houlihan Lokey Capital Inc and Canaccord Genuity Corp as Co-financial Advisors,https://firebasestorage.googleapis.com/v0/b/hackernoon-app.appspot.com/o/images%2Fimageedit_25_7084755369.gif?alt=media&token=ca7527b0-a214-46d4-af72-1062b3df1458,About Converge Converge Technology Solutions Corp. is a software-enabled IT & Cloud Solutions provider focused on delivering industry-leading solutions and services. Converge's global solution ...
01Synergy,https://hackernoon.com/company/01synergy,2023-02-23 11:30:00,https://www.businesswireindia.com/lt-technology-services-and-qualcomm-selected-by-thales-for-enabling-5g-private-networks-in-urban-railways-83167.html,L&T Technology Services and Qualcomm Selected by Thales for Enabling 5G Private Networks in Urban Railways,https://firebasestorage.googleapis.com/v0/b/hackernoon-app.appspot.com/o/images%2Fimageedit_25_7084755369.gif?alt=media&token=ca7527b0-a214-46d4-af72-1062b3df1458,Bengaluru Karnataka India: L&T Technology Services Limited (BSE ... 2022. For more information please visit www.LTTS.com Thales (Euronext Paris: HO) is a global leader in advanced technologies ...
01Synergy,https://hackernoon.com/company/01synergy,2023-09-26 12:52:00,https://www.businesswire.com/news/home/20230926616469/en/Start-Campus-Announces-Partnership-with-Colt-Technology-Services,Start Campus Announces Partnership with Colt Technology Services,https://firebasestorage.googleapis.com/v0/b/hackernoon-app.appspot.com/o/images%2Fimageedit_25_7084755369.gif?alt=media&token=ca7527b0-a214-46d4-af72-1062b3df1458,It will be one of Europe’s largest data center campuses responding to the large international technology companies'' growing demand. For more information about Colt visit www.colt.net For more ...
01Synergy,https://hackernoon.com/company/01synergy,2022-12-16 22:14:00,https://www.govtech.com/education/higher-ed/apogee-acquires-cumulus-technology-services,Apogee Acquires Cumulus Technology Services,https://firebasestorage.googleapis.com/v0/b/hackernoon-app.appspot.com/o/images%2Fimageedit_25_7084755369.gif?alt=media&token=ca7527b0-a214-46d4-af72-1062b3df1458,The higher ed technology services company Apogee has acquired Cumulus Technology Services Inc. intending to build out its portfolio of cloud services to serve customers shifting away from on-prem ...
01Synergy,https://hackernoon.com/company/01synergy,2023-07-21 02:20:00,https://www.capella.edu/online-degrees/masters-information-technology/,General Information Technology,https://firebasestorage.googleapis.com/v0/b/hackernoon-app.appspot.com/o/images%2Fimageedit_25_7084755369.gif?alt=media&token=ca7527b0-a214-46d4-af72-1062b3df1458,You can develop the skills to redefine your IT career with the online MS in Information Technology General Information Technology at Capella. Choose courses that align with your goals in the field of IT including: analytics cybersecurity project ...
01Synergy,https://hackernoon.com/company/01synergy,2023-08-25 14:19:00,https://www.bizjournals.com/triangle/inno/stories/fundings/2023/08/25/web3-startup-raleon-raises-nearly-four-million.html,Wilmington startup raises millions to grow its Web3 platform,https://firebasestorage.googleapis.com/v0/b/hackernoon-app.appspot.com/o/images%2Fimageedit_25_7084755369.gif?alt=media&token=ca7527b0-a214-46d4-af72-1062b3df1458&auto=format&fit=max&w=3840,A web3 company founded by a team of former nCino (Nasdaq: NCNO) technologists has raised $3.8 million. Nathan Snell co-founder and CEO of Wilmington-based Raleon said the six-person team will be hiring as it builds out its platform. The success of the ...
01Synergy,https://hackernoon.com/company/01synergy,2023-09-28 10:58:00,https://www.linkedin.com/pulse/industrial-services-market-size-information-technology,Industrial Services Market Size Information Technology and Competitive Landscape,https://firebasestorage.googleapis.com/v0/b/hackernoon-app.appspot.com/o/images%2Fimageedit_25_7084755369.gif?alt=media&token=ca7527b0-a214-46d4-af72-1062b3df1458,The bulk of the key insights in this study are based on in-depth information gleaned from primary and secondary data collection data. The Global Industrial Services Market can be segmented based ...
01Synergy,https://hackernoon.com/company/01synergy,2022-12-15 02:59:00,https://www.dbusiness.com/daily-news/dbusiness-daily-update-hollywood-casino-at-greektown-to-open-market-express-with-amazon-technology-and-more/,DBusiness Daily Update: Hollywood Casino at Greektown to Open Market Express with Amazon Technology and More,https://firebasestorage.googleapis.com/v0/b/hackernoon-app.appspot.com/o/images%2Fimageedit_25_7084755369.gif?alt=media&token=ca7527b0-a214-46d4-af72-1062b3df1458,Market Express in Hollywood Casino at Greektown is a new grab-and-go market powered by Amazon’s Just Walk Out technology and Amazon One ... have increased their use of online banking services via computers or tablets and 40 percent used more mobile ...
01Synergy,https://hackernoon.com/company/01synergy,2023-09-21 16:15:00,https://www.tmcnet.com/usubmit/2023/09/21/9885803.htm,Keysight and Synopsys Partner for IoT Device Cybersecurity,https://firebasestorage.googleapis.com/v0/b/hackernoon-app.appspot.com/o/images%2Fimageedit_25_7084755369.gif?alt=media&token=ca7527b0-a214-46d4-af72-1062b3df1458,The global IoT device market is experiencing notable growth due to the rise in adoption of IoT devices and is projected to reach a market value of $413.7 billion by 2031. According to Palo Alto Networks IoT Threat Report
01Synergy,https://hackernoon.com/company/01synergy,2023-04-17 09:54:00,https://www.power-technology.com/sponsored/broadband-services-development-monetising-underutilised-assets-of-power-companies/,Broadband services development: Monetising underutilised assets of power companies,https://firebasestorage.googleapis.com/v0/b/hackernoon-app.appspot.com/o/images%2Fimageedit_25_7084755369.gif?alt=media&token=ca7527b0-a214-46d4-af72-1062b3df1458,These companies can capitalise on these assets and generate new revenue streams by building and developing broadband services. By Fi Forrest The impact of broadband coverage on the economy is a subject of growing interest. A recent study for the World Bank ...
01Synergy,https://hackernoon.com/company/01synergy,2023-07-08 06:02:00,https://www.waketech.edu/programs-courses/credit/credit-programs/human-services-technology/degrees-programs/a4538c,Human Services Technology: Mental Health AAS,https://firebasestorage.googleapis.com/v0/b/hackernoon-app.appspot.com/o/images%2Fimageedit_25_7084755369.gif?alt=media&token=ca7527b0-a214-46d4-af72-1062b3df1458,The Human Services Technology/Mental Health concentration prepares students for job opportunities in the mental health field. The curriculum enables students to understand culturally and emotionally handicapped developmentally disabled or addicted clients ...
01Synergy,https://hackernoon.com/company/01synergy,2023-10-09 08:31:00,https://slator.com/client-needs-drive-service-expansion-alc-survey-finds/,Client Needs Drive Service Expansion ALC Survey Finds,https://firebasestorage.googleapis.com/v0/b/hackernoon-app.appspot.com/o/images%2Fimageedit_25_7084755369.gif?alt=media&token=ca7527b0-a214-46d4-af72-1062b3df1458&auto=format&fit=max&w=3840,The 2023 ALC Industry Survey ran from August to September 2023 collecting responses from 85 small and medium-sized LSPs in the US and globally on a broad range of industry topics — from growth and business strategies technology and supply chains to pricing salaries and recruitment.
01Synergy,https://hackernoon.com/company/01synergy,2023-08-27 00:11:00,https://www.businesswire.com/news/home/20230826511370/en/,o9 Solutions Announces Hyderabad Office and Strategic Partnership With Telangana Government to Develop World-Class Supply Chain Talent,https://firebasestorage.googleapis.com/v0/b/hackernoon-app.appspot.com/o/images%2Fimageedit_25_7084755369.gif?alt=media&token=ca7527b0-a214-46d4-af72-1062b3df1458,Solutions a leading AI powered software platform used by global manufacturers and retailers to plan their supply chains today announced that it w
01Synergy,https://hackernoon.com/company/01synergy,2023-08-13 23:59:00,https://www.rit.edu/study/computing-and-information-technologies-bs,Computing and Information Technologies,https://firebasestorage.googleapis.com/v0/b/hackernoon-app.appspot.com/o/images%2Fimageedit_25_7084755369.gif?alt=media&token=ca7527b0-a214-46d4-af72-1062b3df1458,RIT’s computing and information technology degree teaches you complex computing systems and how to become well-versed in their management. Information technology is found in every aspect of our lives—the workplace our homes the way we communicate ...
01Synergy,https://hackernoon.com/company/01synergy,2023-10-26 23:59:00,https://www.newswit.com/en/ifj7eje4ehi8f1mta3o5q3nbk5h8y9l4,Shipsy Completes Stockone Acquisition and Expands Product Portfolio for Holistic Fulfillment and Logistics Management,https://firebasestorage.googleapis.com/v0/b/hackernoon-app.appspot.com/o/images%2Fimageedit_25_7084755369.gif?alt=media&token=ca7527b0-a214-46d4-af72-1062b3df1458,This strategic acquisition reinforces Shipsy's commitment to providing a comprehensive end-to-end logistics technology platform for enterprise customers across diverse industries. The extended product suite will offer a holistic logistics management ...
01Synergy,https://hackernoon.com/company/01synergy,2023-10-26 12:40:00,https://www.benzinga.com/pressreleases/23/10/b35445882/youtility-uk-fintech-switching-platform-acquired-by-squeeze-an-american-price-comparison-service-t,Youtility UK Fintech Switching Platform Acquired by Squeeze an American Price Comparison Service to Help UK Consumers With Cost of Living Crisis,https://firebasestorage.googleapis.com/v0/b/hackernoon-app.appspot.com/o/images%2Fimageedit_25_7084755369.gif?alt=media&token=ca7527b0-a214-46d4-af72-1062b3df1458,Youtility''s a service that integrates switching services into bank and fintech applications enabling ... Squeeze''s data analytics and B2C experience with Youtility unique technology allowing switching to be integrated by banks into their Apps.
01Synergy,https://hackernoon.com/company/01synergy,2023-07-18 21:12:00,https://www.lse.co.uk/ShareChat.html?ShareTicker=SYN&thread=D84615CC-0317-4A0A-BC2A-B52A1EA2ABC5,Synergia Energy Share Chat,https://firebasestorage.googleapis.com/v0/b/hackernoon-app.appspot.com/o/images%2Fimageedit_25_7084755369.gif?alt=media&token=ca7527b0-a214-46d4-af72-1062b3df1458,The IP address of all posts is recorded to aid in enforcing these conditions. As a user you agree to any information you have entered being stored in a database. You agree that we have the right to remove edit move or close any topic or board at any time ...
01Synergy,https://hackernoon.com/company/01synergy,2023-04-03 09:43:00,https://www.staffordshire.gov.uk/Advice-support-and-care-for-adults/Information-for-providers/Market-Position-Statements/All-adults/Community-equipment-assistive-technology-and-adaptation-services.aspx,Community equipment assistive technology and adaptation services,https://firebasestorage.googleapis.com/v0/b/hackernoon-app.appspot.com/o/images%2Fimageedit_25_7084755369.gif?alt=media&token=ca7527b0-a214-46d4-af72-1062b3df1458,Within the council we are supporting people to find out more about telecare and assistive technology and have access to the information they need to purchase telecare services and equipment that meets their needs by: bringing them into the mainstream ...
01Synergy,https://hackernoon.com/company/01synergy,2023-04-03 01:04:00,https://www.linkedin.com/advice/3/what-emerging-trends-innovations-leo,What are the emerging trends and innovations in LEO SATCOM technology and services?,https://firebasestorage.googleapis.com/v0/b/hackernoon-app.appspot.com/o/images%2Fimageedit_25_7084755369.gif?alt=media&token=ca7527b0-a214-46d4-af72-1062b3df1458,Learn from the community’s knowledge. Experts are adding insights into this AI-powered collaborative article and you could too. This is a new type of article that we started with the help of AI ...
01Synergy,https://hackernoon.com/company/01synergy,2023-10-27 20:21:00,https://www.bizjournals.com/sanfrancisco/inno/stories/news/2023/10/27/logistics-startup-slync-christopher-kirchner.html,A logistics startup is shutting down. The company blames its founder,https://firebasestorage.googleapis.com/v0/b/hackernoon-app.appspot.com/o/images%2Fimageedit_25_7084755369.gif?alt=media&token=ca7527b0-a214-46d4-af72-1062b3df1458&auto=format&fit=max&w=3840,Logistics startup Slync is shutting down and pointing the finger at co-founder and former CEO Christopher Kirchner. He calls that a 'deliberate smear campaign.'
01Synergy,https://hackernoon.com/company/01synergy,2023-10-12 00:00:00,https://www.openaccessgovernment.org/launch-of-new-sustainable-technology-products-and-services-agreement/168089/,Launch of new sustainable technology products and services agreement,https://firebasestorage.googleapis.com/v0/b/hackernoon-app.appspot.com/o/images%2Fimageedit_25_7084755369.gif?alt=media&token=ca7527b0-a214-46d4-af72-1062b3df1458,The Crown Commercial Service (CCS) has recently granted a comprehensive agreement contract for technology-related products and services which includes a specialised category for acquiring and overseeing IT resources with a greater emphasis on sustainability.
01Synergy,https://hackernoon.com/company/01synergy,2023-10-14 00:00:00,https://www.hbs.edu/faculty/topics/Pages/technology-and-innovation.aspx,Technology & Innovation,https://firebasestorage.googleapis.com/v0/b/hackernoon-app.appspot.com/o/images%2Fimageedit_25_7084755369.gif?alt=media&token=ca7527b0-a214-46d4-af72-1062b3df1458,General Electric for example was at risk of losing many of its top customers to nontraditional competitors—IBM and SAP on the one hand big data start-ups on the other—offering data-intensive analytics-based services that could connect to any ...
01Synergy,https://hackernoon.com/company/01synergy,2023-07-13 23:30:00,https://www.technologyreview.com/2023/06/28/1075552/ai-gains-momentum-in-core-financial-services-functions/,AI gains momentum in core financial services functions,https://firebasestorage.googleapis.com/v0/b/hackernoon-app.appspot.com/o/images%2Fimageedit_25_7084755369.gif?alt=media&token=ca7527b0-a214-46d4-af72-1062b3df1458,Financial services and banking see AI as an opportunity ... This content was produced by Insights the custom content arm of MIT Technology Review. It was not written by MIT Technology Review ...
01Synergy,https://hackernoon.com/company/01synergy,2023-04-03 11:24:00,https://www.forbes.com/advisor/business/software/best-voip-service/,Best VoIP Services (April 2023),https://firebasestorage.googleapis.com/v0/b/hackernoon-app.appspot.com/o/images%2Fimageedit_25_7084755369.gif?alt=media&token=ca7527b0-a214-46d4-af72-1062b3df1458,Editorial Note: We earn a commission from partner links on Forbes Advisor. Commissions do not affect our editors' opinions or evaluations. As technology advances and companies adapt to ever ...
01Synergy,https://hackernoon.com/company/01synergy,2022-12-19 18:34:00,https://www.benzinga.com/pressreleases/22/12/b30134057/sensormatic-solutions-by-johnson-controls-shares-2022-u-s-super-saturday-shopper-traffic-insights,Sensormatic Solutions by Johnson Controls shares 2022 U.S. Super Saturday shopper traffic insights,https://firebasestorage.googleapis.com/v0/b/hackernoon-app.appspot.com/o/images%2Fimageedit_25_7084755369.gif?alt=media&token=ca7527b0-a214-46d4-af72-1062b3df1458,Shopper traffic data indicates that visits to physical stores on Super Saturday (Dec. 17) were up 17% from the previous Saturday (Dec. 10) Compared to Super Saturday 2021 shopper traffic was up 0.2%
01Synergy,https://hackernoon.com/company/01synergy,2023-10-12 16:01:00,https://www.theinformation.com/articles/why-so-many-streaming-services-are-struggling,Why So Many Streaming Services Are Struggling,https://firebasestorage.googleapis.com/v0/b/hackernoon-app.appspot.com/o/images%2Fimageedit_25_7084755369.gif?alt=media&token=ca7527b0-a214-46d4-af72-1062b3df1458,Desperate to stem losses from streaming and pay down billions in debt media companies including Warner Bros. Discovery are raising prices. That’s in part because they’ve been focused almost exclusively on their content libraries. Instead they must ...
01Synergy,https://hackernoon.com/company/01synergy,2023-09-06 00:00:00,https://www.business-standard.com/company/lt-technology-44814.html,L&T Technology Services Ltd,https://firebasestorage.googleapis.com/v0/b/hackernoon-app.appspot.com/o/images%2Fimageedit_25_7084755369.gif?alt=media&token=ca7527b0-a214-46d4-af72-1062b3df1458,L&T Technology Services Limited (LTTS) is a leading global pure-play Engineering Research and Development (ER&D) services provider. The Company delivers consultancy design development and testing services across the product and process development life cycle.
01Synergy,https://hackernoon.com/company/01synergy,2023-04-14 17:52:00,https://www.linkedin.com/pulse/impact-technology-medical-billing-services/,The Impact Of Technology On Medical Billing Services,https://firebasestorage.googleapis.com/v0/b/hackernoon-app.appspot.com/o/images%2Fimageedit_25_7084755369.gif?alt=media&token=ca7527b0-a214-46d4-af72-1062b3df1458,Let’s discuss the impact of technology on medical billing services. As more and more ... medical providers require a significant amount of information and backend support. Medical billing ...
01Synergy,https://hackernoon.com/company/01synergy,2022-12-13 09:48:00,https://www.inc.com/brandedcontent/modernizing-digital-health-technology-and-services.html,Modernizing Digital Health Technology and Services,https://firebasestorage.googleapis.com/v0/b/hackernoon-app.appspot.com/o/images%2Fimageedit_25_7084755369.gif?alt=media&token=ca7527b0-a214-46d4-af72-1062b3df1458,the digital health technology and services company that developed Addison--an innovative 3D-animated digital caregiver. Clients can choose from eight avatars to customize the display. Addison is ...
01Synergy,https://hackernoon.com/company/01synergy,2023-07-20 18:54:00,https://www.nasdaq.com/articles/thursday-sector-laggards:-technology-communications-services-2,Thursday Sector Laggards: Technology & Communications Services,https://firebasestorage.googleapis.com/v0/b/hackernoon-app.appspot.com/o/images%2Fimageedit_25_7084755369.gif?alt=media&token=ca7527b0-a214-46d4-af72-1062b3df1458,In afternoon trading on Thursday Technology & Communications stocks ... BNK Invest Inc. provides investment services and information. BNK Invest owns and operates a market news family of websites ...
01Synergy,https://hackernoon.com/company/01synergy,2022-12-06 09:16:00,https://www.suasnews.com/2022/12/altitude-angel-and-saab-to-partner-on-digital-tower-technology/,Altitude Angel and Saab to partner on Digital Tower technology,https://firebasestorage.googleapis.com/v0/b/hackernoon-app.appspot.com/o/images%2Fimageedit_25_7084755369.gif?alt=media&token=ca7527b0-a214-46d4-af72-1062b3df1458,to quickly integrate robust data and services with minimum effort. Today Altitude Angel’s market-defining technology is providing a critical enabling service on which the future of UTM will be built across the globe. Altitude Angel is leading a ...
01Synergy,https://hackernoon.com/company/01synergy,2023-06-09 19:00:00,https://www.msn.com/en-us/money/personalfinance/synchrony-syf-solidifies-ties-offers-perks-for-tcs-clients/ar-AA1clUFO,Synchrony (SYF) Solidifies Ties Offers Perks for TCS Clients,https://firebasestorage.googleapis.com/v0/b/hackernoon-app.appspot.com/o/images%2Fimageedit_25_7084755369.gif?alt=media&token=ca7527b0-a214-46d4-af72-1062b3df1458,Synchrony Financial SYF recently extended its consumer financing partnership with the renowned U.S. specialty retailer of organizing solutions custom spaces and in-home services ... Horizon Technology Finance’s earnings outpaced estimates in each ...
01Synergy,https://hackernoon.com/company/01synergy,2023-05-27 21:53:00,https://timesofmalta.com/articles/view/technology-cornerstone-financial-services-reform-a2.1033875,Technology: The cornerstone of financial services reform,https://firebasestorage.googleapis.com/v0/b/hackernoon-app.appspot.com/o/images%2Fimageedit_25_7084755369.gif?alt=media&token=ca7527b0-a214-46d4-af72-1062b3df1458,The financial services industry of today relies heavily on technology. It not only serves as the foundation for traditional operations but also paves the way for the creation of innovative ...
01Synergy,https://hackernoon.com/company/01synergy,2023-06-06 12:14:00,https://technews.tmcnet.com/news/2023/06/06/9827008.htm,Syxsense Launches Conference to Explore Intersections of Emerging Technology Security and Management Industry and Elevate Customer Perspectives,https://firebasestorage.googleapis.com/v0/b/hackernoon-app.appspot.com/o/images%2Fimageedit_25_7084755369.gif?alt=media&token=ca7527b0-a214-46d4-af72-1062b3df1458,Syxsense a global leader in Unified Security and Endpoint Management (USEM) solutions today announced their first technology security and management conference named Synergy. The virtual event is open to the public
01Synergy,https://hackernoon.com/company/01synergy,2023-07-18 15:02:00,https://technews.tmcnet.com/news/2023/07/18/9850160.htm,Pavion Acquires K&J Integrated Systems,https://firebasestorage.googleapis.com/v0/b/hackernoon-app.appspot.com/o/images%2Fimageedit_25_7084755369.gif?alt=media&token=ca7527b0-a214-46d4-af72-1062b3df1458,About K&J Integrated Systems K&J Integrated Systems specializes in commercial low voltage integration services ensuring your systems are customized to drive synergies efficiencies and cost savings. K&J supports customers across multiple industry verticals in the Northeast Region of the U.S. Learn more at www.kjisystems.com .
01Synergy,https://hackernoon.com/company/01synergy,2023-04-16 22:49:00,https://www.benzinga.com/pressreleases/23/04/n31822008/servicem8-initiative-hits-1-million-of-iphones-for-tradies,ServiceM8 initiative hits $1 million of iPhones for tradies,https://firebasestorage.googleapis.com/v0/b/hackernoon-app.appspot.com/o/images%2Fimageedit_25_7084755369.gif?alt=media&token=ca7527b0-a214-46d4-af72-1062b3df1458,ServiceM8 the job management app for trade contractors & service businesses today celebrates the milestone of $1 million in iPhones for small businesses
01Synergy,https://hackernoon.com/company/01synergy,2023-04-15 00:05:00,https://www.businesswire.com/news/home/20230412005734/en/Sensient-Announces-Conference-Call/,Sensient Announces Conference Call,https://firebasestorage.googleapis.com/v0/b/hackernoon-app.appspot.com/o/images%2Fimageedit_25_7084755369.gif?alt=media&token=ca7527b0-a214-46d4-af72-1062b3df1458&auto=format&fit=max&w=3840,Sensient Technologies Corporation (NYSE: SXT) will hold its conference call to discuss 2023 first quarter results at 8:30 a.m. CDT on Friday April 28
01Synergy,https://hackernoon.com/company/01synergy,2023-04-03 00:00:00,https://www.timeshighereducation.com/unijobs/listing/335295/assistant-professor-associate-professor-professor-information-technology-and-engineering/,Assistant Professor / Associate Professor / Professor Information Technology and Engineering,https://firebasestorage.googleapis.com/v0/b/hackernoon-app.appspot.com/o/images%2Fimageedit_25_7084755369.gif?alt=media&token=ca7527b0-a214-46d4-af72-1062b3df1458,Apply(This will open in a new window from which you will be automatically redirected to an external site after 5 seconds)
10Clouds,https://hackernoon.com/company/10clouds,2023-05-31 12:26:00,https://www.wsj.com/articles/tech-media-telecom-roundup-market-talk-c9ab226f,Tech Media & Telecom Roundup: Market Talk,https://firebasestorage.googleapis.com/v0/b/hackernoon-app.appspot.com/o/images%2Fimageedit_25_7084755369.gif?alt=media&token=ca7527b0-a214-46d4-af72-1062b3df1458&auto=format&fit=max&w=3840,The latest Market Talks covering Technology Media and Telecom. Published exclusively on Dow Jones Newswires at 4:20 ET 12:20 ET and 16:50 ET.
01Synergy,https://hackernoon.com/company/01synergy,2022-12-28 03:07:00,https://leadership.ng/behold-a-national-centre-to-share-data-and-services-for-nigerias-digital-economy/,Behold A National Centre To Share Data And Services For Nigeria’s Digital Economy,https://firebasestorage.googleapis.com/v0/b/hackernoon-app.appspot.com/o/images%2Fimageedit_25_7084755369.gif?alt=media&token=ca7527b0-a214-46d4-af72-1062b3df1458,He said the NSSC will provide services that are “swift secure and seamless’’. He added that the information communication and technology sector (ICT) had accelerated the diversification ...
01Synergy,https://hackernoon.com/company/01synergy,2022-12-23 18:59:00,https://www.bizjournals.com/kansascity/news/2022/12/23/pepper-iot-notion-denver-acquisition-2022.html,Kansas City''s Pepper Denver-based Notion combine to grow in InsurTech IoT sectors,https://firebasestorage.googleapis.com/v0/b/hackernoon-app.appspot.com/o/images%2Fimageedit_25_7084755369.gif?alt=media&token=ca7527b0-a214-46d4-af72-1062b3df1458&auto=format&fit=max&w=3840,A #KansasCity tech company has combined with #Denver-based Notion to become a leader in IoT and smart home services.
01Synergy,https://hackernoon.com/company/01synergy,2022-12-15 04:59:00,https://www.duncanbanner.com/community/technology-preventing-scams-and-fraud-this-holiday-season/article_d8853ae2-7c00-11ed-9c53-cf20073bc7e7.html,Technology: Preventing scams and fraud this holiday season,https://firebasestorage.googleapis.com/v0/b/hackernoon-app.appspot.com/o/images%2Fimageedit_25_7084755369.gif?alt=media&token=ca7527b0-a214-46d4-af72-1062b3df1458,“The more that we can get this information out there the better” Kerskie recently told T-Mobile Stories “Unfortunately when it comes to technology ... In the case of T-Mobile''s Scam Shield services include enhanced caller ID scam ID and blocking ...
01Synergy,https://hackernoon.com/company/01synergy,2023-09-06 23:01:00,https://www.express.co.uk/news/world/1810038/smart-device-technology-information-meta,Smart device users warned as technology takes and sends personal information,https://firebasestorage.googleapis.com/v0/b/hackernoon-app.appspot.com/o/images%2Fimageedit_25_7084755369.gif?alt=media&token=ca7527b0-a214-46d4-af72-1062b3df1458,“We are thoughtful and transparent about the information needed to develop provide and improve the products and services that we offer our customers allowing us to deliver a more personalized ...
01Synergy,https://hackernoon.com/company/01synergy,2023-01-20 12:42:00,https://finance.yahoo.com/news/l-t-technology-services-selected-115700946.html,L&T Technology Services Selected as Strategic Engineering Partner to Airbus for Advanced Capabilities and Digital Manufacturing Services,https://firebasestorage.googleapis.com/v0/b/hackernoon-app.appspot.com/o/images%2Fimageedit_25_7084755369.gif?alt=media&token=ca7527b0-a214-46d4-af72-1062b3df1458,BENGALURU India January 19 2023--(BUSINESS WIRE)--L&T Technology Services Limited (BSE ... 2022. For more information please visit www.LTTS.com
01Synergy,https://hackernoon.com/company/01synergy,2022-12-29 09:00:00,https://www.computerweekly.com/news/252528401/Top-10-technology-and-ethics-stories-of-2022,Top 10 technology and ethics stories of 2022,https://firebasestorage.googleapis.com/v0/b/hackernoon-app.appspot.com/o/images%2Fimageedit_25_7084755369.gif?alt=media&token=ca7527b0-a214-46d4-af72-1062b3df1458,when use of the technology was paused as a result of the pandemic. While roughly 144366 people’s biometric information has been scanned over the course of these deployments only eight were ...
01Synergy,https://hackernoon.com/company/01synergy,2023-09-08 00:00:00,https://uwaterloo.ca/information-systems-technology/,Welcome to the Information Systems & Technology website,https://firebasestorage.googleapis.com/v0/b/hackernoon-app.appspot.com/o/images%2Fimageedit_25_7084755369.gif?alt=media&token=ca7527b0-a214-46d4-af72-1062b3df1458,SAS software available to faculty and staff via the IST Webstore Migrating R: drive content to SharePoint Online and/or Teams Proposed campus telephony service and pricing change
01Synergy,https://hackernoon.com/company/01synergy,2023-04-13 15:34:00,https://finance.yahoo.com/news/conduent-features-global-medical-information-124500226.html,Conduent Features Global Medical Information Services at DIA Medical Affairs and Scientific Communications Conference,https://firebasestorage.googleapis.com/v0/b/hackernoon-app.appspot.com/o/images%2Fimageedit_25_7084755369.gif?alt=media&token=ca7527b0-a214-46d4-af72-1062b3df1458,CNDT) a global technology-led business solutions and services company will showcase its Global Medical Information Services at the DIA Medical Affairs and Scientific Communications Forum ...
01Synergy,https://hackernoon.com/company/01synergy,2023-07-12 08:11:00,https://www.benzinga.com/pressreleases/23/07/n33193613/synechron-and-visiongroup-partner-to-leverage-datasense,Synechron and VisionGroup Partner to Leverage dataSense,https://firebasestorage.googleapis.com/v0/b/hackernoon-app.appspot.com/o/images%2Fimageedit_25_7084755369.gif?alt=media&token=ca7527b0-a214-46d4-af72-1062b3df1458,Enhanced Data Management Tool for Upcoming Accelerator program NEW YORK and LONDON and PUNE India /PRNewswire/ -- Synechron a leading global digital transformation consulting firm today announced
01Synergy,https://hackernoon.com/company/01synergy,2023-01-27 15:22:00,https://www.hawaiibusiness.com/industry-outlook-information-technology/,Information Technology Outlook feat. Hawaiian Telcom,https://firebasestorage.googleapis.com/v0/b/hackernoon-app.appspot.com/o/images%2Fimageedit_25_7084755369.gif?alt=media&token=ca7527b0-a214-46d4-af72-1062b3df1458,With our expanded range of services and ... our customers’ IT and technology needs so that they can focus on running their businesses. Mahalo to this year's Industry Outlook partners for providing our readers with useful information in their respective ...
01Synergy,https://hackernoon.com/company/01synergy,2023-07-10 13:52:00,https://technews.tmcnet.com/news/2023/07/10/9845172.htm,Ceinsys Tech Ltd: A specialized GIS & Mobility engineering services provider celebrates 25 Years of Enhancing Possibilities; eyes global expansion,https://firebasestorage.googleapis.com/v0/b/hackernoon-app.appspot.com/o/images%2Fimageedit_25_7084755369.gif?alt=media&token=ca7527b0-a214-46d4-af72-1062b3df1458,NAGPUR India July 10 2023 /PRNewswire/ -- On July 8th Ceinsys Tech Ltd (a company listed on the Bombay Stock Exchange) and an integral part of the prestigious conglomerate - Meghe Group celebrated its 25 years of relentless pursuit towards driving change and enriching human life.
01Synergy,https://hackernoon.com/company/01synergy,2023-02-01 20:34:00,https://www.autonews.com/commentary/service-and-parts-forecast-cloudy-dose-confidence,Service and parts forecast cloudy with a dose of confidence,https://firebasestorage.googleapis.com/v0/b/hackernoon-app.appspot.com/o/images%2Fimageedit_25_7084755369.gif?alt=media&token=ca7527b0-a214-46d4-af72-1062b3df1458&auto=format&fit=max&w=3840,Staffing issues continue to plague service and parts departments but managers are confident of another profitable year.
01Synergy,https://hackernoon.com/company/01synergy,2023-07-20 00:58:00,https://finance.yahoo.com/news/3-stocks-watch-promising-technology-171500999.html,3 Stocks to Watch From a Promising Technology Services Industry,https://firebasestorage.googleapis.com/v0/b/hackernoon-app.appspot.com/o/images%2Fimageedit_25_7084755369.gif?alt=media&token=ca7527b0-a214-46d4-af72-1062b3df1458,The Zacks Technology Services industry stands to gain from the ongoing digitization increasing dependency on technology and initiatives to diversify technology services. Growth opportunities from ...
01Synergy,https://hackernoon.com/company/01synergy,2022-12-19 16:00:00,https://markets.businessinsider.com/news/stocks/y2-solution-announces-plans-for-the-ev-fast-charging-infrastructure-expansion-in-the-us-1031980291,Y2 Solution Announces Plans for the EV Fast-Charging Infrastructure Expansion in the US,https://firebasestorage.googleapis.com/v0/b/hackernoon-app.appspot.com/o/images%2Fimageedit_25_7084755369.gif?alt=media&token=ca7527b0-a214-46d4-af72-1062b3df1458&auto=format&fit=max&w=3840,SEOUL South Korea and CHICAGO Dec. 19 2022 /PRNewswire/ - Y2 Solution (Listed KOSPI : 011690) announces ambitious plans for the North
01Synergy,https://hackernoon.com/company/01synergy,2023-06-09 19:05:00,https://www.barrons.com/market-data/stocks/688479/financials?countrycode=cn&mod=quotes,Yonyou Auto Information Technology (Shanghai) Co. Ltd.,https://firebasestorage.googleapis.com/v0/b/hackernoon-app.appspot.com/o/images%2Fimageedit_25_7084755369.gif?alt=media&token=ca7527b0-a214-46d4-af72-1062b3df1458,Source: FactSet Indexes: Index quotes may be real-time or delayed as per exchange requirements; refer to time stamps for information on any delays. Source: FactSet Markets Diary: Data on U.S. Overview page represent trading in all U.S. markets and updates ...
01Synergy,https://hackernoon.com/company/01synergy,2023-09-27 15:09:00,https://www.digitaltransactions.net/eye-on-restaurants-inspire-turns-to-fiserv-shift4-picks-skytab-rescue-mission-winners/,Eye on Restaurants: Inspire Turns to Fiserv; Shift4 Picks SkyTab Rescue Mission Winners,https://firebasestorage.googleapis.com/v0/b/hackernoon-app.appspot.com/o/images%2Fimageedit_25_7084755369.gif?alt=media&token=ca7527b0-a214-46d4-af72-1062b3df1458,Inspire Brands Inc. a global restaurant chain that is home to Arby’s Baskin-Robbins Dunkin’ and four other brands has expanded its work with processor Fiserv Inc. with the goal of unifying in-store in-app and online transactions for more of its brands
01Synergy,https://hackernoon.com/company/01synergy,2023-09-12 00:00:00,https://www.rit.edu/study/computing-and-information-sciences,Computing and Information Sciences Degrees,https://firebasestorage.googleapis.com/v0/b/hackernoon-app.appspot.com/o/images%2Fimageedit_25_7084755369.gif?alt=media&token=ca7527b0-a214-46d4-af72-1062b3df1458,At RIT you’ll find yourself at the epicenter of sophisticated game-changing computing solutions. We cultivate the next generation of great minds who will advance computing in amazing ways. Improving interactions with online platforms for those with ...
01Synergy,https://hackernoon.com/company/01synergy,2023-02-17 10:11:00,https://www.law.com/corpcounsel/2023/02/15/law-lags-technology-as-delivery-drone-services-take-flight/,Law Lags Technology as Delivery-Drone Services Take Flight,https://firebasestorage.googleapis.com/v0/b/hackernoon-app.appspot.com/o/images%2Fimageedit_25_7084755369.gif?alt=media&token=ca7527b0-a214-46d4-af72-1062b3df1458,Amazon and other tech companies are chomping at the bit to use drones for delivery and other services ... According to a Feb. 1 story in The Information the Federal Aviation Administration ...
01Synergy,https://hackernoon.com/company/01synergy,2023-08-04 11:30:00,https://www.reuters.com/technology/apple-profit-tops-wall-street-targets-strong-services-counter-weaker-iphone-2023-08-03/,Apple sees sales slump continuing shares drop 2% despite beating sales expectations,https://firebasestorage.googleapis.com/v0/b/hackernoon-app.appspot.com/o/images%2Fimageedit_25_7084755369.gif?alt=media&token=ca7527b0-a214-46d4-af72-1062b3df1458,"For the just-ended period strength in services drove the profit beat ... the same field that is driving spending at other big technology companies. '""We''ve been doing research across a wide ..."
01Synergyhttps://hackernoon.com/company/01synergy2023-05-17 06:53:00https://www.digitimes.com/news/a20230517PD201/aoi-umc.htmlAOI equipment maker HYE eyeing double-digit sales growth for 2023https://www.bing.com/th?id=OVFT.XbJBlOAiJm1X2UiZtmlm-C&pid=NewsTaiwan-based automated optical inspection (AOI) equipment supplier HYE Technology with UMC Capital among its investors expects to continue registering a double-digit revenue growth in 2023 on substantial orders from its largest customer UMC and new business projects for the year,,,,,,
01Synergyhttps://hackernoon.com/company/01synergy2023-05-16 19:52:00https://www.dcvelocity.com/articles/57488-swisslog-s-synq-powered-autostore-solution-to-enable-omni-channel-growth-for-northern-tool-equipmentSwisslog’s SynQ powered AutoStore solution to enable omni-channel growth for Northern Tool+Equipmenthttps://firebasestorage.googleapis.com/v0/b/hackernoon-app.appspot.com/o/images%2Fimageedit_25_7084755369.gif?alt=media&token=ca7527b0-a214-46d4-af72-1062b3df1458Swisslog''s Automation Solution will be installed within Northern Tool''s Fort Mill SC facility to meet its distribution needs.,,,,,,
01Synergyhttps://hackernoon.com/company/01synergy2023-09-27 12:54:00https://www.yahoo.com/lifestyle/senser-launches-ai-enhanced-observability-120000301.htmlSenser launches its AI-enhanced observability platform raises $9.5Mhttps://www.bing.com/th?id=OVFT.JhIpVfnUclfbZgeJd3TMry&pid=NewsAt its core Senser uses the increasingly popular eBPF technology to monitor a company''s infrastructure. The advantage of eBPF is that it runs inside of the Linux kernel and can hence easily see all of the networking and application traffic without any ...,,,,,,
01Synergyhttps://hackernoon.com/company/01synergy2023-09-12 00:00:00https://www.medpagetoday.com/practicemanagement/informationtechnologyInformation Technologyhttps://firebasestorage.googleapis.com/v0/b/hackernoon-app.appspot.com/o/images%2Fimageedit_25_7084755369.gif?alt=media&token=ca7527b0-a214-46d4-af72-1062b3df1458Visit us on Facebook. Opens in a new tab or window Visit us on Twitter. Opens in a new tab or window Visit us on Instagram. Opens in a new tab or window Visit us on LinkedIn. Opens in a new tab or ...,,,,,,
01Synergyhttps://hackernoon.com/company/01synergy2023-09-12 16:52:00https://www.jagranjosh.com/articles/cbse-class-12-information-technology-syllabus-2023-24-pdf-download-1693760943-1CBSE Class 12 Information Technology Syllabus 2023-24: Download Class 12th Information Technology Syllabus PDFhttps://firebasestorage.googleapis.com/v0/b/hackernoon-app.appspot.com/o/images%2Fimageedit_25_7084755369.gif?alt=media&token=ca7527b0-a214-46d4-af72-1062b3df1458Skills can be downloaded from the CBSE website.,,,,,,
01Synergyhttps://hackernoon.com/company/01synergy2023-05-02 18:23:00https://www.labmanager.com/news/sensor-enables-high-fidelity-input-from-everyday-objects-human-body-30221Sensor Enables High-Fidelity Input from Everyday Objects Human Bodyhttps://www.bing.com/th?id=OVFT.umylwkt5JRkunItxse9BhC&pid=NewsTechnique for recording and analyzing surface-acoustic waves can enable nearly any object to act as a touch input device,,,,,,
01Synergyhttps://hackernoon.com/company/01synergy2023-02-24 11:34:00https://www.tmcnet.com/usubmit/-former-samsung-corporate-president-chief-strategy-officer-young-/2023/02/24/9766063.htmFormer Samsung Corporate President and Chief Strategy Officer Young Sohn joins Web3 compliance platform Astra Protocol as Advisorhttps://firebasestorage.googleapis.com/v0/b/hackernoon-app.appspot.com/o/images%2Fimageedit_25_7084755369.gif?alt=media&token=ca7527b0-a214-46d4-af72-1062b3df1458Astra Protocol a decentralized KYC platform for Web3 has appointed former Samsung Electronics President and Chief Strategy Officer Young Sohn to its Advisory Board. Equipped with significant expertise in capital investment and business strategy,,,,,,
01Synergyhttps://hackernoon.com/company/01synergy2023-08-03 16:43:00https://www.valuepenguin.com/sectors/information-technologyInformation Technology Sector: Overview and Fundshttps://firebasestorage.googleapis.com/v0/b/hackernoon-app.appspot.com/o/images%2Fimageedit_25_7084755369.gif?alt=media&token=ca7527b0-a214-46d4-af72-1062b3df1458The information technology (IT) sector includes companies that produce software hardware or semiconductor equipment and companies that provide internet or related services. The three major industry groups within the IT sector are software and services ...,,,,,,
01Synergyhttps://hackernoon.com/company/01synergy2023-10-03 00:03:00https://www.geekwire.com/2023/this-ag-tech-startup-kept-digging-and-found-an-electrifying-idea-to-zap-weeds-and-soil-pests/This ag-tech startup kept digging and found an electrifying idea to zap weeds and soil pestshttps://firebasestorage.googleapis.com/v0/b/hackernoon-app.appspot.com/o/images%2Fimageedit_25_7084755369.gif?alt=media&token=ca7527b0-a214-46d4-af72-1062b3df1458Lisi Global co-founder and CEO Jason Crisp (right) working on his company''s technology for a demonstration in Toppenish Wash. The goal in this case is to,,,,,,
01Synergyhttps://hackernoon.com/company/01synergy2023-08-25 14:15:00https://www.premiumtimesng.com/opinion/617687-nigeria-and-the-huge-potential-of-semiconductor-technology-by-shehu-tijjani-abdullahi.htmlNigeria and the huge potential of semiconductor technology By Shehu-Tijjani Abdullahihttps://firebasestorage.googleapis.com/v0/b/hackernoon-app.appspot.com/o/images%2Fimageedit_25_7084755369.gif?alt=media&token=ca7527b0-a214-46d4-af72-1062b3df1458I graduated with a First-Class Degree in Information Technology and Business Information Systems from Middlesex University and this laid a strong foundation for my career. In addition ...,,,,,,
01Synergyhttps://hackernoon.com/company/01synergy2023-08-25 01:10:00https://www.forbes.com/advisor/business/software/best-voip-service/Best VoIP Services (September 2023)https://firebasestorage.googleapis.com/v0/b/hackernoon-app.appspot.com/o/images%2Fimageedit_25_7084755369.gif?alt=media&token=ca7527b0-a214-46d4-af72-1062b3df1458Toni Matthews-El is a writer and journalist based in Delaware. When she''s not tracking the impact of automation on the retail industry or the latest in digital privacy laws she''s cheering on the ...,,,,,,
01Synergyhttps://hackernoon.com/company/01synergy2022-12-15 04:59:00https://www.duncanbanner.com/community/technology-preventing-scams-and-fraud-this-holiday-season/article_d8853ae2-7c00-11ed-9c53-cf20073bc7e7.htmlTechnology: Preventing scams and fraud this holiday seasonhttps://firebasestorage.googleapis.com/v0/b/hackernoon-app.appspot.com/o/images%2Fimageedit_25_7084755369.gif?alt=media&token=ca7527b0-a214-46d4-af72-1062b3df1458“The more that we can get this information out there the better” Kerskie recently told T-Mobile Stories “Unfortunately when it comes to technology ... In the case of T-Mobile''s Scam Shield services include enhanced caller ID scam ID and blocking ...,,,,,,
01Synergyhttps://hackernoon.com/company/01synergy2023-02-16 04:37:00https://www.governmentnews.com.au/type_contributors/unlocking-the-potential-of-government-services-through-technology/Unlocking the potential of government services through technologyhttps://firebasestorage.googleapis.com/v0/b/hackernoon-app.appspot.com/o/images%2Fimageedit_25_7084755369.gif?alt=media&token=ca7527b0-a214-46d4-af72-1062b3df1458Demands for services are only increasing and many are embracing digital technology to scale services ... The system allows both consumers and clinicians to access real-time information to help understand what matters to patients and support shared ...,,,,,,
01Synergyhttps://hackernoon.com/company/01synergy2023-08-05 13:52:00https://www.tampabay.com/news/tampa/2023/08/01/need-housing-information-tampa-launches-tenant-services-team-help/Need housing information? Tampa launches Tenant Services Team to helphttps://firebasestorage.googleapis.com/v0/b/hackernoon-app.appspot.com/o/images%2Fimageedit_25_7084755369.gif?alt=media&token=ca7527b0-a214-46d4-af72-1062b3df1458Though initially noncommittal on the idea of the advocacy office less than a week later Castor announced the launch of a housing information ... newly created Tenant Services Team absorbed ...,,,,,,
01Synergyhttps://hackernoon.com/company/01synergy2023-05-01 05:14:00https://www.cnbc.com/select/best-credit-monitoring-services/The best credit monitoring services that can help you spot fraud earlyhttps://firebasestorage.googleapis.com/v0/b/hackernoon-app.appspot.com/o/images%2Fimageedit_25_7084755369.gif?alt=media&token=ca7527b0-a214-46d4-af72-1062b3df1458Credit monitoring services can provide you with early notice of potential fraud on your credit report so you can take steps to protect your personal information. While these services can''t ...,,,,,,
01Synergyhttps://hackernoon.com/company/01synergy2023-09-18 11:36:00https://www.linkedin.com/pulse/bioremediation-technology-services-consumption-marketBioremediation Technology & Services Consumption Market Size And Forecast to 2031https://firebasestorage.googleapis.com/v0/b/hackernoon-app.appspot.com/o/images%2Fimageedit_25_7084755369.gif?alt=media&token=ca7527b0-a214-46d4-af72-1062b3df1458contact information major business Animation and Bioremediation Technology & Services Consumption Market introduction etc. Animation and Bioremediation Technology & Services Consumption Market ...,,,,,,
01Synergyhttps://hackernoon.com/company/01synergy2023-03-07 11:34:00https://bismarcktribune.com/lifestyles/health-med-fit/stick-on-sensor-could-warn-of-heart-failure-complications/article_374f6210-7659-5f5e-baf7-2bb5ba435f80.htmlStick-on Sensor Could Warn of Heart Failure Complicationshttps://firebasestorage.googleapis.com/v0/b/hackernoon-app.appspot.com/o/images%2Fimageedit_25_7084755369.gif?alt=media&token=ca7527b0-a214-46d4-af72-1062b3df1458A stick-on sensor may help keep people with heart failure out of the hospital new research suggests. Investigators found that when doctors had actionable information about patients’ conditions delivered remotely through this noninvasive device,,,,,,
"01Synergyhttps://hackernoon.com/company/01synergy2023-08-03 15:59:00https://reason.com/volokh/2023/08/03/providing-information-about-or-referring-patients-to-legal-out-of-state-abortion-services-is-protected/'""Providing Information About or Referring Patients to Legal Out-of-State Abortion Services'"" Is Protectedhttps://firebasestorage.googleapis.com/v0/b/hackernoon-app.appspot.com/o/images%2Fimageedit_25_7084755369.gif?alt=media&token=ca7527b0-a214-46d4-af72-1062b3df1458That letter interprets the '""assisting'"" language to include providing information about or referring patients to legal out-of-state abortion services…. Interestingly the State did not engage ...",,,,,,
01Synergyhttps://hackernoon.com/company/01synergy2023-05-01 14:16:00https://www.uh.edu/education/student-services/technology-services/Technology Services (CITE)https://firebasestorage.googleapis.com/v0/b/hackernoon-app.appspot.com/o/images%2Fimageedit_25_7084755369.gif?alt=media&token=ca7527b0-a214-46d4-af72-1062b3df1458The Center for Information Technology in Education (CITE) was established in 1989 at the University of Houston College of Education. It supports college employees and students with their technological needs. Learn more about CITE services by visiting our ...,,,,,,
01Synergyhttps://hackernoon.com/company/01synergy2023-01-02 13:11:00https://technews.tmcnet.com/news/2023/01/02/9736345.htmSeeing Machines'' world-leading interior sensing technology on show in suite and in car at CES 2023https://firebasestorage.googleapis.com/v0/b/hackernoon-app.appspot.com/o/images%2Fimageedit_25_7084755369.gif?alt=media&token=ca7527b0-a214-46d4-af72-1062b3df1458Seeing Machines'' immersive technology demonstrations will be held by appointment at a private suite in the Westgate Las Vegas Resort and Casino and in our demo car to showcase the Company''s latest groundbreaking software and algorithm developments for its FOVIO driver and occupant monitoring system (DMS/OMS) technology solutions.,,,,,,
01Synergyhttps://hackernoon.com/company/01synergy2023-01-27 15:22:00https://www.hawaiibusiness.com/industry-outlook-information-technology/Information Technology Outlook feat. Hawaiian Telcomhttps://firebasestorage.googleapis.com/v0/b/hackernoon-app.appspot.com/o/images%2Fimageedit_25_7084755369.gif?alt=media&token=ca7527b0-a214-46d4-af72-1062b3df1458With our expanded range of services and ... our customers’ IT and technology needs so that they can focus on running their businesses. Mahalo to this year's Industry Outlook partners for providing our readers with useful information in their respective ...,,,,,,
01Synergyhttps://hackernoon.com/company/01synergy2023-07-27 13:34:00https://technews.tmcnet.com/news/2023/07/27/9855383.htmISG to Publish Reports on Intelligent Automation Providershttps://firebasestorage.googleapis.com/v0/b/hackernoon-app.appspot.com/o/images%2Fimageedit_25_7084755369.gif?alt=media&token=ca7527b0-a214-46d4-af72-1062b3df1458Information Services Group ( ISG) (Nasdaq: III ) a leading global technology research and advisory firm has launched research studies examining providers of intelligent automation platforms and services which are increasingly becoming crucial for a growing variety of business operations.,,,,,,
01Synergyhttps://hackernoon.com/company/01synergy2023-06-08 04:13:00https://markets.businessinsider.com/news/stocks/media-release-sensirion-air-quality-sensors-harmonized-with-reset-air-standard-1032377251Media Release: Sensirion air quality sensors harmonized with RESET Air Standardhttps://firebasestorage.googleapis.com/v0/b/hackernoon-app.appspot.com/o/images%2Fimageedit_25_7084755369.gif?alt=media&token=ca7527b0-a214-46d4-af72-1062b3df1458medical technology and consumer electronics markets as well as high-quality products for cost-efficient mass production. More information and current key figures at www.sensirion.com SHARE THIS POST Sensirion NewsMORE Related Stocks Find News News,,,,,,
01Synergyhttps://hackernoon.com/company/01synergy2023-03-03 22:02:00https://biztechmagazine.com/article/2023/03/services-and-solutions-companies-have-choices-network-monitoringWith Services and Solutions Companies Have Choices for Network Monitoringhttps://www.bing.com/th?id=OVFT.Q3eQoABO_wqwpQKR00MOLy&pid=NewsWhichever way businesses accomplish it network visibility is essential for helping IT departments to ensure uptime and security. Mark Leary research director for network analytics and automation at IDC,,,,,,
01Synergyhttps://hackernoon.com/company/01synergy2023-08-27 08:12:00https://www.bleepingcomputer.com/tag/information-technology/Latest Information Technology newshttps://firebasestorage.googleapis.com/v0/b/hackernoon-app.appspot.com/o/images%2Fimageedit_25_7084755369.gif?alt=media&token=ca7527b0-a214-46d4-af72-1062b3df1458SHI International Corp a New Jersey-based provider of Information Technology (IT) products and services has confirmed that its network was hit by a malware attack over the weekend.,,,,,,
01Synergyhttps://hackernoon.com/company/01synergy2022-12-15 02:59:00https://www.dbusiness.com/daily-news/dbusiness-daily-update-hollywood-casino-at-greektown-to-open-market-express-with-amazon-technology-and-more/DBusiness Daily Update: Hollywood Casino at Greektown to Open Market Express with Amazon Technology and Morehttps://firebasestorage.googleapis.com/v0/b/hackernoon-app.appspot.com/o/images%2Fimageedit_25_7084755369.gif?alt=media&token=ca7527b0-a214-46d4-af72-1062b3df1458Market Express in Hollywood Casino at Greektown is a new grab-and-go market powered by Amazon’s Just Walk Out technology and Amazon One ... have increased their use of online banking services via computers or tablets and 40 percent used more mobile ...,,,,,,
01Synergyhttps://hackernoon.com/company/01synergy2023-01-26 06:00:00https://www.dmnews.com/top-10-pros-and-cons-of-smart-technology/Top 10 Pros and Cons of Smart Technologyhttps://firebasestorage.googleapis.com/v0/b/hackernoon-app.appspot.com/o/images%2Fimageedit_25_7084755369.gif?alt=media&token=ca7527b0-a214-46d4-af72-1062b3df1458Smart technology ... information. However the good news is that it is not the case with every internet service provider – for example ISPs like RCN provide super-secure internet services ...,,,,,,
01Synergyhttps://hackernoon.com/company/01synergy2023-02-04 05:24:00https://www.theolympian.com/news/business/article272064122.htmlIntegrated Electrical Services: Fiscal Q1 Earnings Snapshothttps://firebasestorage.googleapis.com/v0/b/hackernoon-app.appspot.com/o/images%2Fimageedit_25_7084755369.gif?alt=media&token=ca7527b0-a214-46d4-af72-1062b3df1458Integrated Electrical Services Inc. (IESC) on Friday reported fiscal first-quarter net income of $23.3 million. The Houston-based company said it had profit of $1.14 per share. Earnings adjusted for non-recurring gains,,,,,,
01Synergyhttps://hackernoon.com/company/01synergy2023-02-01 18:49:00https://www.wfmz.com/news/area/lehighvalley/tyber-medical-acquires-adsm-synchro-a-french-orthopedic-device-company/article_9ad4861e-a269-11ed-83b9-5b5f10818253.htmlTyber Medical acquires ADSM-Synchro a French orthopedic device companyhttps://www.bing.com/th?id=OVFT.8m8YivGntG6BAgoGrGh0Pi&pid=NewsTyber Medical LLC has acquired ADSM-Synchro Medical a French company for an undisclosed price as the company expands internationally.,,,,,,
10Cloudshttps://hackernoon.com/company/10clouds2023-03-31 10:53:00https://www.wsj.com/articles/tech-media-telecom-roundup-market-talk-f7a955a2Tech Media & Telecom Roundup: Market Talkhttps://www.bing.com/th?id=OVFT.rbXG_xV5yBqdlc07g3-yrS&pid=NewsFind insight LG Electronics Block and more in the latest Market Talks covering Technology Media and Telecom.,,,,,,
01Synergyhttps://hackernoon.com/company/01synergy2023-02-26 13:06:00https://www.thedailystar.net/business/news/fintech-and-financial-services-delivering-development-3257681Fintech and financial services: delivering for developmenthttps://firebasestorage.googleapis.com/v0/b/hackernoon-app.appspot.com/o/images%2Fimageedit_25_7084755369.gif?alt=media&token=ca7527b0-a214-46d4-af72-1062b3df1458The financial services industry around the world has been transformed by technology-enabled financial ... and social barriers and by making information more widely available to consumers and ...,,,,,,
01Synergyhttps://hackernoon.com/company/01synergy2023-09-27 17:12:00https://www.tmcnet.com/usubmit/2023/09/27/9888854.htm2bcloud Named Microsoft Azure Expert Managed Services Provider for Four Consecutive Yearshttps://firebasestorage.googleapis.com/v0/b/hackernoon-app.appspot.com/o/images%2Fimageedit_25_7084755369.gif?alt=media&token=ca7527b0-a214-46d4-af72-1062b3df1458Today 2bcloud is one of the select number Azure Expert MSP partners gloally and has continuously maintained its status since 2019. The program means 2bcloud has been certified as one of Microsoft''s most trusted partners.,,,,,,
01Synergyhttps://hackernoon.com/company/01synergy2023-09-12 10:19:00https://thehill.com/the-hill-notable-staffers-2023/4187891-moon-yousif-sulfab-administrator-of-information-technology-senate-republican-leader-mitch-mcconnell-ky/Moon Yousif Sulfab: Administrator of Information Technology Senate Republican Leader Mitch McConnell (Ky.)https://firebasestorage.googleapis.com/v0/b/hackernoon-app.appspot.com/o/images%2Fimageedit_25_7084755369.gif?alt=media&token=ca7527b0-a214-46d4-af72-1062b3df1458He also serves as an ex-officio member of the Senate Systems Administrators Association (SSAA) a staff-led organization comprised of systems administrators and information technology directors ...,,,,,,
01Synergyhttps://hackernoon.com/company/01synergy2023-09-27 15:51:00https://www.usatoday.com/story/special/contributor-content/2023/09/27/youthful-savings-tech-learning-ecosystem-empowers-youth-with-socioeconomic-resources/70980783007/Youthful Savings’ tech-learning ecosystem empowers youth with socioeconomic resourceshttps://firebasestorage.googleapis.com/v0/b/hackernoon-app.appspot.com/o/images%2Fimageedit_25_7084755369.gif?alt=media&token=ca7527b0-a214-46d4-af72-1062b3df1458The G20-DIA Summit was launched by the Ministry of Electronics and Information Technology of India to celebrate digital solutions that make economic growth. Amongst G20 member nations and nine guest countries Youthful Savings competed against 174 ...,,,,,,
01Synergyhttps://hackernoon.com/company/01synergy2023-02-14 16:00:00https://www.tvtechnology.com/news/akamai-unveils-akamai-connected-cloud-and-new-cloud-computing-servicesAkamai Unveils Akamai Connected Cloud and New Cloud Computing Serviceshttps://firebasestorage.googleapis.com/v0/b/hackernoon-app.appspot.com/o/images%2Fimageedit_25_7084755369.gif?alt=media&token=ca7527b0-a214-46d4-af72-1062b3df1458Akamai also announced new strategic cloud computing services for developers to build ... TV Tech (www.tvtech.com) the leading source of news and information on broadcast and related media technology and is a frequent contributor and moderator to the ...,,,,,,
01Synergyhttps://hackernoon.com/company/01synergy2023-08-17 11:04:00https://financialit.net/news/infrastructure/synechron-announces-opening-its-montreal-canada-nearshore-delivery-centreSynechron Announces the Opening of its Montreal Canada Nearshore Delivery Centrehttps://firebasestorage.googleapis.com/v0/b/hackernoon-app.appspot.com/o/images%2Fimageedit_25_7084755369.gif?alt=media&token=ca7527b0-a214-46d4-af72-1062b3df1458Synechron Inc. a leading global digital transformation consulting firm focused on financial services and big technology organizations announces the opening of its new Canada Delivery Center located in the heart of the Montreal financial district.,,,,,,
01Synergyhttps://hackernoon.com/company/01synergy2023-05-02 13:12:00https://www.crn.com/news/managed-services/terry-richardson-on-why-he-left-amd-greenpages-technology-chops-and-the-ai-opportunityTerry Richardson On Why He Left AMD GreenPages’ Technology Chops And The AI Opportunityhttps://firebasestorage.googleapis.com/v0/b/hackernoon-app.appspot.com/o/images%2Fimageedit_25_7084755369.gif?alt=media&token=ca7527b0-a214-46d4-af72-1062b3df1458In February GreenPages acquired Toronto-based Zanaris an IT automation cloud and DevOps services firm ... Steve Burke has been reporting on the technology industry and sales channel for ...,,,,,,
01Synergyhttps://hackernoon.com/company/01synergy2023-10-02 17:30:00https://businessjournaldaily.com/new-industrial-site-to-break-ground-and-ysu-discusses-ohio-manufacturing/New Industrial Site to Break Ground; YSU Discusses Ohio Manufacturinghttps://www.bing.com/th?id=OVFT.vLeNiVzyG9e-epxewsAIVS&pid=NewsToday on the Daily Buzz we take a look at what’s coming up this week including a groundbreaking ceremony in North Jackson a partnership between the Community Foundation of the Mahoning Valley and the YSU Foundation,,,,,,
01Synergyhttps://hackernoon.com/company/01synergy2023-08-26 02:35:00https://247wallst.com/investing/2023/08/25/evercore-isi-group-downgrades-fidelity-national-information-services/Evercore ISI Group Downgrades Fidelity National Information Serviceshttps://firebasestorage.googleapis.com/v0/b/hackernoon-app.appspot.com/o/images%2Fimageedit_25_7084755369.gif?alt=media&token=ca7527b0-a214-46d4-af72-1062b3df1458As of August 2 2023 the average one-year price target for Fidelity National Information Services is 76.89. The forecasts range from a low of 53.53 to a high of $175.35. The average price target ...,,,,,,
01Synergyhttps://hackernoon.com/company/01synergy2022-12-14 20:39:00https://www.newswire.ca/news-releases/discovery-life-sciences-launches-world-class-proteomic-services-division-supported-by-leading-technology-partners-875696302.htmlDISCOVERY LIFE SCIENCES LAUNCHES WORLD-CLASS PROTEOMIC SERVICES DIVISION SUPPORTED BY LEADING TECHNOLOGY PARTNERShttps://firebasestorage.googleapis.com/v0/b/hackernoon-app.appspot.com/o/images%2Fimageedit_25_7084755369.gif?alt=media&token=ca7527b0-a214-46d4-af72-1062b3df1458including xMAP ® technology from Luminex enabling customizable protein and nucleic acid-based multiplex assays. Discovery offers a wide range of services including genomics proteomics ...,,,,,,
"01Synergyhttps://hackernoon.com/company/01synergy2023-02-07 20:08:00https://fedscoop.com/video/how-as-a-service-solutions-support-flexibility-and-changing-it-needs/How as-a-Service solutions support flexibility and changing IT needshttps://firebasestorage.googleapis.com/v0/b/hackernoon-app.appspot.com/o/images%2Fimageedit_25_7084755369.gif?alt=media&token=ca7527b0-a214-46d4-af72-1062b3df1458Pure Storage VP Mike Wiseman says '""by investing in solutions that maximize data security agencies are well-positioned to advance their mission.'""\netqup0bmxqi5ndqml5987ufzjfyxou2023-06-08 02:00:00https://www.eagletribune.com/region/macnica-provides-motor-specific-predictive-maintenance-services-in-asian-countries-mpression-smart-motor-sensor-in/article_4230f505-932d-51ce-9dd0-0c94a5b070aa.htmlMacnica provides motor-specific predictive maintenance services in Asian countries : Mpression Smart Motor Sensor in Taiwanhttps://www.bing.com/th?id=OVFT.JHwRA8rnxH2bGXPw38Sosi&pid=News""A subsidiary of Macnica Answer Technology Co. Ltd. sells Mpression Smart Motor Sensor in Taiwan. This press release features multimedia. View the full release here:  Image : Sensor device attachment and dashboard (Graphic: Business Wire) Mpression Smart Motor Sensor can be applied to industrial automation",,,,,,
01Synergy,https://hackernoon.com/company/01synergy,2023-09-23 00:00:00,https://drexel.edu/cci/academics/masters-programs/ms-business-information-technology/careers/,Business Information Technology Jobs & Careers,https://firebasestorage.googleapis.com/v0/b/hackernoon-app.appspot.com/o/images%2Fimageedit_25_7084755369.gif?alt=media&token=ca7527b0-a214-46d4-af72-1062b3df1458,What is Business Information Technology? Business information technology helps organizations solve problems and enhance processes to improve efficiency serve customers and achieve business goals. Sometimes referred to as business IT or BIT business ...
01Synergy,https://hackernoon.com/company/01synergy,2023-10-09 11:21:00,https://www.thecitizen.co.tz/tanzania/news/business/y9-introduces-new-services-4394780,Y9 introduces new services,https://firebasestorage.googleapis.com/v0/b/hackernoon-app.appspot.com/o/images%2Fimageedit_25_7084755369.gif?alt=media&token=ca7527b0-a214-46d4-af72-1062b3df1458&auto=format&fit=max&w=3840,Y9 Microfinance has recently unveiled a new campaign with the goal of empowering its customers to access three distinct financial services.
01Synergy,https://hackernoon.com/company/01synergy,2023-08-03 19:36:00,https://seekingalpha.com/news/3996877-information-services-corporation-non-gaap-eps-of-c051-revenue-of-c533m,Information Services Corporation Non-GAAP EPS of C$0.51 revenue of C$53.3M,https://firebasestorage.googleapis.com/v0/b/hackernoon-app.appspot.com/o/images%2Fimageedit_25_7084755369.gif?alt=media&token=ca7527b0-a214-46d4-af72-1062b3df1458,To ensure this doesn’t happen in the future please enable Javascript and cookies in your browser. Is this happening to you frequently? Please report it on our ...
01Synergy,https://hackernoon.com/company/01synergy,2023-07-13 00:00:00,https://www.ap.org/press-releases/2023/ap-open-ai-agree-to-share-select-news-content-and-technology-in-new-collaboration,AP Open AI agree to share select news content and technology in new collaboration,https://firebasestorage.googleapis.com/v0/b/hackernoon-app.appspot.com/o/images%2Fimageedit_25_7084755369.gif?alt=media&token=ca7527b0-a214-46d4-af72-1062b3df1458,The Associated Press and OpenAI have reached an agreement to share access to select news content and technology as they examine potential use cases for generative AI in news products and services. The arrangement sees OpenAI licensing part of AP’s text ...
01Synergy,https://hackernoon.com/company/01synergy,2023-06-07 20:19:00,https://www.securityinfowatch.com/security-executives/loss-prevention-solutions/merchandise-tags/press-release/53062838/johnson-controls-sensormatic-solutions-unveils-am-sheet-labels-at-nrf-protect-2023,Sensormatic Solutions unveils AM Sheet Labels at NRF PROTECT 2023,https://firebasestorage.googleapis.com/v0/b/hackernoon-app.appspot.com/o/images%2Fimageedit_25_7084755369.gif?alt=media&token=ca7527b0-a214-46d4-af72-1062b3df1458&auto=format&fit=max&w=3840,The new AM metal label allows retailers to protect previously unprotectable items reducing some of the risks associated with carrying this merchandise.
01Synergy,https://hackernoon.com/company/01synergy,2023-09-02 00:00:00,https://news.yahoo.com/ccac-offering-free-computer-information-001308039.html,CCAC offering free computer information technology classes,https://firebasestorage.googleapis.com/v0/b/hackernoon-app.appspot.com/o/images%2Fimageedit_25_7084755369.gif?alt=media&token=ca7527b0-a214-46d4-af72-1062b3df1458,The Community College of Allegheny County is offering free computer information technology courses in September. According to a news release the classes are being offered through funding from LevelUp412. Course topics range from hardware and operating ...
01Synergy,https://hackernoon.com/company/01synergy,2023-10-03 12:50:00,https://www.tmcnet.com/usubmit/2023/10/03/9891464.htm,16 Leading Technology and Service Providers Launch Industry's First SASE Product and Services Certification,https://firebasestorage.googleapis.com/v0/b/hackernoon-app.appspot.com/o/images%2Fimageedit_25_7084755369.gif?alt=media&token=ca7527b0-a214-46d4-af72-1062b3df1458,MEF a global industry association of network cloud security and technology providers accelerating enterprise digital transformation and CyberRatings.org (CyberRatings) dedicated to providing confidence in cybersecurity products and services through its research and testing programs
01Synergy,https://hackernoon.com/company/01synergy,2023-08-25 15:56:00,https://www.theguardian.com/world/2023/aug/25/how-the-eu-digital-services-act-affects-facebook-google-and-others,How the EU Digital Services Act affects Facebook Google and others,https://firebasestorage.googleapis.com/v0/b/hackernoon-app.appspot.com/o/images%2Fimageedit_25_7084755369.gif?alt=media&token=ca7527b0-a214-46d4-af72-1062b3df1458,Digital Services Act (DSA) The DSA is a groundbreaking ... with 70 sites “hiding” important information such as delivery costs or the availability of a cheaper option. The audit found that ...
01Synergy,https://hackernoon.com/company/01synergy,2023-02-04 05:28:00,https://www.monitor.co.ug/uganda/oped/letters/technology-and-social-justice-the-chasm-in-between-4110082,Technology and Social Justice; the chasm in between,https://firebasestorage.googleapis.com/v0/b/hackernoon-app.appspot.com/o/images%2Fimageedit_25_7084755369.gif?alt=media&token=ca7527b0-a214-46d4-af72-1062b3df1458,This lack of access to technology creates a digital divide which can limit the ability of people to access information and ... and quality of internet services in Uganda. This limits the ability ...
01Synergy,https://hackernoon.com/company/01synergy,2023-02-08 08:32:00,https://www.computerweekly.com/feature/Is-composable-business-the-most-essential-technology-trend-to-meet-the-challenges-of-2023-and-beyond,Is composable business most essential technology trend to meet challenges of 2023 and beyond?,https://firebasestorage.googleapis.com/v0/b/hackernoon-app.appspot.com/o/images%2Fimageedit_25_7084755369.gif?alt=media&token=ca7527b0-a214-46d4-af72-1062b3df1458,The company’s multiple products were then centralised in a single Akeneo product information ... services company harnesses ML for several use cases and aims to deploy the technology at scale ...
01Synergy,https://hackernoon.com/company/01synergy,2022-12-18 14:10:40,https://www.msn.com/en-us/news/crime/syracuse-police-department-discusses-winter-crime-and-car-safety-kits/ar-AA15pSVr,Syracuse Police Department discusses winter crime and car safety kits,https://firebasestorage.googleapis.com/v0/b/hackernoon-app.appspot.com/o/images%2Fimageedit_25_7084755369.gif?alt=media&token=ca7527b0-a214-46d4-af72-1062b3df1458&auto=format&fit=max&w=3840,Syracuse Police Department''s Public Information Officer Lieutenant Matthew Malinowski answers law enforcement questions from viewers to increase transparency a
10Clouds,https://hackernoon.com/company/10clouds,2023-01-06 13:12:00,https://www.cnet.com/tech/6-biggest-tech-trends-everyone-will-talk-about-this-year/,6 Biggest Tech Trends Everyone Will Talk About This Year,https://firebasestorage.googleapis.com/v0/b/hackernoon-app.appspot.com/o/images%2Fimageedit_25_7084755369.gif?alt=media&token=ca7527b0-a214-46d4-af72-1062b3df1458&auto=format&fit=max&w=3840,CES isn't all about giant TVs. The world's biggest consumer electronics show lays the groundwork for a lot of innovation coming in 2023.
01Synergy,https://hackernoon.com/company/01synergy,2022-12-15 00:00:00,https://diginomica.com/role-cios-data-and-technology-delivering-sustainability-organizations,The role of CIOs data and technology in delivering sustainability for organizations,https://firebasestorage.googleapis.com/v0/b/hackernoon-app.appspot.com/o/images%2Fimageedit_25_7084755369.gif?alt=media&token=ca7527b0-a214-46d4-af72-1062b3df1458,Williams adds that CIOs have a powerful position that can be used to drive sustainability: I have agency due to my role and I have information ... logistics companies to outsourced and cloud technology services. These scopes are creating new demands ...
01Synergy,https://hackernoon.com/company/01synergy,2023-01-27 08:00:00,https://kcbeacon.org/stories/2023/01/27/missouri-social-services-technology/,Long waits for service and frustrated staffers how archaic technology hurts Missouri government,https://firebasestorage.googleapis.com/v0/b/hackernoon-app.appspot.com/o/images%2Fimageedit_25_7084755369.gif?alt=media&token=ca7527b0-a214-46d4-af72-1062b3df1458,For years Missouri residents have watched the minutes even hours tick away as they waited on the telephone to apply for Medicaid food stamps or other social services ... the information they had collected on paper forms. She said improving the ...
01Synergy,https://hackernoon.com/company/01synergy,2023-07-20 21:38:00,https://atos.net/en/2023/awards_2023_07_13/atos-named-a-leader-in-mainframe-services-and-solutions-by-information-services-group,Atos named a Leader in mainframe services and solutions by Information Services Group,https://firebasestorage.googleapis.com/v0/b/hackernoon-app.appspot.com/o/images%2Fimageedit_25_7084755369.gif?alt=media&token=ca7527b0-a214-46d4-af72-1062b3df1458,You can also decline all non-necessary cookies by clicking on the “Decline all cookies” button. Please find more information on our use of cookies and how to withdraw at any time your consent on our privacy policy. Our website uses cookies. You have ...
01Synergy,https://hackernoon.com/company/01synergy,2023-08-25 14:04:00,https://www.middlebury.edu/institute/offices-services/information-technology-services,Information Technology Services,https://firebasestorage.googleapis.com/v0/b/hackernoon-app.appspot.com/o/images%2Fimageedit_25_7084755369.gif?alt=media&token=ca7527b0-a214-46d4-af72-1062b3df1458,Information Technology Services (ITS) provides support to the entire Middlebury Institute community. The Middlebury Institute is a part of the Middlebury College Network. Please note that in-person services remain limited under COVID-19 restrictions.
01Synergy,https://hackernoon.com/company/01synergy,2023-08-24 21:58:00,https://finance.yahoo.com/news/general-motors-close-information-technology-184056593.html,General Motors to close information technology center near Phoenix and eliminate 940 jobs,https://firebasestorage.googleapis.com/v0/b/hackernoon-app.appspot.com/o/images%2Fimageedit_25_7084755369.gif?alt=media&token=ca7527b0-a214-46d4-af72-1062b3df1458,The information technology center in Chandler ... Some will get severance pay and outplacement services. Last week GM also eliminated about 200 engineering positions at its technical center ...
01Synergy,https://hackernoon.com/company/01synergy,2023-01-25 18:01:00,https://www.nasdaq.com/articles/wednesday-sector-laggards:-railroads-information-technology-services,Wednesday Sector Laggards: Railroads Information Technology Services,https://firebasestorage.googleapis.com/v0/b/hackernoon-app.appspot.com/o/images%2Fimageedit_25_7084755369.gif?alt=media&token=ca7527b0-a214-46d4-af72-1062b3df1458,Also lagging the market Wednesday are information technology services shares down on the day by about 2% as a group led down by Sterling Check trading lower by about 12.4% and GoodRx Holdings ...
01Synergy,https://hackernoon.com/company/01synergy,2023-07-28 04:28:00,https://www.benzinga.com/pressreleases/23/07/n33435030/ysgs-first-participation-at-wcd-with-two-major-brands,YSG''s first participation at WCD with two major brands,https://firebasestorage.googleapis.com/v0/b/hackernoon-app.appspot.com/o/images%2Fimageedit_25_7084755369.gif?alt=media&token=ca7527b0-a214-46d4-af72-1062b3df1458,In recent years along with the iterative innovation of beauty science and technology the growth of Chinese beauty industry has been gaining the attention of the international
01Synergy,https://hackernoon.com/company/01synergy,2023-05-24 09:50:00,https://www.govconwire.com/2023/05/how-gsas-technology-transformation-services-is-harnessing-change-in-tech/,How GSA’s Technology Transformation Services is Harnessing Change in Tech Modernization,https://firebasestorage.googleapis.com/v0/b/hackernoon-app.appspot.com/o/images%2Fimageedit_25_7084755369.gif?alt=media&token=ca7527b0-a214-46d4-af72-1062b3df1458,One component of GSA in particular Technology Transformation Services carries much of this mission by using modern methodologies and technologies to improve the public’s experience with the ...
01Synergy,https://hackernoon.com/company/01synergy,2023-05-23 06:09:00,https://www.investopedia.com/articles/markets/030816/worlds-top-10-technology-companies-aapl-googl.asp,10 Biggest Technology Companies,https://firebasestorage.googleapis.com/v0/b/hackernoon-app.appspot.com/o/images%2Fimageedit_25_7084755369.gif?alt=media&token=ca7527b0-a214-46d4-af72-1062b3df1458,They create design and manufacture computers mobile devices and home appliances and provide products and services related to information technology. Below we look at the 10 biggest companies ...
01Synergy,https://hackernoon.com/company/01synergy,2023-09-21 11:01:00,https://www.businesswire.com/news/home/20230921863051/en/New-IDC-Industry-Taxonomy-Reveals-That-Software-and-Information-Services-Capital-Markets-and-Life-Sciences-Will-Lead-Worldwide-ICT-Spending-Growth-Through-2027/,New IDC Industry Taxonomy Reveals That Software and Information Services Capital Markets and Life Sciences Will Lead Worldwide ICT Spending Growth Through 2027,https://firebasestorage.googleapis.com/v0/b/hackernoon-app.appspot.com/o/images%2Fimageedit_25_7084755369.gif?alt=media&token=ca7527b0-a214-46d4-af72-1062b3df1458,Software and Information Services will be the fastest growing industry over the 2023-2027 forecast period generating an 11.4% CAGR as technology companies have engaged in some course correction ...
01Synergy,https://hackernoon.com/company/01synergy,2023-01-26 21:01:00,https://www.rochesterfirst.com/why-roc/why-roc-it-insights-expands-in-rochester-providing-outsourced-technology-services/,WHY ROC: ‘IT Insights’ expands in Rochester providing outsourced technology services,https://firebasestorage.googleapis.com/v0/b/hackernoon-app.appspot.com/o/images%2Fimageedit_25_7084755369.gif?alt=media&token=ca7527b0-a214-46d4-af72-1062b3df1458,IT Insights will come in and provide the same services an in-house IT team would ... instead of trying to respond to those disasters” Bierasinski said. For more information on the Greater Rochester Enterprise click here and for more information ...
01Synergy,https://hackernoon.com/company/01synergy,2023-01-24 15:56:00,https://www.iotevolutionworld.com/iot/articles/454712-lorawan-iotlogiq-industry-40-senzarys-finger-the-pulse.htm,LoRaWAN IoTLogIQ and Industry 4.0: Senzary''s Finger on the Pulse of Industrial IoT,https://firebasestorage.googleapis.com/v0/b/hackernoon-app.appspot.com/o/images%2Fimageedit_25_7084755369.gif?alt=media&token=ca7527b0-a214-46d4-af72-1062b3df1458&auto=format&fit=max&w=3840,Ahead of IoT Evolution Expo 2023 in Fort Lauderdale Florida we spoke with Eric Schummer the founder and CEO of Senzary LLC.
01Synergy,https://hackernoon.com/company/01synergy,2023-07-21 09:35:00,https://www.vanguardngr.com/2023/07/nigeria-to-become-global-outsourcing-hub-for-information-technology-services-ngige/,Nigeria to become global outsourcing hub for information technology services – Ngige,https://firebasestorage.googleapis.com/v0/b/hackernoon-app.appspot.com/o/images%2Fimageedit_25_7084755369.gif?alt=media&token=ca7527b0-a214-46d4-af72-1062b3df1458,Nigeria with its large pool of skilled IT professionals and low labour costs is aiming at becoming a global outsourcing hub for information technology services. In a keynote address at the ...
01Synergy,https://hackernoon.com/company/01synergy,2023-07-20 20:22:00,https://www.govconwire.com/2023/07/air-force-turns-to-non-traditional-suppliers-for-technology-tools-and-services/,Air Force Turns to ‘Non-Traditional Suppliers’ for Technology Tools & Services; Hon. Andrew Hunter Quoted,https://firebasestorage.googleapis.com/v0/b/hackernoon-app.appspot.com/o/images%2Fimageedit_25_7084755369.gif?alt=media&token=ca7527b0-a214-46d4-af72-1062b3df1458,In order to speed up the fielding and implementation of new tools DAF leaders are turning to alternative sources for products and services ... AI-generated piece of information and say ...
01Synergy,https://hackernoon.com/company/01synergy,2022-12-14 16:07:00,https://www.yahoo.com/now/experts-continues-expand-york-latest-160700718.html,Service Experts Continues To Expand in New York with its Latest Acquisition,https://firebasestorage.googleapis.com/v0/b/hackernoon-app.appspot.com/o/images%2Fimageedit_25_7084755369.gif?alt=media&token=ca7527b0-a214-46d4-af72-1062b3df1458&auto=format&fit=max&w=3840,"Service Experts Heating & Air Conditioning LLC ('""Service Experts'"") recently announced the acquisition of substantially all of the assets of Stan Gelber & Sons Inc. Stan Gelber & Sons is a residential Heating and Air Conditioning Company located in Uniondale"
01Synergy,https://hackernoon.com/company/01synergy,2023-02-02 15:10:00,https://businessday.ng/news/legal-business/article/beyond-the-gadgets-regulatory-and-commercial-considerations-for-wearable-technology-in-sports/,Beyond the gadgets: regulatory and commercial considerations for wearable technology in sports,https://firebasestorage.googleapis.com/v0/b/hackernoon-app.appspot.com/o/images%2Fimageedit_25_7084755369.gif?alt=media&token=ca7527b0-a214-46d4-af72-1062b3df1458,technology companies have a dynamic engagement and influence with their sponsored properties. Sometimes like in the case of Intel IBM or Amazon Web Services ... wearable devices and collected information.
01Synergy,https://hackernoon.com/company/01synergy,2023-01-27 16:17:00,https://www.theverge.com/2023/1/27/23573963/google-information-customer-transparency-eu-consumer-protection-rules,Google services to offer more accurate information in compliance with EU,https://firebasestorage.googleapis.com/v0/b/hackernoon-app.appspot.com/o/images%2Fimageedit_25_7084755369.gif?alt=media&token=ca7527b0-a214-46d4-af72-1062b3df1458,Google has not announced when it will be updating its services or if clearer more accurate information for consumers will be extended beyond f the EU.
01Synergy,https://hackernoon.com/company/01synergy,2023-06-07 21:04:00,https://www.retailtouchpoints.com/topics/retail-innovation/sensory-enabling-technologies-digital-retail,Sensory Enabling Technologies are Radically Reshaping the Future of Digital Retail,https://firebasestorage.googleapis.com/v0/b/hackernoon-app.appspot.com/o/images%2Fimageedit_25_7084755369.gif?alt=media&token=ca7527b0-a214-46d4-af72-1062b3df1458&auto=format&fit=max&w=3840,Sensory Enabling Technologies like Apple's new Vision Pro open new avenues for brands to stimulate consumers' senses with digital content.
01Synergy,https://hackernoon.com/company/01synergy,2023-05-05 23:14:00,https://www.biometricupdate.com/202305/onfido-selfie-biometrics-integrated-by-salesforce-as-kyc-signup-pace-sustains,Onfido selfie biometrics integrated by Salesforce as KYC signup pace sustains,https://firebasestorage.googleapis.com/v0/b/hackernoon-app.appspot.com/o/images%2Fimageedit_25_7084755369.gif?alt=media&token=ca7527b0-a214-46d4-af72-1062b3df1458&auto=format&fit=max&w=3840,Salesforce is boosting its Know Your Customer (KYC) capabilities by integrating with Onfido while Shufti Pro iDenfy and Incode strike new deals.
01Synergy,https://hackernoon.com/company/01synergy,2023-05-05 11:00:00,https://www.forbes.com/sites/jeffthomson/2023/05/05/focusing-on-growth-synergy-sustainability-and-customer-loyalty-in-foodservice/,Focusing On Growth: Synergy Sustainability And Customer Loyalty In Foodservice,https://firebasestorage.googleapis.com/v0/b/hackernoon-app.appspot.com/o/images%2Fimageedit_25_7084755369.gif?alt=media&token=ca7527b0-a214-46d4-af72-1062b3df1458&auto=format&fit=max&w=3840,I recently spoke with Focus Brands’ CFO Mike Dixon about the competitive strength that synergy can provide in the foodservice industry how he embraces sustainable business and the importance of cultivating customer loyalty.
01Synergy,https://hackernoon.com/company/01synergy,2023-10-05 23:24:00,https://www.tmcnet.com/usubmit/2023/10/05/9894146.htm,SDC23: Samsung and Aqara Partners to Demonstrate Presence Sensor FP2 on SmartThings Platform,https://firebasestorage.googleapis.com/v0/b/hackernoon-app.appspot.com/o/images%2Fimageedit_25_7084755369.gif?alt=media&token=ca7527b0-a214-46d4-af72-1062b3df1458&auto=format&fit=max&w=3840,The FP2 Presence Sensor is Aqara''s latest occupancy sensor with precise human presence detection and the smart home manufacturer has been working with Samsung to add the SmartThings compatibility to the sensor
01Synergy,https://hackernoon.com/company/01synergy,2023-09-23 02:57:00,https://www.dailymirror.lk/business/National-Information-Technology-and-Business-Process-Management-Week-to-kick-off-in-October/215-267846,National Information Technology and Business Process Management Week to kick off in October,https://firebasestorage.googleapis.com/v0/b/hackernoon-app.appspot.com/o/images%2Fimageedit_25_7084755369.gif?alt=media&token=ca7527b0-a214-46d4-af72-1062b3df1458,Sri Lanka’s information technology (IT) sector will come under fresh spotlight with the National IT and BPM Week set to be held from October 11 to 13 at the Sirimavo Bandaranaike Memorial ...
01Synergy,https://hackernoon.com/company/01synergy,2023-01-31 21:48:00,https://www.logisticsmgmt.com/article/automation_provider_stow_robotics_and_cooling_vendor_phononic_partner_on_co,Automation provider stow Robotics and cooling vendor Phononic partner on cold-chain fulfillment,https://firebasestorage.googleapis.com/v0/b/hackernoon-app.appspot.com/o/images%2Fimageedit_25_7084755369.gif?alt=media&token=ca7527b0-a214-46d4-af72-1062b3df1458&auto=format&fit=max&w=3840,Combining stow Robotics’ automation expertise with Phononic’s active cooling technology the two companies are collaborating to design develop and scale solutions for cold chain fulfillment in North America and Europe.
01Synergy,https://hackernoon.com/company/01synergy,2022-12-31 18:50:00,https://www.cnet.com/tech/cnets-editors-choice-awards-the-best-products-and-services-for-2023/,CNET's Editors' Choice Awards: The Best Products and Services for 2023,https://firebasestorage.googleapis.com/v0/b/hackernoon-app.appspot.com/o/images%2Fimageedit_25_7084755369.gif?alt=media&token=ca7527b0-a214-46d4-af72-1062b3df1458,For more than two decades CNET editors have poked prodded tested retested intentionally dropped and even stayed up all night to assess the new products and services that promise to change the ...
01Synergy,https://hackernoon.com/company/01synergy,2023-06-12 00:00:00,https://www.dal.ca/dept/research-services/opportunities/opportunities-announcements-news/news/2023/06/12/european_research_council_synergy_grants.html,European Research Council Synergy Grants,https://firebasestorage.googleapis.com/v0/b/hackernoon-app.appspot.com/o/images%2Fimageedit_25_7084755369.gif?alt=media&token=ca7527b0-a214-46d4-af72-1062b3df1458,Synergy grants include two to four PIs one of whom can be located in Canada and provide up to €10 million over six years. Anticipated call open: July 12 2023. Anticipated all deadline: November 8 2023. We encourage researchers to connect with their ...
01Synergy,https://hackernoon.com/company/01synergy,2022-12-14 10:21:00,https://www.jeccomposites.com/news/wireless-sensors-for-lifelong-monitoring-of-aircrafts/,Wireless sensors for lifelong monitoring of aircrafts,https://firebasestorage.googleapis.com/v0/b/hackernoon-app.appspot.com/o/images%2Fimageedit_25_7084755369.gif?alt=media&token=ca7527b0-a214-46d4-af72-1062b3df1458&auto=format&fit=max&w=3840,Wireless sensors as thin as human hair will be integrated into composite materials and embedded in aerospace components to monitor the condition of parts from manufacture to recycling with the aim of extending their life span
01Synergy,https://hackernoon.com/company/01synergy,2023-06-27 00:00:00,https://www.techopedia.com/definition/24152/information-and-communications-technology-ict,Information and Communication Technology (ICT),https://firebasestorage.googleapis.com/v0/b/hackernoon-app.appspot.com/o/images%2Fimageedit_25_7084755369.gif?alt=media&token=ca7527b0-a214-46d4-af72-1062b3df1458,Smart cities are improving urban living by leveraging IT and communication technology to improve transportation public services and municipal infrastructure. The combination of information technology and communication technology has had a lasting impact ...
01Synergy,https://hackernoon.com/company/01synergy,2023-03-01 03:18:00,https://en.mehrnews.com/news/197939/Introduction-of-advantages-of-Bimeh-com-products-and-services,Introduction of advantages of Bimeh.com products and services,https://firebasestorage.googleapis.com/v0/b/hackernoon-app.appspot.com/o/images%2Fimageedit_25_7084755369.gif?alt=media&token=ca7527b0-a214-46d4-af72-1062b3df1458,Also this agency is ready to answer your questions and provide insurance services 24 hours a day without any location restrictions. Stay with us to inform you with complete information about ... due to the advancement of technology and want to escape ...
01Synergy,https://hackernoon.com/company/01synergy,2023-03-10 00:00:00,https://www.rit.edu/computing/phd-computing-and-information-sciences,Department of Computing and Information Sciences Ph.D.,https://firebasestorage.googleapis.com/v0/b/hackernoon-app.appspot.com/o/images%2Fimageedit_25_7084755369.gif?alt=media&token=ca7527b0-a214-46d4-af72-1062b3df1458,Our faculty and students conduct research to change how we live work and interact focusing on both novel computing technology and how computing ... resources for the Ph.D. Program in Computing and Information Sciences such policies procedures ...
01Synergy,https://hackernoon.com/company/01synergy,2023-05-12 17:46:00,https://finance.yahoo.com/news/12-best-information-technology-services-134510190.html,12 Best Information Technology Services Stocks to Buy,https://firebasestorage.googleapis.com/v0/b/hackernoon-app.appspot.com/o/images%2Fimageedit_25_7084755369.gif?alt=media&token=ca7527b0-a214-46d4-af72-1062b3df1458,In this article we will take a look at the 12 best information technology services stocks to buy. To see more such companies go directly to 5 Best Information Technology Services Stocks to Buy.
01Synergy,https://hackernoon.com/company/01synergy,2023-08-28 00:01:00,https://phys.org/tags/information+technology/,News tagged with information technology,https://firebasestorage.googleapis.com/v0/b/hackernoon-app.appspot.com/o/images%2Fimageedit_25_7084755369.gif?alt=media&token=ca7527b0-a214-46d4-af72-1062b3df1458,A new study at BESSY II analyzes the formation of skyrmions in ferrimagnetic thin films of dysprosium and cobalt in real time and with high spatial resolution. This is an important step towards ...
01Synergy,https://hackernoon.com/company/01synergy,2023-01-17 22:03:00,https://www.crowdfundinsider.com/2023/01/201206-climate-x-a-climate-risk-data-and-analytics-provider-appoints-andrew-ellam-as-vp-of-technology/,Climate X a Climate Risk Data and Analytics Provider Appoints Andrew Ellam as VP of Technology,https://firebasestorage.googleapis.com/v0/b/hackernoon-app.appspot.com/o/images%2Fimageedit_25_7084755369.gif?alt=media&token=ca7527b0-a214-46d4-af72-1062b3df1458,He has “an MBA from London Business School and recently served on UK Finance’s Digital Technology and Cyber Security Products and Services ... the leading news and information website ...
01Synergy,https://hackernoon.com/company/01synergy,2023-01-17 23:45:00,https://www.nextgov.com/policy/2023/01/us-and-uk-hold-first-comprehensive-dialogue-technology-and-data/381777/,US and UK Hold First Comprehensive Dialogue on Technology and Data,https://firebasestorage.googleapis.com/v0/b/hackernoon-app.appspot.com/o/images%2Fimageedit_25_7084755369.gif?alt=media&token=ca7527b0-a214-46d4-af72-1062b3df1458,International Commerce State The United States and the United Kingdom held their inaugural meeting for the U.S-U.K. Comprehensive Dialogue on Technology and Data on Thursday. The dialogue ...
01Synergy,https://hackernoon.com/company/01synergy,2023-07-19 11:13:00,https://www.gulf-times.com/article/664774/qatar/technician-programmes-to-equip-qatari-nationals-with-necessary-skills-in-information-technology-and-emergency,Technician programmes to equip Qatari nationals with necessary skills in information technology and emergency,https://firebasestorage.googleapis.com/v0/b/hackernoon-app.appspot.com/o/images%2Fimageedit_25_7084755369.gif?alt=media&token=ca7527b0-a214-46d4-af72-1062b3df1458,especially in the fields of engineering and information technology. The technical programs were designed based on the specific needs of Ashghal Kahramaa and the Ministry of Endowments and Islamic ...
01Synergy,https://hackernoon.com/company/01synergy,2023-05-02 14:28:00,https://finance.yahoo.com/news/fidelity-national-information-services-fis-122512628.html,Fidelity National Information Services (FIS) Tops Q1 Earnings and Revenue Estimates,https://firebasestorage.googleapis.com/v0/b/hackernoon-app.appspot.com/o/images%2Fimageedit_25_7084755369.gif?alt=media&token=ca7527b0-a214-46d4-af72-1062b3df1458,Fidelity National Information Services (FIS) came out with quarterly earnings of $1.29 per share beating the Zacks Consensus Estimate of $1.20 per share. This compares to earnings of $1.47 per ...
01Synergy,https://hackernoon.com/company/01synergy,2023-06-05 17:47:00,https://www.scmr.com/article/may_services_economy_activity_remains_on_growth_track_reports_ism,May services economy activity remains on growth track reports ISM,https://firebasestorage.googleapis.com/v0/b/hackernoon-app.appspot.com/o/images%2Fimageedit_25_7084755369.gif?alt=media&token=ca7527b0-a214-46d4-af72-1062b3df1458,The Services PMI—at 50.3 (a reading of 50 or higher signals growth)—fell 1.6% off of May’s 51.9 reading growing at a slower rate for the fifth consecutive month. ISM said that the services sector has seen growth in 35 of the last 36 months
01Synergy,https://hackernoon.com/company/01synergy,2023-10-26 01:46:00,https://www.businesswire.com/news/home/20231025715145/en/Deloitte-and-ServiceNow-Expand-Alliance-to-Integrate-Now-Assist-Generative-AI-Capabilities-With-Next-Generation-Managed-Services,Deloitte and ServiceNow Expand Alliance to Integrate Now Assist Generative AI Capabilities With Next-Generation Managed Services,https://firebasestorage.googleapis.com/v0/b/hackernoon-app.appspot.com/o/images%2Fimageedit_25_7084755369.gif?alt=media&token=ca7527b0-a214-46d4-af72-1062b3df1458&auto=format&fit=max&w=3840,Deloitte’s Operate services are focused on helping customers manage their organizations’ ongoing operational and technology needs through strategically ... for employees and the enterprise. For more information visit: www.servicenow.com.
01Synergy,https://hackernoon.com/company/01synergy,2023-01-05 03:17:00,https://finance.yahoo.com/news/juniper-networks-selected-preferred-technology-143400189.html,Juniper Networks Selected as Preferred Technology Partner for Deutsche Telekom’s Universal Managed Services Infrastructure,https://firebasestorage.googleapis.com/v0/b/hackernoon-app.appspot.com/o/images%2Fimageedit_25_7084755369.gif?alt=media&token=ca7527b0-a214-46d4-af72-1062b3df1458,as the first network technology partner for Magenta Business Networks SD-X. By leveraging the Juniper AI-driven Enterprise solution DT’s innovative new universal managed services platform will ...
01Synergy,https://hackernoon.com/company/01synergy,2023-01-03 05:02:00,https://www.yahoo.com/now/opsys-tech-display-lidar-integrated-050100635.html,Opsys Tech to Display LiDAR-Integrated Intelligent Automotive Taillight Solution Co-Developed with South Korean Auto Supplier SL Corp.,https://firebasestorage.googleapis.com/v0/b/hackernoon-app.appspot.com/o/images%2Fimageedit_25_7084755369.gif?alt=media&token=ca7527b0-a214-46d4-af72-1062b3df1458,Opsys Tech developer of the world''s most advanced patented True Solid-State Scanning LiDAR technology today announced that it will display a LiDAR-integrated smart taillight solution co-developed with SL Corp.
01Synergy,https://hackernoon.com/company/01synergy,2023-05-25 15:30:00,https://www.law.com/2023/05/25/why-law-firms-should-be-using-siem-logs-to-manage-data-security-threats/,Why Law Firms Should Be Using SIEM Logs to Manage Data Security Threats,https://firebasestorage.googleapis.com/v0/b/hackernoon-app.appspot.com/o/images%2Fimageedit_25_7084755369.gif?alt=media&token=ca7527b0-a214-46d4-af72-1062b3df1458,To effectively safeguard their data and networks law firms need to deploy advanced security tools that can help detect and respond to threats in real time. One such tool is security information and event management (SIEM) software.
01Synergy,https://hackernoon.com/company/01synergy,2023-05-26 19:38:00,https://www.newsobserver.com/press-releases/article275837111.html,OneSoft Report Results of AGSM and Grant of Stock Options,https://firebasestorage.googleapis.com/v0/b/hackernoon-app.appspot.com/o/images%2Fimageedit_25_7084755369.gif?alt=media&token=ca7527b0-a214-46d4-af72-1062b3df1458,OneSoft Solutions Inc. (TSXV:OSS)(OTCQB:OSSIF) (”OneSoft” or the “Company”) announces that the Company’s Annual General and Special Meeting (”AGSM”) of the shareholders was held May 23 2023. The
01Synergy,https://hackernoon.com/company/01synergy,2023-05-18 05:17:00,https://www.benzinga.com/sector/information-technology-0,Information Technology,https://firebasestorage.googleapis.com/v0/b/hackernoon-app.appspot.com/o/images%2Fimageedit_25_7084755369.gif?alt=media&token=ca7527b0-a214-46d4-af72-1062b3df1458,At the most recent Berkshire Hathaway Inc. (NYSE: BRK-B) investors conference in early May Warren Buffett offered some insights into his most recent buys and sells but more detail was released ...
01Synergy,https://hackernoon.com/company/01synergy,2023-07-18 16:06:00,https://www.boisestate.edu/global-iss/home/prearrival/,Pre-Arrival Information,https://firebasestorage.googleapis.com/v0/b/hackernoon-app.appspot.com/o/images%2Fimageedit_25_7084755369.gif?alt=media&token=ca7527b0-a214-46d4-af72-1062b3df1458,Please ask if a Boise State rate is available and about shuttle services when making your reservation. 6. Sign Up for the Mandatory International Student Orientation You will receive an email with information on how to sign up for the International Student ...
01Synergy,https://hackernoon.com/company/01synergy,2023-05-26 09:54:00,https://www.nasdaq.com/articles/barrington-research-reiterates-information-services-group-iii-outperform-recommendation,Barrington Research Reiterates Information Services Group (III) Outperform Recommendation,https://firebasestorage.googleapis.com/v0/b/hackernoon-app.appspot.com/o/images%2Fimageedit_25_7084755369.gif?alt=media&token=ca7527b0-a214-46d4-af72-1062b3df1458,Fintel reports that on May 25 2023 Barrington Research reiterated coverage of Information Services Group (NASDAQ:III) with a Outperform recommendation. As of May 11 2023 the average one-year ...
01Synergy,https://hackernoon.com/company/01synergy,2023-05-27 07:12:00,https://www.theugandanjobline.com/2023/05/bpo-ites-supervisor-careers-national-information-technology-authority-uganda-nita-u.html,BPO/ITES Supervisor Careers – National Information Technology Authority-Uganda (NITA-U),https://firebasestorage.googleapis.com/v0/b/hackernoon-app.appspot.com/o/images%2Fimageedit_25_7084755369.gif?alt=media&token=ca7527b0-a214-46d4-af72-1062b3df1458,The National Information Technology Authority-Uganda (NITA-U) is an autonomous statutory body established under the NITA-U Act 2009 The Authority is under the general supervision of the Ministry of Information Communications Technology and National ...
01Synergy,https://hackernoon.com/company/01synergy,2023-05-22 05:42:00,https://www.thetechedvocate.org/what-is-information-technology-definition-and-examples/,What is Information Technology? Definition and Examples,https://firebasestorage.googleapis.com/v0/b/hackernoon-app.appspot.com/o/images%2Fimageedit_25_7084755369.gif?alt=media&token=ca7527b0-a214-46d4-af72-1062b3df1458,while social networking allows people to connect with others and share information and ideas. Mobile apps have become increasingly popular providing users with access to a wide range of services from food delivery to exercise tracking. As technology ...
01Synergy,https://hackernoon.com/company/01synergy,2023-05-19 00:00:00,https://www.linkedin.com/pulse/information-communication-technologyict-shriram-k,INFORMATION AND COMMUNICATION TECHNOLOGY(ICT,https://firebasestorage.googleapis.com/v0/b/hackernoon-app.appspot.com/o/images%2Fimageedit_25_7084755369.gif?alt=media&token=ca7527b0-a214-46d4-af72-1062b3df1458,Information and ... as well as the various services and appliances with them such as video conferencing and distance learning. ICT also includes analog technology such as paper communication ...
01Synergy,https://hackernoon.com/company/01synergy,2023-10-10 21:08:00,https://www.nasdaq.com/articles/evernorth-health-services-buys-bright.md-technology-platform,Evernorth Health Services Buys Bright.md Technology Platform,https://firebasestorage.googleapis.com/v0/b/hackernoon-app.appspot.com/o/images%2Fimageedit_25_7084755369.gif?alt=media&token=ca7527b0-a214-46d4-af72-1062b3df1458,(RTTNews) - Evernorth Health Services the pharmacy care and benefits solution division of The Cigna Group (CI) announced it will acquiring the technology and clinical capabilities of Bright.md.
01Synergy,https://hackernoon.com/company/01synergy,2023-09-29 10:22:00,https://www.business-live.co.uk/retail-consumer/technology-services-partner-ensures-coffee-27797774?int_source=nba,The technology services partner that ensures coffee fanatics can get their fix at UK's favourite coffee shop,https://firebasestorage.googleapis.com/v0/b/hackernoon-app.appspot.com/o/images%2Fimageedit_25_7084755369.gif?alt=media&token=ca7527b0-a214-46d4-af72-1062b3df1458,"Darren Phillips Costa Coffee''s global head of central IT services and support said: “Costa is thrilled to welcome Vista Technology as our new retail stores break-fix provider. '""Its expertise and commitment to excellence align perfectly with our core ..."
10Cloudshttps://hackernoon.com/company/10clouds2023-01-03 22:17:00https://tech.co/news/tech-layoffs-2022-150kTech Saw 150K Layoffs in 2022 Passing Early Pandemic Numbershttps://www.bing.com/th?id=OVFT.02WJXDCLs2-dPMg74J_Q8i&pid=NewsThe retail and consumer tech sectors lost the most jobs in 2022 largely due to big cuts at Meta and Amazon. Time to update your resume. A total of 153160 tech employees left their positions across 2022,,,,,,
01Synergyhttps://hackernoon.com/company/01synergy2023-10-09 09:55:00https://vietnamnet.vn/en/ministry-introduces-information-communication-technology-maps-2199883.htmlMinistry introduces information-communication technology mapshttps://firebasestorage.googleapis.com/v0/b/hackernoon-app.appspot.com/o/images%2Fimageedit_25_7084755369.gif?alt=media&token=ca7527b0-a214-46d4-af72-1062b3df1458The Ministry of Information and Communications (MIC) on October 9 released eight technology maps in the information and communication sector becoming the first agency to research and develop technology maps for all areas of its management. One of the ...,,,,,,
01Synergyhttps://hackernoon.com/company/01synergy2023-09-25 01:25:00https://markets.businessinsider.com/news/stocks/new-buy-rating-for-servicenow-now-the-technology-giant-1032651329New Buy Rating for ServiceNow (NOW) the Technology Gianthttps://firebasestorage.googleapis.com/v0/b/hackernoon-app.appspot.com/o/images%2Fimageedit_25_7084755369.gif?alt=media&token=ca7527b0-a214-46d4-af72-1062b3df1458In a report released yesterday Samad Samana from Jefferies maintained a Buy rating on ServiceNow (NOW – Research Report) with a price,,,,,,
01Synergyhttps://hackernoon.com/company/01synergy2023-09-20 21:39:00https://www.pcmag.com/picks/the-best-email-encryption-servicesThe Best Email Encryption Services for 2023https://firebasestorage.googleapis.com/v0/b/hackernoon-app.appspot.com/o/images%2Fimageedit_25_7084755369.gif?alt=media&token=ca7527b0-a214-46d4-af72-1062b3df1458The top email encryption services we''ve tested can help keep snoops out of your messages. When the IBM PC was new I served as the president of the San Francisco PC User Group for three years.,,,,,,
01Synergyhttps://hackernoon.com/company/01synergy2022-12-30 00:00:00https://www.komando.com/security-privacy/spy-malware-using-motion-sensors/871381/This malware can eavesdrop on your calls using your phone’s motion sensorshttps://firebasestorage.googleapis.com/v0/b/hackernoon-app.appspot.com/o/images%2Fimageedit_25_7084755369.gif?alt=media&token=ca7527b0-a214-46d4-af72-1062b3df1458Malware can capture the data recorded by your earpiece vibrating during your conversations. Here's how it works and what you can do about it.,,,,,,
01Synergyhttps://hackernoon.com/company/01synergy2023-05-11 00:00:00https://www.enr.com/topics/588-information-technologyInformation technologyhttps://firebasestorage.googleapis.com/v0/b/hackernoon-app.appspot.com/o/images%2Fimageedit_25_7084755369.gif?alt=media&token=ca7527b0-a214-46d4-af72-1062b3df1458In early December 2021 the Denver International Airport made headlines across the U.S. after a hot water pipe broke a month before a major terminal expansion project was expected to complete.,,,,,,
01Synergyhttps://hackernoon.com/company/01synergy2023-08-28 00:01:00https://www.medpagetoday.com/practicemanagement/informationtechnologyInformation Technologyhttps://firebasestorage.googleapis.com/v0/b/hackernoon-app.appspot.com/o/images%2Fimageedit_25_7084755369.gif?alt=media&token=ca7527b0-a214-46d4-af72-1062b3df1458Visit us on Facebook. Opens in a new tab or window Visit us on Twitter. Opens in a new tab or window Visit us on Instagram. Opens in a new tab or window Visit us on LinkedIn. Opens in a new tab or ...,,,,,,
01Synergyhttps://hackernoon.com/company/01synergy2023-06-05 16:36:00https://technews.tmcnet.com/news/2023/06/06/9826783.htmAGREEYA SOLUTIONS NAMED BEST PLACE TO WORK BY CEO INSIGHTShttps://firebasestorage.googleapis.com/v0/b/hackernoon-app.appspot.com/o/images%2Fimageedit_25_7084755369.gif?alt=media&token=ca7527b0-a214-46d4-af72-1062b3df1458AgreeYa Solutions a leader in software solutions and services is proud to announce it has been recognized among CEO Insights Magazine''s Top 10 Best Companies to Work for in 2023''. Securing a spot as one of the top ten best companies to work for underscores AgreeYa''s commitment to its employees and its exceptional workplace culture.,,,,,,
01Synergyhttps://hackernoon.com/company/01synergy2023-10-10 16:39:00https://en.armradio.am/2023/10/10/armenia-to-host-2024-world-congress-on-innovation-and-technology/Armenia to host 2024 World Congress on Innovation and Technologyhttps://firebasestorage.googleapis.com/v0/b/hackernoon-app.appspot.com/o/images%2Fimageedit_25_7084755369.gif?alt=media&token=ca7527b0-a214-46d4-af72-1062b3df1458For more information and questions concerning our website contact us on the following address [email protected]. If you like to insert an advertisment into our website write on the following address [email protected],,,,,,
01Synergyhttps://hackernoon.com/company/01synergy2023-09-08 05:59:00https://www.iaea.org/newscenter/news/iaea-profile-rola-ghneim-khreis-the-iaeas-first-woman-director-of-information-technologyIAEA Profile: Rola Ghneim Khreis the IAEA’s First Woman Director of Information Technologyhttps://firebasestorage.googleapis.com/v0/b/hackernoon-app.appspot.com/o/images%2Fimageedit_25_7084755369.gif?alt=media&token=ca7527b0-a214-46d4-af72-1062b3df1458At the last minute Khreis enrolled to study computer science which led to a career in information technology (IT ... Later as IT Service Manager and then Unit Head of IT Services Design she worked on the implementation of IT service management best ...,,,,,,
01Synergyhttps://hackernoon.com/company/01synergy2022-12-29 16:07:00https://www.msn.com/en-ph/news/other/ey-global-delivery-services-ph/ar-AA15Mm1DEY Global Delivery Services PHhttps://www.bing.com/th?id=OVFT.Pu_2ioyAFu6K10n67gbl7y&pid=NewsPhilippines gains recognition as one of the HR Asia Best Companies to Work for in Asia – Philippines Chapter in 2022. The award strongly recognizes the long-standing efforts of EY GDS to champion teamwork,,,,,,
01Synergyhttps://hackernoon.com/company/01synergy2023-08-26 02:35:00https://247wallst.com/investing/2023/08/25/evercore-isi-group-downgrades-fidelity-national-information-services/Evercore ISI Group Downgrades Fidelity National Information Serviceshttps://firebasestorage.googleapis.com/v0/b/hackernoon-app.appspot.com/o/images%2Fimageedit_25_7084755369.gif?alt=media&token=ca7527b0-a214-46d4-af72-1062b3df1458As of August 2 2023 the average one-year price target for Fidelity National Information Services is 76.89 ... FIS is a leading provider of technology solutions for merchants banks and capital ...,,,,,,
01Synergyhttps://hackernoon.com/company/01synergy2023-02-01 13:13:00https://technews.tmcnet.com/news/2023/02/01/9752912.htmLeidos Introduces Zero Trust Tool Suite to Advance Government Security Standardshttps://www.bing.com/th?id=OVFT.rW0nxR5EHrU-89Y8DMHFTy&pid=NewsLeidos (NYSE:LDOS) a FORTUNE® 500 science and technology leader today announced the availability of version 2.0 of its Zero Trust Readiness Level (ZTRL™) tool suite. ZTRL is designed to accelerate Zero Trust adoption across the government in accordance with Executive Order 14028 and OMB memorandum M-22-09.,,,,,,
01Synergyhttps://hackernoon.com/company/01synergy2023-01-17 23:15:00https://www.forbesindia.com/blog/technology/future-of-sustainable-manufacturing-is-technology-driven/Future of sustainable manufacturing is technology drivenhttps://firebasestorage.googleapis.com/v0/b/hackernoon-app.appspot.com/o/images%2Fimageedit_25_7084755369.gif?alt=media&token=ca7527b0-a214-46d4-af72-1062b3df1458On the face of it an interconnected factory is where information technology is ... The author is CEO and MD of Siemens Technology and Services Pvt. Ltd. The thoughts and opinions shared here ...,,,,,,
01Synergyhttps://hackernoon.com/company/01synergy2023-01-06 14:37:00https://www.producebluebook.com/2023/01/06/inteligistics-completes-integration-with-temperature-sensors/Inteligistics completes integration with temperature sensorshttps://www.bing.com/th?id=OVFT.y2oOufexKSGeahCMpkBfUi&pid=NewsInteligistics has been bringing end-to-end solutions to monitor and improve efficiency for logistics supply chain and cold chain management for companies producing and selling perishable products for over a decade,,,,,,
01Synergyhttps://hackernoon.com/company/01synergy2023-01-17 23:45:00https://www.nextgov.com/policy/2023/01/us-and-uk-hold-first-comprehensive-dialogue-technology-and-data/381777/US and UK Hold First Comprehensive Dialogue on Technology and Datahttps://firebasestorage.googleapis.com/v0/b/hackernoon-app.appspot.com/o/images%2Fimageedit_25_7084755369.gif?alt=media&token=ca7527b0-a214-46d4-af72-1062b3df1458International Commerce State The United States and the United Kingdom held their inaugural meeting for the U.S-U.K. Comprehensive Dialogue on Technology and Data on Thursday. The dialogue ...,,,,,,
01Synergyhttps://hackernoon.com/company/01synergy2023-05-09 00:00:00https://www.nasdaq.com/articles/information-services-group-iii-declares-$0.04-dividend-0Information Services Group (III) Declares $0.04 Dividendhttps://firebasestorage.googleapis.com/v0/b/hackernoon-app.appspot.com/o/images%2Fimageedit_25_7084755369.gif?alt=media&token=ca7527b0-a214-46d4-af72-1062b3df1458The projected annual non-GAAP EPS is 0.50. ISG (Information Services Group) is a leading global technology research and advisory firm. A trusted business partner to more than 700 clients ...,,,,,,
01Synergyhttps://hackernoon.com/company/01synergy2023-10-14 00:00:00https://www.hbs.edu/faculty/topics/Pages/technology-and-innovation.aspxTechnology & Innovationhttps://firebasestorage.googleapis.com/v0/b/hackernoon-app.appspot.com/o/images%2Fimageedit_25_7084755369.gif?alt=media&token=ca7527b0-a214-46d4-af72-1062b3df1458General Electric for example was at risk of losing many of its top customers to nontraditional competitors—IBM and SAP on the one hand big data start-ups on the other—offering data-intensive analytics-based services that could connect to any ...,,,,,,
01Synergyhttps://hackernoon.com/company/01synergy2023-10-12 09:01:00https://www.theinformation.com/articles/why-so-many-streaming-services-are-strugglingWhy So Many Streaming Services Are Strugglinghttps://firebasestorage.googleapis.com/v0/b/hackernoon-app.appspot.com/o/images%2Fimageedit_25_7084755369.gif?alt=media&token=ca7527b0-a214-46d4-af72-1062b3df1458Desperate to stem losses from streaming and pay down billions in debt media companies including Warner Bros. Discovery are raising prices. That’s in part because they’ve been focused almost exclusively on their content libraries. Instead they must ...,,,,,,
10Cloudshttps://hackernoon.com/company/10clouds2023-07-22 09:00:00https://www.nytimes.com/2023/07/22/technology/ai-regulation-white-house.htmlHow Do the White House’s A.I. Commitments Stack Up?https://www.bing.com/th?id=OVFT.4A78sW8F_q4ceriUyPAXSy&pid=NewsSeven leading A.I. companies made eight promises about what they’ll do with their technology. Our columnist sizes up their potential impact.,,,,,,
01Synergyhttps://hackernoon.com/company/01synergy2023-08-28 00:01:00https://www.gu.se/en/study-gothenburg/international-masters-programme-in-information-technology-and-learning-s2itlInternational Master's Programme in Information Technology and Learninghttps://firebasestorage.googleapis.com/v0/b/hackernoon-app.appspot.com/o/images%2Fimageedit_25_7084755369.gif?alt=media&token=ca7527b0-a214-46d4-af72-1062b3df1458The master''s programme in Information Technology and Learning addresses the opportunities and challenges emerging information technologies raise for learning. As a student of the programme you will have the opportunity to work with leading researchers in ...,,,,,,
01Synergyhttps://hackernoon.com/company/01synergy2023-09-27 00:00:00https://www.federalregister.gov/agencies/office-of-government-information-servicesOffice of Government Information Serviceshttps://firebasestorage.googleapis.com/v0/b/hackernoon-app.appspot.com/o/images%2Fimageedit_25_7084755369.gif?alt=media&token=ca7527b0-a214-46d4-af72-1062b3df1458We are announcing 2019''s annual Chief FOIA Officers'' Council meeting co-chaired by the Director of OGIS and the Director of OIP.,,,,,,
01Synergyhttps://hackernoon.com/company/01synergy2022-12-28 03:07:00https://leadership.ng/behold-a-national-centre-to-share-data-and-services-for-nigerias-digital-economy/Behold A National Centre To Share Data And Services For Nigeria’s Digital Economyhttps://firebasestorage.googleapis.com/v0/b/hackernoon-app.appspot.com/o/images%2Fimageedit_25_7084755369.gif?alt=media&token=ca7527b0-a214-46d4-af72-1062b3df1458He said the NSSC will provide services that are “swift secure and seamless’’. He added that the information communication and technology sector (ICT) had accelerated the diversification ...,,,,,,
01Synergyhttps://hackernoon.com/company/01synergy2023-03-17 09:14:00https://totaltele.com/aitelecom-apco-networks-enhances-4g-cellular-backhaul-and-enterprise-services-across-mexico/Aitelecom/APCO Networks enhances 4G cellular backhaul and enterprise services across Mexicohttps://firebasestorage.googleapis.com/v0/b/hackernoon-app.appspot.com/o/images%2Fimageedit_25_7084755369.gif?alt=media&token=ca7527b0-a214-46d4-af72-1062b3df1458ST Engineering iDirect’s leading Mx-DMA® MRC waveform technology will enable Mexican connectivity service provider Aitelecom/APCO Networks (Aitelecom) to support services on its new MicroGEO satellites that will be built by satellite manufacturer ...,,,,,,
01Synergyhttps://hackernoon.com/company/01synergy2023-01-23 14:15:00https://technews.tmcnet.com/news/2023/01/23/9747377.htmKey Tronic Corporation Announces Second Quarter Reporting Datehttps://firebasestorage.googleapis.com/v0/b/hackernoon-app.appspot.com/o/images%2Fimageedit_25_7084755369.gif?alt=media&token=ca7527b0-a214-46d4-af72-1062b3df1458Key Tronic Corporation (Nasdaq: KTCC) announced today that it plans to report its results for the second quarter of fiscal 2023 after market close on January 31 2023. Key Tronic will host a conference call to discuss its financial results at 2:00 PM Pacific (5:00 PM Eastern) on January 31,,,,,,
01Synergyhttps://hackernoon.com/company/01synergy2023-07-21 02:20:00https://www.capella.edu/online-degrees/masters-information-technology/General Information Technologyhttps://firebasestorage.googleapis.com/v0/b/hackernoon-app.appspot.com/o/images%2Fimageedit_25_7084755369.gif?alt=media&token=ca7527b0-a214-46d4-af72-1062b3df1458You can develop the skills to redefine your IT career with the online MS in Information Technology General Information Technology at Capella. Choose courses that align with your goals in the field of IT including: analytics cybersecurity project ...,,,,,,
01Synergyhttps://hackernoon.com/company/01synergy2023-06-13 08:23:00https://www.tmcnet.com/usubmit/-servicenow-introduces-new-generative-ai-solution-now-assist-/2023/06/13/9831066.htmServiceNow introduces new generative AI solution Now Assisthttps://www.bing.com/th?id=OVFT.CimqIrPB7TM97CjLoRDqMC&pid=NewsServiceNow (NYSE: NOW) the leading digital workflow company making the world work better for everyone today announced its newest generative AI solution Now Assist for Virtual Agent designed to create truly conversational experiences for more intelligent self-service.,,,,,,
01Synergyhttps://hackernoon.com/company/01synergy2023-06-07 12:28:00https://www.cic.gc.ca/ENGLISH/newcomers/services/index.aspFind free newcomer services near youhttps://firebasestorage.googleapis.com/v0/b/hackernoon-app.appspot.com/o/images%2Fimageedit_25_7084755369.gif?alt=media&token=ca7527b0-a214-46d4-af72-1062b3df1458We’ve made our settlement services available to all Ukrainian temporary residents and their dependants in Canada until March 31 2023. Learn about what to do before and after you travel to Canada or explore our settlement content on your own.,,,,,,
01Synergyhttps://hackernoon.com/company/01synergy2023-01-13 21:21:00https://www.moneycontrol.com/news/business/stocks/lt-technology-services-declines-5-on-morgan-stanleys-underweight-stance-9858391.htmlL&T Technology Services declines 5% on Morgan Stanley's 'underweight' stancehttps://firebasestorage.googleapis.com/v0/b/hackernoon-app.appspot.com/o/images%2Fimageedit_25_7084755369.gif?alt=media&token=ca7527b0-a214-46d4-af72-1062b3df1458Shares of L&T Technology Services shed over 5 percent in the morning session on January 13 and was the top midcap loser with over 38 percent decline in the last one year. The pure-play ...,,,,,,
01Synergyhttps://hackernoon.com/company/01synergy2023-07-31 23:17:00https://finance.yahoo.com/news/invest-vanguard-information-technology-etf-102007398.htmlShould You Invest in the Vanguard Information Technology ETF (VGT)?https://firebasestorage.googleapis.com/v0/b/hackernoon-app.appspot.com/o/images%2Fimageedit_25_7084755369.gif?alt=media&token=ca7527b0-a214-46d4-af72-1062b3df1458If you''re interested in broad exposure to the Technology - Broad segment of the equity market look no further than the Vanguard Information Technology ETF (VGT) a passively managed exchange ...,,,,,,
01Synergyhttps://hackernoon.com/company/01synergy2023-01-05 20:31:00https://marketscale.com/industries/hospitality/how-self-service-automation-can-be-the-key-to-success/How Self-Service Automation Can be the Key to Successhttps://www.bing.com/th?id=OVFT.aFyPur2afmUrHj6gdlHHEi&pid=NewsWarren Dehan has 44 years of experience as the President of Maestro Property Management System a Browser Based Software in the,,,,,,
01Synergyhttps://hackernoon.com/company/01synergy2023-05-08 16:29:00https://www.waketech.edu/programs-courses/credit/human-services-technology/degrees-programsHuman Services Technology Degrees & Pathwayshttps://firebasestorage.googleapis.com/v0/b/hackernoon-app.appspot.com/o/images%2Fimageedit_25_7084755369.gif?alt=media&token=ca7527b0-a214-46d4-af72-1062b3df1458The Human Services Technology curriculum prepares students for entry-level positions in institutions and agencies that provide social community and educational services. Classes are offered seated hybrid and online. Some courses are not offered in the ...,,,,,,
"01Synergyhttps://hackernoon.com/company/01synergy2023-02-07 18:42:00https://www.bizjournals.com/sacramento/inno/stories/news/2023/02/07/solidigm-headquarters-rancho-cordova.htmlChipmaker Solidigm moves headquarters to Rancho Cordova from San Josehttps://www.bing.com/th?id=OVFT.QIQR-GqA9EmT3G53UUYyky&pid=News'""Once complete our campus will be Solidigm’s largest global site. We see great potential for the region to continue being a vibrant technology hub'"" she said. The company is not maintaining its San Jose location she said. Those employees have been ...",,,,,,
01Synergyhttps://hackernoon.com/company/01synergy2023-01-27 14:00:00https://www.ajmc.com/view/the-health-information-technology-special-issue-tackling-new-challenges-to-digital-transformationThe Health Information Technology Special Issue: Tackling New Challenges to Digital Transformationhttps://firebasestorage.googleapis.com/v0/b/hackernoon-app.appspot.com/o/images%2Fimageedit_25_7084755369.gif?alt=media&token=ca7527b0-a214-46d4-af72-1062b3df1458A letter from the guest editor highlights the potential for the findings in this special issue help us take steps toward realizing the promise of information technology in health care. Over the ...,,,,,,
01Synergyhttps://hackernoon.com/company/01synergy2023-02-17 10:11:00https://www.law.com/corpcounsel/2023/02/15/law-lags-technology-as-delivery-drone-services-take-flight/Law Lags Technology as Delivery-Drone Services Take Flighthttps://firebasestorage.googleapis.com/v0/b/hackernoon-app.appspot.com/o/images%2Fimageedit_25_7084755369.gif?alt=media&token=ca7527b0-a214-46d4-af72-1062b3df1458Amazon and other tech companies are chomping at the bit to use drones for delivery and other services ... According to a Feb. 1 story in The Information the Federal Aviation Administration ...,,,,,,
01Synergyhttps://hackernoon.com/company/01synergy2023-09-28 00:00:00https://www.meed.com/kuwait-information-system-services-september2023Kuwait: Information system serviceshttps://firebasestorage.googleapis.com/v0/b/hackernoon-app.appspot.com/o/images%2Fimageedit_25_7084755369.gif?alt=media&token=ca7527b0-a214-46d4-af72-1062b3df1458Subscribe or upgrade your current MEED.com package to support your strategic planning with the MENA region’s best source of business information. Proceed to our online shop below to find out more about the features in each package.,,,,,,
01Synergyhttps://hackernoon.com/company/01synergy2023-01-06 19:58:00https://www.modernhealthcare.com/insurance/blue-cross-synergie-medication-collective-specialty-drug-gene-therapiesBlues plans launch Synergie to cut costs for the priciest drugshttps://www.bing.com/th?id=OVFT.B3-VB_jIr_P4tXa_9mu6ni&pid=NewsSynergie a new independent company aims to disrupt the specialty drug market by banding insurers together to negotiate prices for high-cost treatments such as gene therapy.,,,,,,
01Synergyhttps://hackernoon.com/company/01synergy2022-12-29 09:27:00https://www.cio.com/article/415223/verticalization-managed-services-and-sustainability-to-drive-cloud-trends-in-2023.htmlVerticalization managed services and sustainability to drive cloud trends in 2023https://firebasestorage.googleapis.com/v0/b/hackernoon-app.appspot.com/o/images%2Fimageedit_25_7084755369.gif?alt=media&token=ca7527b0-a214-46d4-af72-1062b3df1458No matter how reliable their sources IT analysts’ technology adoption forecasts ... such as foundational services and compliances” Garcia explains. “This results in duplicated effort.”,,,,,,
01Synergyhttps://hackernoon.com/company/01synergy2023-04-27 23:59:00https://thediplomat.com/2009/06/technology-and-diplomacy/Technology and Diplomacyhttps://firebasestorage.googleapis.com/v0/b/hackernoon-app.appspot.com/o/images%2Fimageedit_25_7084755369.gif?alt=media&token=ca7527b0-a214-46d4-af72-1062b3df1458NZTE’s director for information technology and services Phil Hayward says the organisation has been using videoconferencing for seven years and deployed its first units in foreign locations ...,,,,,,
"01Synergyhttps://hackernoon.com/company/01synergy2023-05-10 00:00:00https://www.coloradocollege.edu/offices/mail/student-information/index.htmlStudent Informationhttps://firebasestorage.googleapis.com/v0/b/hackernoon-app.appspot.com/o/images%2Fimageedit_25_7084755369.gif?alt=media&token=ca7527b0-a214-46d4-af72-1062b3df1458Your Worner box information will be listed under '""Addresses and Phones ... Bring a photo ID during mailroom hours (M-F 8:30 a.m. - 4 p.m.) to pick up any mail & packages. Mail Services urges caution when sending perishables (i.e. food) to students.",,,,,,
01Synergy,https://hackernoon.com/company/01synergy,2023-03-07 23:59:00,https://business.gov.au/Planning/Industry-information/Information-media-and-telecommunications-industry,Information media and telecommunications industry,https://firebasestorage.googleapis.com/v0/b/hackernoon-app.appspot.com/o/images%2Fimageedit_25_7084755369.gif?alt=media&token=ca7527b0-a214-46d4-af72-1062b3df1458,See statistics for Australian Industry and Technology ... Licence and Information Service (ABLIS) to find information on the licences you may need. The information media and telecommunications industry have specific Goods and Services Tax (GST) measures.
01Synergy,https://hackernoon.com/company/01synergy,2023-05-19 00:00:00,https://www.electronicsweekly.com/news/business/information-technology/,Information Technology,https://firebasestorage.googleapis.com/v0/b/hackernoon-app.appspot.com/o/images%2Fimageedit_25_7084755369.gif?alt=media&token=ca7527b0-a214-46d4-af72-1062b3df1458,Software designed to detect child abuse images on smartphones which could be mandated by governments in some counties can be covertly repurposed to intrude on personal privacy according to research at Imperial college. ‘Client-side scanning’ (CSS ...
3ilogics,https://hackernoon.com/company/3ilogics,2023-08-24 09:19:00,https://news.yahoo.com/learning-ithaca-theres-app-091917594.html,Learning in Ithaca? There's an app for that.,https://firebasestorage.googleapis.com/v0/b/hackernoon-app.appspot.com/o/images%2Fimageedit_25_7084755369.gif?alt=media&token=ca7527b0-a214-46d4-af72-1062b3df1458&auto=format&fit=max&w=3840,The Ithaca City School District has launched a mobile app alongside updates to its website ahead of the upcoming 2023 - 2024 school year.
01Synergy,https://hackernoon.com/company/01synergy,2023-01-17 23:15:00,https://www.forbesindia.com/blog/technology/future-of-sustainable-manufacturing-is-technology-driven/,Future of sustainable manufacturing is technology driven,https://firebasestorage.googleapis.com/v0/b/hackernoon-app.appspot.com/o/images%2Fimageedit_25_7084755369.gif?alt=media&token=ca7527b0-a214-46d4-af72-1062b3df1458,On the face of it an interconnected factory is where information technology is ... The author is CEO and MD of Siemens Technology and Services Pvt. Ltd. The thoughts and opinions shared here ...
01Synergy,https://hackernoon.com/company/01synergy,2023-05-14 09:25:00,https://robohub.org/adama-sesay-on-solving-problems-with-sensors-and-microsystems/,Adama Sesay on solving problems with sensors and microsystems,https://firebasestorage.googleapis.com/v0/b/hackernoon-app.appspot.com/o/images%2Fimageedit_25_7084755369.gif?alt=media&token=ca7527b0-a214-46d4-af72-1062b3df1458&auto=format&fit=max&w=3840,At the Wyss Adama is a member of the Advanced Technology Team and works on a wide range of projects ... the research side and translating that acquired knowledge into know-how services and products on the business and industrial sides.
01Synergy,https://hackernoon.com/company/01synergy,2023-05-23 20:15:00,https://www.benzinga.com/pressreleases/23/05/b32540262/ryan-specialty-signs-definitive-agreement-to-acquire-socius-insurance,Ryan Specialty Signs Definitive Agreement To Acquire Socius Insurance,https://firebasestorage.googleapis.com/v0/b/hackernoon-app.appspot.com/o/images%2Fimageedit_25_7084755369.gif?alt=media&token=ca7527b0-a214-46d4-af72-1062b3df1458,"Ryan Specialty (NYSE:RYAN) a leading international specialty insurance firm is pleased to announce that it has signed a definitive agreement to acquire Socius Insurance Services ('""Socius'"") a nation"
01Synergy,https://hackernoon.com/company/01synergy,2023-06-22 17:15:00,https://www.bizjournals.com/charlotte/news/2023/06/22/search-solution-group-expands-sports-recruiting.html,Search Solution Group in Charlotte expands into sports entertainment recruiting,https://firebasestorage.googleapis.com/v0/b/hackernoon-app.appspot.com/o/images%2Fimageedit_25_7084755369.gif?alt=media&token=ca7527b0-a214-46d4-af72-1062b3df1458,Search Solution built its business recruiting and placing executives in various sectors including accounting finance human resources information technology sales and marketing and supply chain and manufacturing management. Executive recruiter ...
01Synergy,https://hackernoon.com/company/01synergy,2023-06-30 08:53:00,https://finance.yahoo.com/news/l-t-technology-services-joins-083000328.html,L&T Technology Services Joins Forces With Palo Alto Networks as MSSP Partner for OT Security Offerings,https://firebasestorage.googleapis.com/v0/b/hackernoon-app.appspot.com/o/images%2Fimageedit_25_7084755369.gif?alt=media&token=ca7527b0-a214-46d4-af72-1062b3df1458,Partnership to offer comprehensive security platform for OT and address industrial segments BENGALURU India June 30 2023--(BUSINESS WIRE)--L&T Technology Services Limited (BSE: 540115 ...
01Synergy,https://hackernoon.com/company/01synergy,2023-05-23 22:48:00,https://www.androidheadlines.com/2023/05/samsung-unveils-oled-display-with-embedded-heart-rate-sensor.html,Samsung unveils OLED display with embedded heart rate sensor,https://firebasestorage.googleapis.com/v0/b/hackernoon-app.appspot.com/o/images%2Fimageedit_25_7084755369.gif?alt=media&token=ca7527b0-a214-46d4-af72-1062b3df1458&auto=format&fit=max&w=3840,It is a separate module attached under the display panel. These solutions can only detect fingerprints within a designated area which is typically directly above them. Samsung’s Sensor OLED Display comes with an embedded light-sensing organic photodiode (OPD) to address these limitations and take things up a notch.
01Synergy,https://hackernoon.com/company/01synergy,2023-02-28 15:16:24,https://www.msn.com/en-us/news/technology/relationship-led-approach-to-managing-service-providers-in-2023/ar-AA1834RH,Relationship-led approach to managing service providers in 2023,https://firebasestorage.googleapis.com/v0/b/hackernoon-app.appspot.com/o/images%2Fimageedit_25_7084755369.gif?alt=media&token=ca7527b0-a214-46d4-af72-1062b3df1458&auto=format&fit=max&w=3840,Mike Hicks explains why service led relationships are vital for enterprises looking to use the cloud at scale.
01Synergy,https://hackernoon.com/company/01synergy,2023-01-20 09:53:00,https://seekingalpha.com/article/4571145-innovative-industrials-loan-style-leases-are-struggling,Innovative Industrial's Loan Style Leases Are Struggling,https://firebasestorage.googleapis.com/v0/b/hackernoon-app.appspot.com/o/images%2Fimageedit_25_7084755369.gif?alt=media&token=ca7527b0-a214-46d4-af72-1062b3df1458&auto=format&fit=max&w=3840,Innovative Industrial has consistently operated at fairly low leverage financing most of its acquisitions with equity. Find out why more tenant troubles lie ahead for IIPR.
01Synergy,https://hackernoon.com/company/01synergy,2023-02-06 11:54:00,https://www.zawya.com/en/press-release/events-and-conferences/leap23-announces-investments-of-more-than-9bln-to-support-future-technology-and-startups-byz8mrbi,LEAP23 announces investments of more than $9bln to support future technology and startups,https://firebasestorage.googleapis.com/v0/b/hackernoon-app.appspot.com/o/images%2Fimageedit_25_7084755369.gif?alt=media&token=ca7527b0-a214-46d4-af72-1062b3df1458,Abdullah bin Amer Alswaha the Minister of Communications and Information Technology (MCIT) during a keynote address ... Huawei’s US$400 million investment in cloud infrastructure for its services in the Kingdom and the launch of a Zoom cloud area ...
01Synergy,https://hackernoon.com/company/01synergy,2023-03-06 00:00:00,https://www.healthaffairs.org/content/forefront/addressing-value-defects-wasteful-services-through-health-technology-assessment,Addressing Value Defects From Wasteful Services Through Health Technology Assessment,https://firebasestorage.googleapis.com/v0/b/hackernoon-app.appspot.com/o/images%2Fimageedit_25_7084755369.gif?alt=media&token=ca7527b0-a214-46d4-af72-1062b3df1458,Well-established economic methods such as health technology ... and documenting information limitations. Effectiveness data in particular pose a challenge for health services interventions.
01Synergy,https://hackernoon.com/company/01synergy,2023-03-10 02:28:00,https://www.digitimes.com/news/a20230309PD211/automotive-china-ev+green-energy-ys-tech.html,YS Tech working closely with China car vendors,https://firebasestorage.googleapis.com/v0/b/hackernoon-app.appspot.com/o/images%2Fimageedit_25_7084755369.gif?alt=media&token=ca7527b0-a214-46d4-af72-1062b3df1458&auto=format&fit=max&w=3840,Automotive cooling fan supplier Yen Sun Technology (YS Tech) said it will work closely with Chinese customers and is anticipating a new Chinese government policy to boost the country's EV sector.
01Synergy,https://hackernoon.com/company/01synergy,2023-04-29 00:00:00,https://smesouthafrica.co.za/what-is-business-information-technology/,What is Business Information Technology?,https://firebasestorage.googleapis.com/v0/b/hackernoon-app.appspot.com/o/images%2Fimageedit_25_7084755369.gif?alt=media&token=ca7527b0-a214-46d4-af72-1062b3df1458,These days all kinds of small businesses rely on technology to take care of daily tasks. Business information technology is something you simply can’t avoid as a business owner. Understanding the different types of information technology available ...
01Synergy,https://hackernoon.com/company/01synergy,2023-06-30 17:32:00,https://www.stuttgartdailyleader.com/school-board-decides-to-outsource-technology-services/,School board decides to outsource technology services,https://firebasestorage.googleapis.com/v0/b/hackernoon-app.appspot.com/o/images%2Fimageedit_25_7084755369.gif?alt=media&token=ca7527b0-a214-46d4-af72-1062b3df1458,Stuttgart School Board met in a special session on Thursday June 29. The Stuttgart School District voted to outsource information technology services during a special called meeting Thursday evening. Superintendent Jeff McKinney first recommended that the ...
01Synergy,https://hackernoon.com/company/01synergy,2023-05-23 17:55:00,https://www.securitysystemsnews.com/article/hid-introduces-technology-partner-program-for-mobile-solutions,HID introduces Technology Partner Program for mobile solutions,https://firebasestorage.googleapis.com/v0/b/hackernoon-app.appspot.com/o/images%2Fimageedit_25_7084755369.gif?alt=media&token=ca7527b0-a214-46d4-af72-1062b3df1458,Identity solutions provider HID has announced the release of its HID Origo Technology Partner Program with a focus on mobile technologies.
01Synergy,https://hackernoon.com/company/01synergy,2023-02-16 10:37:00,https://www.coindesk.com/business/2023/02/16/gaming-network-oasys-onboards-japan-conglomerate-softbank-as-network-validator/,Gaming Network Oasys Onboards Japan Conglomerate SoftBank as Network Validator,https://firebasestorage.googleapis.com/v0/b/hackernoon-app.appspot.com/o/images%2Fimageedit_25_7084755369.gif?alt=media&token=ca7527b0-a214-46d4-af72-1062b3df1458&auto=format&fit=max&w=3840,Japanese conglomerate SoftBank will become an official network validator on Oasys and will explore further collaborations with the gaming blockchain including the development of blockchain-based services
01Synergy,https://hackernoon.com/company/01synergy,2023-02-01 06:08:00,https://www.scoop.co.nz/stories/BU2302/S00020/truescope-acquires-us-firm-universal-information-services.htm,Truescope Acquires US Firm Universal Information Services,https://firebasestorage.googleapis.com/v0/b/hackernoon-app.appspot.com/o/images%2Fimageedit_25_7084755369.gif?alt=media&token=ca7527b0-a214-46d4-af72-1062b3df1458,Australian media intelligence company Truescope has strengthened its position in North America by acquiring leading agency Universal Information Services (UIS). Founded in 2019 and now ...
01Synergy,https://hackernoon.com/company/01synergy,2023-05-15 10:22:00,https://www.finextra.com/pressarticle/96828/ntt-data-payment-services-implements-facctum-anti-financial-crime-technology,NTT Data Payment Services implements Facctum anti-financial crime technology,https://firebasestorage.googleapis.com/v0/b/hackernoon-app.appspot.com/o/images%2Fimageedit_25_7084755369.gif?alt=media&token=ca7527b0-a214-46d4-af72-1062b3df1458,Facctum has announced that FacctViewTM a new screening platform has been chosen by NTT Data Payment Services to expand its anti-financial crime defenses. This new technology will support NTT ...
01Synergy,https://hackernoon.com/company/01synergy,2023-06-30 00:00:00,https://www.usm.edu/procurement-contract-services/vehicle-rental-information.php,Vehicle Rental Information,https://firebasestorage.googleapis.com/v0/b/hackernoon-app.appspot.com/o/images%2Fimageedit_25_7084755369.gif?alt=media&token=ca7527b0-a214-46d4-af72-1062b3df1458,Procurement and Contract Services would like to remind all faculty staff and students of the current State rental car contracts for use on official business that can help reduce travel costs. Did you know that on a day trip to the coast or to Jackson ...
01Synergy,https://hackernoon.com/company/01synergy,2023-07-01 05:50:00,https://www.information-age.com/new-technology-jobs-needed-for-ai-123505227/,New technology jobs needed for AI,https://firebasestorage.googleapis.com/v0/b/hackernoon-app.appspot.com/o/images%2Fimageedit_25_7084755369.gif?alt=media&token=ca7527b0-a214-46d4-af72-1062b3df1458,This growing trend of end-to-end automation — boosted by generative AI capturing the imagination of organisations in recent times — will make way for the creation of new technology job ... for example financial services institutions is that they ...
01Synergy,https://hackernoon.com/company/01synergy,2023-03-30 22:10:00,https://www.tmcnet.com/usubmit/-owl-launches-new-xsource-ai-software-solution-isc-/2023/03/30/9786673.htm,O.W.L. Launches New xSource AI Software Solution at ISC West in Las Vegas,https://firebasestorage.googleapis.com/v0/b/hackernoon-app.appspot.com/o/images%2Fimageedit_25_7084755369.gif?alt=media&token=ca7527b0-a214-46d4-af72-1062b3df1458&auto=format&fit=max&w=3840,"'""Data doesn''t equal intelligence'"" said Tom Gates O.W.L. president. '""Both are required to be faster and more accurate. xSource is designed to help mitigate te workload of the security professional and tell the operator the meaning of threats happening in real time and not just that something is happening."
01Synergyhttps://hackernoon.com/company/01synergy2023-03-17 16:32:00https://www.jagranjosh.com/articles/cbse-class-12-information-technology-syllabus-pdf-download-1679050355-1CBSE Class 12 Information Technology Syllabus session 2022-23: Download Class 12th IT Syllabus PDFhttps://firebasestorage.googleapis.com/v0/b/hackernoon-app.appspot.com/o/images%2Fimageedit_25_7084755369.gif?alt=media&token=ca7527b0-a214-46d4-af72-1062b3df1458To check and download the complete syllabus of CBSE Class 12 Information Technology 2022-23 please click on the link below: Students who are appearing of the CBSE Class 12 Board Examination 2022 ...,,,,,,
01Synergyhttps://hackernoon.com/company/01synergy2023-10-15 00:00:00https://drexel.edu/cci/academics/masters-programs/ms-business-information-technology/careers/Business Information Technology Jobs & Careershttps://firebasestorage.googleapis.com/v0/b/hackernoon-app.appspot.com/o/images%2Fimageedit_25_7084755369.gif?alt=media&token=ca7527b0-a214-46d4-af72-1062b3df1458What is Business Information Technology? Business information technology helps organizations solve problems and enhance processes to improve efficiency serve customers and achieve business goals. Sometimes referred to as business IT or BIT business ...,,,,,,
01Synergyhttps://hackernoon.com/company/01synergy2023-10-28 17:14:00https://www.albanyherald.com/local/invision-technologies-building-relationships-empowering-communities/article_63b4a4a0-75b5-11ee-b05b-9b9278cb7127.htmlInvision Technologies: Building relationships empowering communitieshttps://www.bing.com/th?id=OVFT.0fC2TsQurOd_cbAkH-BpOi&pid=NewsAlthough there are multiple reasons Albany’s Invision Technologies LLC has distinguished itself as one of the area’s leading technology companies it’s clear the company’s focus on relationship buildi,,,,,,
01Synergyhttps://hackernoon.com/company/01synergy2023-05-17 21:07:00https://www.law.com/legaltechnews/2023/05/17/clm-provider-evisort-announces-generative-ai-integration-partners-with-servicenow/CLM Provider Evisort Announces Generative AI Integration Partners With ServiceNowhttps://www.bing.com/th?id=OVFT.gYdO0GVxaD_63Ft1PXX0DC&pid=NewsAfter joining the lineup of CLM companies leveraging generative AI solutions Evisort also announced that it would be partnering with ServiceNow to offer its contracting capabilities to the organization''s customer base.,,,,,,
"01Synergyhttps://hackernoon.com/company/01synergy2023-02-15 14:02:00https://technews.tmcnet.com/news/2023/02/15/9760891.htmOptii Solutions Expands Software Engineering with Key Leadership Appointmenthttps://www.bing.com/th?id=OVFT.IWb6Mcuw9PzaLv6NHRCwdy&pid=NewsOptii Solutions the leading hotel operations software has announced the appointment of Francisco '""Quico'"" Canseco as Software Engineering Manager. This press release features multimedia. View the full release here:  Canseco joins Optii with over fifteen years of experience in software engineering and digital technologies focused on digital product strategy",,,,,,
01Synergyhttps://hackernoon.com/company/01synergy2023-10-12 11:30:00https://www.openaccessgovernment.org/launch-of-new-sustainable-technology-products-and-services-agreement/168089/Launch of new sustainable technology products and services agreementhttps://firebasestorage.googleapis.com/v0/b/hackernoon-app.appspot.com/o/images%2Fimageedit_25_7084755369.gif?alt=media&token=ca7527b0-a214-46d4-af72-1062b3df1458The Crown Commercial Service (CCS) has recently granted a comprehensive agreement contract for technology-related products and services which includes a specialised category for acquiring and overseeing IT resources with a greater emphasis on sustainability.,,,,,,
01Synergyhttps://hackernoon.com/company/01synergy2023-10-27 05:27:00https://www.newswit.com/en/ifj7eje4ehi8f1mta3o5q3nbk5h8y9l4Shipsy Completes Stockone Acquisition and Expands Product Portfolio for Holistic Fulfillment and Logistics Managementhttps://firebasestorage.googleapis.com/v0/b/hackernoon-app.appspot.com/o/images%2Fimageedit_25_7084755369.gif?alt=media&token=ca7527b0-a214-46d4-af72-1062b3df1458This strategic acquisition reinforces Shipsy's commitment to providing a comprehensive end-to-end logistics technology platform for enterprise customers across diverse industries. The extended product suite will offer a holistic logistics management ...,,,,,,
01Synergyhttps://hackernoon.com/company/01synergy2023-05-02 13:12:00https://www.crn.com/news/managed-services/terry-richardson-on-why-he-left-amd-greenpages-technology-chops-and-the-ai-opportunityTerry Richardson On Why He Left AMD GreenPages’ Technology Chops And The AI Opportunityhttps://firebasestorage.googleapis.com/v0/b/hackernoon-app.appspot.com/o/images%2Fimageedit_25_7084755369.gif?alt=media&token=ca7527b0-a214-46d4-af72-1062b3df1458In February GreenPages acquired Toronto-based Zanaris an IT automation cloud and DevOps services firm ... Steve Burke has been reporting on the technology industry and sales channel for ...,,,,,,
01Synergyhttps://hackernoon.com/company/01synergy2023-02-02 08:14:00https://www.nytimes.com/2023/02/01/technology/self-driving-taxi-san-francisco.htmlSelf-Driving Car Services Want to Expand in San Francisco Despite Recent Hiccupshttps://firebasestorage.googleapis.com/v0/b/hackernoon-app.appspot.com/o/images%2Fimageedit_25_7084755369.gif?alt=media&token=ca7527b0-a214-46d4-af72-1062b3df1458The services are the culmination of more than 10 years of research development and testing by the two companies. After pouring billions of dollars into the technology both say they will soon ...,,,,,,
01Synergyhttps://hackernoon.com/company/01synergy2023-05-12 17:46:00https://finance.yahoo.com/news/12-best-information-technology-services-134510190.html12 Best Information Technology Services Stocks to Buyhttps://firebasestorage.googleapis.com/v0/b/hackernoon-app.appspot.com/o/images%2Fimageedit_25_7084755369.gif?alt=media&token=ca7527b0-a214-46d4-af72-1062b3df1458In this article we will take a look at the 12 best information technology services stocks to buy. To see more such companies go directly to 5 Best Information Technology Services Stocks to Buy.,,,,,,
01Synergyhttps://hackernoon.com/company/01synergy2023-05-08 21:41:00https://executivegov.com/2023/05/gsa-requests-information-on-spectrum-warfare-rapid-technology-augmentation/GSA Requests Information on Spectrum Warfare Rapid Technology Augmentation Support Requirementhttps://firebasestorage.googleapis.com/v0/b/hackernoon-app.appspot.com/o/images%2Fimageedit_25_7084755369.gif?alt=media&token=ca7527b0-a214-46d4-af72-1062b3df1458The General Services Administration’s Federal Acquisition Service is seeking information on a single-award indefinite-delivery/indefinite-quantity contract to ...,,,,,,
01Synergyhttps://hackernoon.com/company/01synergy2023-03-10 00:00:00https://www.rit.edu/computing/phd-computing-and-information-sciencesDepartment of Computing and Information Sciences Ph.D.https://firebasestorage.googleapis.com/v0/b/hackernoon-app.appspot.com/o/images%2Fimageedit_25_7084755369.gif?alt=media&token=ca7527b0-a214-46d4-af72-1062b3df1458Our faculty and students conduct research to change how we live work and interact focusing on both novel computing technology and how computing ... resources for the Ph.D. Program in Computing and Information Sciences such policies procedures ...,,,,,,
01Synergyhttps://hackernoon.com/company/01synergy2023-01-27 16:17:00https://www.theverge.com/2023/1/27/23573963/google-information-customer-transparency-eu-consumer-protection-rulesGoogle services to offer more accurate information in compliance with EUhttps://firebasestorage.googleapis.com/v0/b/hackernoon-app.appspot.com/o/images%2Fimageedit_25_7084755369.gif?alt=media&token=ca7527b0-a214-46d4-af72-1062b3df1458Google has not announced when it will be updating its services or if clearer more accurate information for consumers will be extended beyond f the EU.,,,,,,
01Synergyhttps://hackernoon.com/company/01synergy2023-06-16 19:11:00https://www.nasdaq.com/articles/friday-sector-laggards:-services-technology-communications-0Friday Sector Laggards: Services Technology & Communicationshttps://firebasestorage.googleapis.com/v0/b/hackernoon-app.appspot.com/o/images%2Fimageedit_25_7084755369.gif?alt=media&token=ca7527b0-a214-46d4-af72-1062b3df1458Looking at the sectors faring worst as of midday Friday shares of Services companies are underperforming ... The next worst performing sector is the Technology & Communications sector showing ...,,,,,,
01Synergyhttps://hackernoon.com/company/01synergy2023-05-19 00:00:00https://www.linkedin.com/pulse/information-communication-technologyict-shriram-kINFORMATION AND COMMUNICATION TECHNOLOGY(ICThttps://firebasestorage.googleapis.com/v0/b/hackernoon-app.appspot.com/o/images%2Fimageedit_25_7084755369.gif?alt=media&token=ca7527b0-a214-46d4-af72-1062b3df1458Information and ... as well as the various services and appliances with them such as video conferencing and distance learning. ICT also includes analog technology such as paper communication ...,,,,,,
01Synergyhttps://hackernoon.com/company/01synergy2023-04-21 13:26:00https://finance.yahoo.com/news/information-technology-global-market-report-132400336.htmlInformation Technology Global Market Report 2023https://firebasestorage.googleapis.com/v0/b/hackernoon-app.appspot.com/o/images%2Fimageedit_25_7084755369.gif?alt=media&token=ca7527b0-a214-46d4-af72-1062b3df1458The information technology (IT) market consists of revenues earned by entities by providing IT services such as computer networking broadcasting systems design services and information ...,,,,,,
01Synergyhttps://hackernoon.com/company/01synergy2023-03-15 04:26:00https://www.digitimes.com/news/a20230314PD220/chips+components-memory-chips-sk-hynix-ssd.htmlSK Hynix reportedly to exert control over Solidigmhttps://firebasestorage.googleapis.com/v0/b/hackernoon-app.appspot.com/o/images%2Fimageedit_25_7084755369.gif?alt=media&token=ca7527b0-a214-46d4-af72-1062b3df1458Industry speculation has begun to circulate in South Korea that SK Hynix is seeking greater control over Solidigm including product and technology planning ... Some subscribers prefer to save their log-in information so they do not have to enter their ...,,,,,,
01Synergyhttps://hackernoon.com/company/01synergy2023-01-11 13:22:00https://www.tmcnet.com/usubmit/-smartsense-digi-accelerates-market-momentum-ahead-nrf-2023-/2023/01/11/9741391.htmSmartSense by Digi Accelerates Market Momentum Ahead of NRF 2023 Retail's Big Showhttps://firebasestorage.googleapis.com/v0/b/hackernoon-app.appspot.com/o/images%2Fimageedit_25_7084755369.gif?alt=media&token=ca7527b0-a214-46d4-af72-1062b3df1458DGII  and a leading global provider of Internet of Things (IoT) connectivity solutions today announced a series of notable milestones signifying dynamic market momentum ahead of NRF 2023 Retail''s Big Show event.,,,,,,
01Synergyhttps://hackernoon.com/company/01synergy2023-03-07 03:28:00https://menafn.com/1105718174/Global-Bioremediation-Technology-And-Services-Market-Report-2022-2028-Demand-In-Mining-Petroleum-Farming-Nuclear-Power-Fuels-GrowthGlobal Bioremediation Technology And Services Market Report 2022-2028: Demand In Mining Petroleum Farming & Nuclear Power Fuels Growthhttps://firebasestorage.googleapis.com/v0/b/hackernoon-app.appspot.com/o/images%2Fimageedit_25_7084755369.gif?alt=media&token=ca7527b0-a214-46d4-af72-1062b3df1458A report by the publisher states that the global bioremediation technology and services market highlights a CAGR of 8.70% during the forecast period 2022-2028. The factors that contribute to the ...,,,,,,
01Synergyhttps://hackernoon.com/company/01synergy2023-02-01 20:34:00https://www.autonews.com/commentary/service-and-parts-forecast-cloudy-dose-confidenceService and parts forecast cloudy with a dose of confidencehttps://www.bing.com/th?id=OVFT._-3ClPYuTqswGUiAwj5wiS&pid=NewsStaffing issues continue to plague service and parts departments but managers are confident of another profitable year.,,,,,,
01Synergyhttps://hackernoon.com/company/01synergy2023-01-24 15:56:00https://www.iotevolutionworld.com/iot/articles/454712-lorawan-iotlogiq-industry-40-senzarys-finger-the-pulse.htmLoRaWAN IoTLogIQ and Industry 4.0: Senzary''s Finger on the Pulse of Industrial IoThttps://www.bing.com/th?id=OVFT.ZWKoPN7NdDqvw5T1myNgwC&pid=NewsAhead of IoT Evolution Expo 2023 in Fort Lauderdale Florida we spoke with Eric Schummer the founder and CEO of Senzary LLC.,,,,,,
01Synergyhttps://hackernoon.com/company/01synergy2023-02-08 08:32:00https://www.computerweekly.com/feature/Is-composable-business-the-most-essential-technology-trend-to-meet-the-challenges-of-2023-and-beyondIs composable business most essential technology trend to meet challenges of 2023 and beyond?https://firebasestorage.googleapis.com/v0/b/hackernoon-app.appspot.com/o/images%2Fimageedit_25_7084755369.gif?alt=media&token=ca7527b0-a214-46d4-af72-1062b3df1458Organisations using technology based on modular ... s multiple products were then centralised in a single Akeneo product information management (PIM) system. “You didn’t need an IT degree ...,,,,,,
01Synergyhttps://hackernoon.com/company/01synergy2022-12-29 09:27:00https://www.cio.com/article/415223/verticalization-managed-services-and-sustainability-to-drive-cloud-trends-in-2023.htmlVerticalization managed services and sustainability to drive cloud trends in 2023https://firebasestorage.googleapis.com/v0/b/hackernoon-app.appspot.com/o/images%2Fimageedit_25_7084755369.gif?alt=media&token=ca7527b0-a214-46d4-af72-1062b3df1458No matter how reliable their sources IT analysts’ technology adoption forecasts ... such as foundational services and compliances” Garcia explains. “This results in duplicated effort.”,,,,,,
01Synergyhttps://hackernoon.com/company/01synergy2023-02-11 18:15:00https://www.hstoday.us/subject-matter-areas/cybersecurity/gao-tells-irs-to-complete-modernization-plans-and-fully-address-cloud-computing-requirements/GAO Tells IRS to Complete IT Modernization Plans and Fully Address Cloud Computing Requirementshttps://www.bing.com/th?id=OVFT.-fWAyXehTP0wwGJ9924ZXC&pid=NewsTo support its IT modernization efforts in April 2019 IRS issued a high-level business plan that identified modernization initiatives through fiscal year 2024. IRS is updating this plan and expects the update to be finalized in early calendar year 2023 ...,,,,,,
01Synergyhttps://hackernoon.com/company/01synergy2023-01-28 00:00:00https://www.hbs.edu/faculty/topics/Pages/technology-and-innovation.aspxTechnology & Innovationhttps://firebasestorage.googleapis.com/v0/b/hackernoon-app.appspot.com/o/images%2Fimageedit_25_7084755369.gif?alt=media&token=ca7527b0-a214-46d4-af72-1062b3df1458General Electric for example was at risk of losing many of its top customers to nontraditional competitors—IBM and SAP on the one hand big data start-ups on the other—offering data-intensive analytics-based services that could connect to any ...,,,,,,
01Synergyhttps://hackernoon.com/company/01synergy2023-02-16 11:47:00https://www.devdiscourse.com/article/technology/2356854-celonis-and-tech-mahindra-strengthen-their-global-partnership-to-bolster-process-excellence-initiatives-for-customersCelonis and Tech Mahindra Strengthen Their Global Partnership to Bolster Process Excellence Initiatives for Customershttps://firebasestorage.googleapis.com/v0/b/hackernoon-app.appspot.com/o/images%2Fimageedit_25_7084755369.gif?alt=media&token=ca7527b0-a214-46d4-af72-1062b3df1458We have also embarked on a journey to co-create solutions such as R3 for duplicate payment removal and Net Promoter Score (NPS) improvement for Information Technology Services Management processes. Together we have optimized field services transformation ...,,,,,,
01Synergyhttps://hackernoon.com/company/01synergy2023-04-21 00:00:00https://www.forbes.com/companies/leshi-internet-information-technology-corp-beijing/Leshi Internet Information & Technology Corp. Beijinghttps://firebasestorage.googleapis.com/v0/b/hackernoon-app.appspot.com/o/images%2Fimageedit_25_7084755369.gif?alt=media&token=ca7527b0-a214-46d4-af72-1062b3df1458Leshi Internet Information & Technology Corp. Beijing provides online video broadcasting services. It offers video programming services through the Internet televisions mobile phones ...,,,,,,
01Synergyhttps://hackernoon.com/company/01synergy2023-08-18 00:00:00https://thediplomat.com/2009/06/technology-and-diplomacy/Technology and Diplomacyhttps://firebasestorage.googleapis.com/v0/b/hackernoon-app.appspot.com/o/images%2Fimageedit_25_7084755369.gif?alt=media&token=ca7527b0-a214-46d4-af72-1062b3df1458NZTE’s director for information technology and services Phil Hayward says the organisation has been using videoconferencing for seven years and deployed its first units in foreign locations ...,,,,,,
01Synergyhttps://hackernoon.com/company/01synergy2023-01-11 05:55:00https://www.thereporteronline.com/2023/01/10/pennycuick-tapped-to-chair-senate-communications-and-technology-committee/Pennycuick tapped to chair Senate Communications and Technology Committeehttps://firebasestorage.googleapis.com/v0/b/hackernoon-app.appspot.com/o/images%2Fimageedit_25_7084755369.gif?alt=media&token=ca7527b0-a214-46d4-af72-1062b3df1458Tracy Pennycuick has been appointed majority chairwoman of the Senate Communications and Technology Committee ... access to high-speed internet services across the entire Commonwealth ...,,,,,,
01Synergyhttps://hackernoon.com/company/01synergy2023-05-30 12:19:00https://www.techzine.eu/blogs/applications/106630/fermyon-ceo-whats-up-with-wasm/Fermyon: What’s Up With Wasm?https://www.bing.com/th?id=OVFT.xL3XMlciFvL3dH_c-kMEoC&pid=NewsWasm is what’s up. In terms of the hot technologies discussed at any of the major enterprise IT shows being staged this year WebAssembly (often written,,,,,,
01Synergyhttps://hackernoon.com/company/01synergy2023-05-30 10:17:00https://technews.tmcnet.com/news/2023/05/30/9822412.htmMachine Discovery's AI-Powered Solution Selected to Support Consortium on Fusion Energy Researchhttps://firebasestorage.googleapis.com/v0/b/hackernoon-app.appspot.com/o/images%2Fimageedit_25_7084755369.gif?alt=media&token=ca7527b0-a214-46d4-af72-1062b3df1458OXFORD United Kingdom and SANTA CLARA Calif.  /PRNewswire/ -- Machine Discovery''s AI-powered Discovery Platform delivers acceleration for compute-intensive optimization and prediction tasks and will be deployed by world-leading teams to support research aimed at the realization of commercial fusion power plants.,,,,,,
01Synergyhttps://hackernoon.com/company/01synergy2023-06-23 07:45:00https://siliconcanals.com/news/kpn-acquires-youfones-dutch-operations/Rotterdam’s telecommunications firm KPN acquires Youfone’s Dutch operations for €200Mhttps://www.bing.com/th?id=OVFT.E6U1ZRwJudr-inoBAL31hy&pid=NewsAccording to KPN its position in the mobile and internet sectors is strengthened by this acquisition particularly in the faster-growing no-frills categories.,,,,,,
01Synergyhttps://hackernoon.com/company/01synergy2023-06-11 15:36:00https://www.cnet.com/tech/how-we-test-products-and-services/How We Test Products and Serviceshttps://firebasestorage.googleapis.com/v0/b/hackernoon-app.appspot.com/o/images%2Fimageedit_25_7084755369.gif?alt=media&token=ca7527b0-a214-46d4-af72-1062b3df1458For services we subscribe ... These lists are intended to be a one-stop shop for information on categories we cover including links to how we test that category frequently asked questions ...,,,,,,
01Synergyhttps://hackernoon.com/company/01synergy2023-03-25 11:21:00https://www.manilastandard.net/business/corporate/314317023/bank-executive-named-one-of-the-young-global-leaders-class-of-2023.htmlBank executive named one of the Young Global Leaders class of 2023https://www.bing.com/th?id=OVFT.knB0U9U9dHOkZNhrBvutjy&pid=NewsYap invested time and expertise into leading the development of Komo EastWest’s digital banking service and one of the first fully-digital banking services in the country. Introduced in August 2020 Komo helped Filipinos affected by pandemic to ...,,,,,,
01Synergyhttps://hackernoon.com/company/01synergy2023-01-27 13:48:00https://www.engadget.com/google-agrees-to-provide-eu-users-clearer-information-on-shopping-flights-and-more-134313784.htmlGoogle agrees to provide clearer information on its services to EU usershttps://firebasestorage.googleapis.com/v0/b/hackernoon-app.appspot.com/o/images%2Fimageedit_25_7084755369.gif?alt=media&token=ca7527b0-a214-46d4-af72-1062b3df1458Google has agreed to provide clearer information to users browsing Google Store Google Play Store Google Hotels and Google Flights in Europe the EU Commission announced in a press release.,,,,,,
01Synergyhttps://hackernoon.com/company/01synergy2023-06-16 13:00:00https://cloudsecurityalliance.org/blog/2023/06/16/csa-s-enterprise-architecture-technology-solution-services-tss/CSA’s Enterprise Architecture: Technology Solution Services (TSS)https://firebasestorage.googleapis.com/v0/b/hackernoon-app.appspot.com/o/images%2Fimageedit_25_7084755369.gif?alt=media&token=ca7527b0-a214-46d4-af72-1062b3df1458The four technology solution domains are Presentation Services Application Services Information Services and Infrastructure Services: Presentation is the website you see when you go to an online bank the voice on the phone when you call the airline ...,,,,,,
01Synergyhttps://hackernoon.com/company/01synergy2023-05-30 06:16:00https://www.benzinga.com/pressreleases/23/05/n32618288/aseteks-liquid-cooling-technology-powers-teamgroups-highest-performing-cpu-cooler-to-dateAsetek's Liquid Cooling Technology Powers TEAMGROUP's Highest Performing CPU Cooler To Datehttps://firebasestorage.googleapis.com/v0/b/hackernoon-app.appspot.com/o/images%2Fimageedit_25_7084755369.gif?alt=media&token=ca7527b0-a214-46d4-af72-1062b3df1458T-FORCE SIREN GA360 AIO from TEAMGROUP Provides Extreme CPU Overclocking Capability and Virtually Silent Operation AALBORG Denmark May 30 2023 /PRNewswire/ -- Asetek innovator of gaming hardware f,,,,,,
01Synergyhttps://hackernoon.com/company/01synergy2022-12-28 03:07:00https://leadership.ng/behold-a-national-centre-to-share-data-and-services-for-nigerias-digital-economy/Behold A National Centre To Share Data And Services For Nigeria’s Digital Economyhttps://firebasestorage.googleapis.com/v0/b/hackernoon-app.appspot.com/o/images%2Fimageedit_25_7084755369.gif?alt=media&token=ca7527b0-a214-46d4-af72-1062b3df1458He said the NSSC will provide services that are “swift secure and seamless’’. He added that the information communication and technology sector (ICT) had accelerated the diversification ...,,,,,,
01Synergyhttps://hackernoon.com/company/01synergy2023-03-10 00:00:00https://www.buffalo.edu/administrative-services/information-for-suppliers.htmlInformation for Suppliershttps://firebasestorage.googleapis.com/v0/b/hackernoon-app.appspot.com/o/images%2Fimageedit_25_7084755369.gif?alt=media&token=ca7527b0-a214-46d4-af72-1062b3df1458or service that use covered telecommunications equipment or services as a substantial or essential component of any system or as critical technology as part of any system. Additional information may be found at FAR Clause 52.204-25. Exhibit X Exhibit X is ...,,,,,,
01Synergyhttps://hackernoon.com/company/01synergy2023-09-08 19:01:00https://apnews.com/article/faa-airplanes-close-calls-technology-49435f599a50c9cbc687c591e2a42939The Biden administration wants more money and technology to prevent close calls between planeshttps://firebasestorage.googleapis.com/v0/b/hackernoon-app.appspot.com/o/images%2Fimageedit_25_7084755369.gif?alt=media&token=ca7527b0-a214-46d4-af72-1062b3df1458The Federal Aviation Administration is considering requiring that all planes be equipped with technology designed to prevent close ... Providers such as Honeywell augment those systems with more information during taxi takeoffs and landings to reduce ...,,,,,,
01Synergyhttps://hackernoon.com/company/01synergy2022-12-31 18:50:00https://www.cnet.com/tech/cnets-editors-choice-awards-the-best-products-and-services-for-2023/CNET's Editors' Choice Awards: The Best Products and Services for 2023https://firebasestorage.googleapis.com/v0/b/hackernoon-app.appspot.com/o/images%2Fimageedit_25_7084755369.gif?alt=media&token=ca7527b0-a214-46d4-af72-1062b3df1458For more than two decades CNET editors have poked prodded tested retested intentionally dropped and even stayed up all night to assess the new products and services that promise to change the ...,,,,,,
01Synergyhttps://hackernoon.com/company/01synergy2023-06-26 12:58:00https://technews.tmcnet.com/news/2023/06/26/9838771.htmSmart Eye Signs Breakthrough Deal for AIS Driver Monitoring System for Fleets with Lindehttps://firebasestorage.googleapis.com/v0/b/hackernoon-app.appspot.com/o/images%2Fimageedit_25_7084755369.gif?alt=media&token=ca7527b0-a214-46d4-af72-1062b3df1458Smart Eye the leading developer of Driver Monitoring System (DMS) technology to the automotive industry today announced it has signed a breakthrough contract for its AIS product - a complete hardware and software DMS for aftermarket installation in vehicle fleets.,,,,,,
01Synergyhttps://hackernoon.com/company/01synergy2023-06-10 13:56:00https://www.technologyreview.com/2023/06/01/1073858/surreal-ai-generative-video-changing-film/Welcome to the new surreal. How AI-generated video is changing film.https://firebasestorage.googleapis.com/v0/b/hackernoon-app.appspot.com/o/images%2Fimageedit_25_7084755369.gif?alt=media&token=ca7527b0-a214-46d4-af72-1062b3df1458You can watch the film below in an exclusive reveal from MIT Technology Review. To make The Frost Waymark took a script written by Josh Rubin an executive producer at the company who directed ...,,,,,,
01Synergyhttps://hackernoon.com/company/01synergy2023-03-18 10:13:00https://www.usnews.com/360-reviews/technology/streaming-services/best-live-tv-streaming-servicesBest Live TV Streaming Services of 2023https://firebasestorage.googleapis.com/v0/b/hackernoon-app.appspot.com/o/images%2Fimageedit_25_7084755369.gif?alt=media&token=ca7527b0-a214-46d4-af72-1062b3df1458YouTube TV also earns the No. 1 spot in our Best Sports Streaming Services of 2023 rating. YouTube TV’s base plan costs $64.99 per month and offers more than 85 channels including sports ...,,,,,,
01Synergyhttps://hackernoon.com/company/01synergy2023-01-27 08:00:00https://kcbeacon.org/stories/2023/01/27/missouri-social-services-technology/Long waits for service and frustrated staffers how archaic technology hurts Missouri governmenthttps://firebasestorage.googleapis.com/v0/b/hackernoon-app.appspot.com/o/images%2Fimageedit_25_7084755369.gif?alt=media&token=ca7527b0-a214-46d4-af72-1062b3df1458For years Missouri residents have watched the minutes even hours tick away as they waited on the telephone to apply for Medicaid food stamps or other social services ... the information they had collected on paper forms. She said improving the ...,,,,,,
10Cloudshttps://hackernoon.com/company/10clouds2023-05-24 10:27:00https://www.wsj.com/articles/tech-media-telecom-roundup-market-talk-b85512e1Tech Media & Telecom Roundup: Market Talkhttps://www.bing.com/th?id=OVFT.rbXG_xV5yBqdlc07g3-yrS&pid=NewsPLDT KCTech and more featured in the latest Market Talks covering Technology Media and Telecom.,,,,,,
01Synergyhttps://hackernoon.com/company/01synergy2023-01-26 21:01:00https://www.rochesterfirst.com/why-roc/why-roc-it-insights-expands-in-rochester-providing-outsourced-technology-services/WHY ROC: ‘IT Insights’ expands in Rochester providing outsourced technology serviceshttps://firebasestorage.googleapis.com/v0/b/hackernoon-app.appspot.com/o/images%2Fimageedit_25_7084755369.gif?alt=media&token=ca7527b0-a214-46d4-af72-1062b3df1458IT Insights will come in and provide the same services an in-house IT team would ... instead of trying to respond to those disasters” Bierasinski said. For more information on the Greater Rochester Enterprise click here and for more information ...,,,,,,
01Synergyhttps://hackernoon.com/company/01synergy2023-02-16 04:37:00https://www.governmentnews.com.au/type_contributors/unlocking-the-potential-of-government-services-through-technology/Unlocking the potential of government services through technologyhttps://firebasestorage.googleapis.com/v0/b/hackernoon-app.appspot.com/o/images%2Fimageedit_25_7084755369.gif?alt=media&token=ca7527b0-a214-46d4-af72-1062b3df1458Demands for services are only increasing and many are embracing digital technology to scale services ... The system allows both consumers and clinicians to access real-time information to help understand what matters to patients and support shared ...,,,,,,
01Synergyhttps://hackernoon.com/company/01synergy2023-05-09 01:12:00https://www.benzinga.com/pressreleases/23/05/n32278839/pc-solutions-net-completes-soc2-auditPC.Solutions.Net Completes SOC2 Audithttps://firebasestorage.googleapis.com/v0/b/hackernoon-app.appspot.com/o/images%2Fimageedit_25_7084755369.gif?alt=media&token=ca7527b0-a214-46d4-af72-1062b3df1458PC.Solutions.Net (PCSN) a leading Managed Security Services Provider (MSSP) announces its completion of a SOC 2 audit. This audit demonstrates the company''s commitment to,,,,,,
"01Synergyhttps://hackernoon.com/company/01synergy2023-04-21 05:06:00https://www.marketwatch.com/press-release/2023-2030-information-technology-outsourcing-ipo-market-size-report-of-126-pages-2023-04-202023-2030 '""Information Technology Outsourcing (IPO) Market'"" Size Report of 126 Pageshttps://firebasestorage.googleapis.com/v0/b/hackernoon-app.appspot.com/o/images%2Fimageedit_25_7084755369.gif?alt=media&token=ca7527b0-a214-46d4-af72-1062b3df1458Information Technology Outsourcing (IPO) Market Innovation: Collaborating with other companies can lead to the development of new products services or technologies that can help to drive growth ...",,,,,,
01Synergyhttps://hackernoon.com/company/01synergy2023-08-31 14:22:00https://www.tmcnet.com/usubmit/-systra-integrates-three-atkins-entities-sweden-denmark-norway-/2023/08/31/9873206.htmSYSTRA integrates three Atkins entities in Sweden Denmark and Norway and strengthens its presence in Scandinaviahttps://www.bing.com/th?id=OVFT.sdPB_-bX9H0yV-Fc2_xiVS&pid=News- SYSTRA has finalised the acquisition of the Swedish Danish and Norwegian entities of Atkins SNC-Lavalin Group following the agreement reached on 7 July - With these 770 new employees SYSTRA becomes a leading Scandinavian player in the field of transport infrastructure engineering and consultancy,,,,,,
01Synergyhttps://hackernoon.com/company/01synergy2023-08-16 22:58:00https://www.wboc.com/news/governor-moore-announces-major-action-to-modernize-maryland-department-of-information-technology-services-and-operations/article_2e315e58-3c86-11ee-9c6b-93737235c00c.htmlGovernor Moore Announces Major Action to Modernize Maryland Department of Information Technology Services and Operationshttps://firebasestorage.googleapis.com/v0/b/hackernoon-app.appspot.com/o/images%2Fimageedit_25_7084755369.gif?alt=media&token=ca7527b0-a214-46d4-af72-1062b3df1458Governor Wes Moore on Wednesday announced a series of actions to rebuild state government and modernize operations within the Maryland Department of Information ... Technology. To improve core ...,,,,,,
01Synergyhttps://hackernoon.com/company/01synergy2023-07-07 00:00:00https://www.livemint.com/market/market-stats/stocks-lt-technology-services-share-price-nse-bse-s0003242L&T Technology Serviceshttps://firebasestorage.googleapis.com/v0/b/hackernoon-app.appspot.com/o/images%2Fimageedit_25_7084755369.gif?alt=media&token=ca7527b0-a214-46d4-af72-1062b3df1458L&T Technology Services Limited is an India-based engineering research and development services company. The Company provides services and solutions in the areas of product software mechanical ...,,,,,,
01Synergyhttps://hackernoon.com/company/01synergy2023-03-15 18:36:00https://communicateonline.me/category/industry-insights/post-details/scale-synergy--sustainability-the-3s-that-tech-driven-businesses-should-prioritize-todayScale Synergy & Sustainability: The 3S that Tech-Driven Businesses Should Prioritize Todayhttps://www.bing.com/th?id=OVFT.N1on7ObXJGMD7nfVllUKAy&pid=NewsConcurrently buoyed by post-COVID economic activities pent-up demand and retail and travel spending tech-driven businesses shifted gears and pivoted to a different growth trajectory. At this juncture,,,,,,
01Synergyhttps://hackernoon.com/company/01synergy2023-10-04 00:45:00https://au.lifestyle.yahoo.com/fidelity-national-information-services-fis-221518423.htmlFidelity National Information Services (FIS) Stock Moves -0.9%: What You Should Knowhttps://firebasestorage.googleapis.com/v0/b/hackernoon-app.appspot.com/o/images%2Fimageedit_25_7084755369.gif?alt=media&token=ca7527b0-a214-46d4-af72-1062b3df1458Fidelity National Information Services (FIS) closed at $53.75 in the latest trading session marking a -0.9% move from the prior day. This change was narrower than the S&P 500''s daily loss of 1.37%. Meanwhile the Dow lost 1.29% and the Nasdaq ...,,,,,,
10Cloudshttps://hackernoon.com/company/10clouds2023-02-24 18:06:00https://www.cbsnews.com/miami/latest/cbs-essentials/tech/200/CBS Essentials: Techhttps://www.bing.com/th?id=OVFT.S8cc2q75lqrgajtzVYzDIy&pid=NewsCBS Essentials is created independently of the CBS News staff. We may receive commissions from some links to products on this page. Promotions are subject to availability and retailer terms.,,,,,,
01Synergyhttps://hackernoon.com/company/01synergy2023-07-03 11:23:00https://www.tmcnet.com/usubmit/2023/07/03/9842678.htmFASTER MORE COST-EFFECTIVE APP DEVELOPMENT WITH SERVICENOWhttps://firebasestorage.googleapis.com/v0/b/hackernoon-app.appspot.com/o/images%2Fimageedit_25_7084755369.gif?alt=media&token=ca7527b0-a214-46d4-af72-1062b3df1458ServiceNow''s Creator Workflows low code App Engine allows companies to build apps and workflows quicker smarter and much more cost effectively. ServiceNow has been featured in the July issue of Technology Magazine.,,,,,,
01Synergyhttps://hackernoon.com/company/01synergy2023-06-02 08:45:00https://www.bizjournals.com/phoenix/inno/stories/news/2023/06/02/gatzbys-leverages-ai-for-social-connections.htmlScottsdale hospitality company leverages AI to help people make social connectionshttps://www.bing.com/th?id=OVFT.G9wbY0zxQFXsqqNolHN2Si&pid=NewsGatzby''s technology works with AI to forge social connections at the company''s events by matching attendees on a personal professional platonic or even a romantic level based on interests and preferences.,,,,,,
01Synergyhttps://hackernoon.com/company/01synergy2023-09-01 10:00:00https://www.bizjournals.com/milwaukee/news/2023/09/01/wisconsin-inno-under-25-2023.htmlWisconsin Inno Under 25: The 2023 tech leaders to watchhttps://www.bing.com/th?id=OVFT.bvzdzLxS_ikRkLXTWutiji&pid=NewsFrom an influencer who leveraged the power of social media to build her brand and launch her interior design company to a 15-year-old who started a business and entrepreneurial incubator that targets teens and students the 2023 Wisconsin Inno Under 25 class includes seven impressive technologists and innovators from across the state.,,,,,,
01Synergyhttps://hackernoon.com/company/01synergy2023-08-17 12:57:00https://www.msn.com/en-us/news/technology/osi-systems-secures-14m-contract-for-security-inspection-technology-and-services/ar-AA1foEq5OSI Systems secures $14M contract for security inspection technology and serviceshttps://firebasestorage.googleapis.com/v0/b/hackernoon-app.appspot.com/o/images%2Fimageedit_25_7084755369.gif?alt=media&token=ca7527b0-a214-46d4-af72-1062b3df1458Now read: TORM GAAP EPS of $2.14 revenue of $384.3M,,,,,,
01Synergyhttps://hackernoon.com/company/01synergy2023-07-07 16:09:00https://www.linkedin.com/pulse/talent-acquisition-staffing-technology-servicesTalent Acquisition and Staffing Technology and Services Market Growth | 2030https://firebasestorage.googleapis.com/v0/b/hackernoon-app.appspot.com/o/images%2Fimageedit_25_7084755369.gif?alt=media&token=ca7527b0-a214-46d4-af72-1062b3df1458Moreover Consumer behavior analysis and market dynamics (drivers restraints opportunities) provides crucial information for knowing the Talent Acquisition and Staffing Technology and Services ...,,,,,,
01Synergyhttps://hackernoon.com/company/01synergy2023-06-28 13:16:00https://technews.tmcnet.com/news/2023/06/28/9840878.htmApplied Information Integrates IoT Connectivity with Alpha Technologies UPS to Provide Reliable Power to Traffic Control Industryhttps://firebasestorage.googleapis.com/v0/b/hackernoon-app.appspot.com/o/images%2Fimageedit_25_7084755369.gif?alt=media&token=ca7527b0-a214-46d4-af72-1062b3df1458Applied Information Inc. the leading provider of intelligent transportation infrastructure technology announced today the ability ... a comprehensive range of installation and maintenance services software solutions and consulting services to support ...,,,,,,
01Synergyhttps://hackernoon.com/company/01synergy2023-06-02 21:14:00https://www.dcvelocity.com/articles/57636-autoscheduler-joins-the-sap-io-foundry-new-york-supply-chain-management-programAutoScheduler Joins the SAP.iO Foundry New York Supply Chain Management Programhttps://www.bing.com/th?id=OVFT.k5mv8Km-bgisCDxo4Ld5qS&pid=NewsAutoScheduler.AI an innovative Warehouse Management System (WMS) accelerator announces the company is a member of the SAP.iO Foundry New York startup program focused on supply chain management from SAP SE (NYSE: SAP).,,,,,,
01Synergyhttps://hackernoon.com/company/01synergy2023-04-23 22:31:00https://www.nasdaq.com/articles/fidelity-national-information-services-fis-declares-$0.52-dividendFidelity National Information Services (FIS) Declares $0.52 Dividendhttps://firebasestorage.googleapis.com/v0/b/hackernoon-app.appspot.com/o/images%2Fimageedit_25_7084755369.gif?alt=media&token=ca7527b0-a214-46d4-af72-1062b3df1458Fidelity National Information Services said on April 20 ... FIS is a leading provider of technology solutions for merchants banks and capital markets firms globally. Its employees are dedicated ...,,,,,,
01Synergyhttps://hackernoon.com/company/01synergy2023-08-31 21:42:00https://www.tmcnet.com/usubmit/-synergy-healthcare-services-addresses-data-privacy-incident-/2023/08/31/9873539.htmSynergy Healthcare Services Addresses Data Privacy Incidenthttps://firebasestorage.googleapis.com/v0/b/hackernoon-app.appspot.com/o/images%2Fimageedit_25_7084755369.gif?alt=media&token=ca7527b0-a214-46d4-af72-1062b3df1458Synergy Healthcare Services identified suspicious activity on its network and engaged third-party experts to investigate. On December 15 2022 the company determined that an unauthorized third-party accessed a portion of its computer network containing a number of files,,,,,,
01Synergyhttps://hackernoon.com/company/01synergy2023-06-28 10:45:00https://thehackernews.com/2023/06/5-things-cisos-need-to-know-about.html5 Things CISOs Need to Know About Securing OT Environmentshttps://firebasestorage.googleapis.com/v0/b/hackernoon-app.appspot.com/o/images%2Fimageedit_25_7084755369.gif?alt=media&token=ca7527b0-a214-46d4-af72-1062b3df1458Traditional focus on IT security has left operational technology (OT) vulnerable. New report reveals organizations turning to CISOs for OT security.,,,,,,
"01Synergyhttps://hackernoon.com/company/01synergy2023-06-13 23:16:00https://www.reuters.com/technology/amazon-says-multiple-cloud-services-down-users-2023-06-13/Amazon cloud services back up after big outage hits thousands of usershttps://firebasestorage.googleapis.com/v0/b/hackernoon-app.appspot.com/o/images%2Fimageedit_25_7084755369.gif?alt=media&token=ca7527b0-a214-46d4-af72-1062b3df1458According to research in the past year from the cloud company Datadog more than half of organizations operating in the cloud use Lambda or rival services known as '""serverless'"" technology.",,,,,,
01Synergyhttps://hackernoon.com/company/01synergy2023-06-28 05:45:00https://www.techrepublic.com/article/syxsense-novel-unified-endpoint-management-strategy/Syxsense Unveils Novel Unified Endpoint Management Strategyhttps://www.bing.com/th?id=OVFT.rpAmRTrgJyvjVQ6I495Q6y&pid=NewsSyxsense now offers more IT and endpoint management functions including mobile device management automation remediation and zero trust.,,,,,,
01Synergyhttps://hackernoon.com/company/01synergy2023-01-17 23:15:00https://www.forbesindia.com/blog/technology/future-of-sustainable-manufacturing-is-technology-driven/Future of sustainable manufacturing is technology drivenhttps://firebasestorage.googleapis.com/v0/b/hackernoon-app.appspot.com/o/images%2Fimageedit_25_7084755369.gif?alt=media&token=ca7527b0-a214-46d4-af72-1062b3df1458On the face of it an interconnected factory is where information technology is ... The author is CEO and MD of Siemens Technology and Services Pvt. Ltd. The thoughts and opinions shared here ...,,,,,,
01Synergyhttps://hackernoon.com/company/01synergy2023-01-23 19:06:00https://www.bizjournals.com/orlando/inno/stories/awards/2023/01/23/2023-startups-to-watch-chrp-technologies-inc.html2023 Startups to Watch: Orlando company Chrp Technologies is working hard to sustain fast growthhttps://www.bing.com/th?id=OVFT.dCN28IE-R1K20hE7dQCizi&pid=NewsToday we bring you more information about one of the winners Orlando-based Chrp Technologies Inc. Here''s more from founder/CEO Micah Kalisch: What does your company do? Chrp is,,,,,,
10Cloudshttps://hackernoon.com/company/10clouds2023-02-25 12:27:00https://www.fool.com/investing/2023/02/25/2-cheap-tech-stocks-to-buy-right-now/2 Cheap Tech Stocks to Buy Right Nowhttps://www.bing.com/th?id=OVFT.NBHqWNakqqMY75F67XACmy&pid=NewsMissed out on the tech rally in early 2023? Don''t worry these still-affordable stocks are here to help you catch up.,,,,,,
01Synergyhttps://hackernoon.com/company/01synergy2023-08-16 10:06:00https://www.england.nhs.uk/publication/supporting-clinical-decisions-with-health-information-technology/Supporting clinical decisions with health information technologyhttps://firebasestorage.googleapis.com/v0/b/hackernoon-app.appspot.com/o/images%2Fimageedit_25_7084755369.gif?alt=media&token=ca7527b0-a214-46d4-af72-1062b3df1458This guide sets the vision for clinical decision support (CDS) uptake across the NHS in England highlighting its potential to improve the quality of care outcomes and safety. It assimilates salient points from the literature and shares best practices to ...,,,,,,
01Synergyhttps://hackernoon.com/company/01synergy2023-08-17 12:33:00https://finance.yahoo.com/news/verint-general-dynamics-information-technology-123000377.htmlVerint General Dynamics Information Technology and Stanley Black and Decker Outdoor Recognized Among 2023 ICMI Global Contact Center Award Finalistshttps://firebasestorage.googleapis.com/v0/b/hackernoon-app.appspot.com/o/images%2Fimageedit_25_7084755369.gif?alt=media&token=ca7527b0-a214-46d4-af72-1062b3df1458The nominee finalists are as follows: General Dynamics Information Technology a distinguished global technology and professional services company delivering value and solutions across 30 ...,,,,,,
01Synergyhttps://hackernoon.com/company/01synergy2023-07-08 06:02:00https://www.waketech.edu/programs-courses/credit/credit-programs/human-services-technology/degrees-programs/a4538cHuman Services Technology: Mental Health AAShttps://firebasestorage.googleapis.com/v0/b/hackernoon-app.appspot.com/o/images%2Fimageedit_25_7084755369.gif?alt=media&token=ca7527b0-a214-46d4-af72-1062b3df1458The Human Services Technology/Mental Health concentration prepares students for job opportunities in the mental health field. The curriculum enables students to understand culturally and emotionally handicapped developmentally disabled or addicted clients ...,,,,,,
01Synergyhttps://hackernoon.com/company/01synergy2023-03-21 10:00:00https://www.govconwire.com/2023/03/atl-partners-launches-space-sensor-provider-lightridge-solutions/ATL Partners Launches Space Sensor Provider LightRidge Solutionshttps://firebasestorage.googleapis.com/v0/b/hackernoon-app.appspot.com/o/images%2Fimageedit_25_7084755369.gif?alt=media&token=ca7527b0-a214-46d4-af72-1062b3df1458Private equity firm ATL Partners has established LightRidge Solutions a new portfolio company focused on designing building and producing small space and airborne sensors and payloads designed to meet national security requirements.,,,,,,
01Synergyhttps://hackernoon.com/company/01synergy2023-03-13 00:46:00https://www.unesco.org/en/unesco-access-information-policyUNESCO Access to Information Policyhttps://firebasestorage.googleapis.com/v0/b/hackernoon-app.appspot.com/o/images%2Fimageedit_25_7084755369.gif?alt=media&token=ca7527b0-a214-46d4-af72-1062b3df1458However the effective functioning of the Organization confidentiality concerns and the need to protect its staff stakeholders and partners require that some information cannot be disclosed. This Policy is consistent with the provisions in UNESCO''s ...,,,,,,
01Synergyhttps://hackernoon.com/company/01synergy2023-02-03 23:16:00https://www.forbesindia.com/blog/technology/future-of-sustainable-manufacturing-is-technology-driven/Future of sustainable manufacturing is technology drivenhttps://firebasestorage.googleapis.com/v0/b/hackernoon-app.appspot.com/o/images%2Fimageedit_25_7084755369.gif?alt=media&token=ca7527b0-a214-46d4-af72-1062b3df1458On the face of it an interconnected factory is where information technology is ... The author is CEO and MD of Siemens Technology and Services Pvt. Ltd. The thoughts and opinions shared here ...,,,,,,
01Synergyhttps://hackernoon.com/company/01synergy2023-02-02 18:29:00https://www.computerweekly.com/feature/Is-composable-business-the-most-essential-technology-trend-to-meet-the-challenges-of-2023-and-beyondIs composable business most essential technology trend to meet challenges of 2023 and beyond?https://firebasestorage.googleapis.com/v0/b/hackernoon-app.appspot.com/o/images%2Fimageedit_25_7084755369.gif?alt=media&token=ca7527b0-a214-46d4-af72-1062b3df1458The company’s multiple products were then centralised in a single Akeneo product information ... services company harnesses ML for several use cases and aims to deploy the technology at scale ...,,,,,,
01Synergyhttps://hackernoon.com/company/01synergy2023-03-15 04:26:00https://www.digitimes.com/news/a20230314PD220/chips+components-memory-chips-sk-hynix-ssd.htmlSK Hynix reportedly to exert control over Solidigmhttps://firebasestorage.googleapis.com/v0/b/hackernoon-app.appspot.com/o/images%2Fimageedit_25_7084755369.gif?alt=media&token=ca7527b0-a214-46d4-af72-1062b3df1458Industry speculation has begun to circulate in South Korea that SK Hynix is seeking greater control over Solidigm including product and technology planning ... Some subscribers prefer to save their log-in information so they do not have to enter their ...,,,,,,
01Synergyhttps://hackernoon.com/company/01synergy2022-12-20 11:53:00https://www.kentuckytoday.com/news/business/microvast-opens-new-technology-and-testing-center-in-colorado/article_0c611d35-f3b1-5422-b15d-830c675ffd33.htmlMicrovast Opens New Technology and Testing Center in Coloradohttps://firebasestorage.googleapis.com/v0/b/hackernoon-app.appspot.com/o/images%2Fimageedit_25_7084755369.gif?alt=media&token=ca7527b0-a214-46d4-af72-1062b3df1458Microvast Holdings Inc. (NASDAQ: MVST) a technology innovator that designs ... “I enjoyed meeting your team at the ribbon cutting and appreciated the tour and information on your work. Thank you for having us and best wishes as you ramp up with ...,,,,,,
01Synergyhttps://hackernoon.com/company/01synergy2022-12-20 02:02:00https://www.dewalist.com/services/business-offices/other-business-office-services/building-information-modeling-services-usa-new-york-mills-194140.htmlBuilding Information Modeling Services - USA New York Millshttps://firebasestorage.googleapis.com/v0/b/hackernoon-app.appspot.com/o/images%2Fimageedit_25_7084755369.gif?alt=media&token=ca7527b0-a214-46d4-af72-1062b3df1458Since 2008 the business has taken use of its experience and set the standard for providing clients with 100% correct successful and realistic BIM Engineering Company through the process of enabling the most recent technology of AR and VR services ...,,,,,,
01Synergyhttps://hackernoon.com/company/01synergy2023-03-21 11:58:00https://www.lanereport.com/163683/2023/03/synergy-home-llc-acquires-sorg-heating-and-cooling-llc/Synergy Home LLC acquires Sorg Heating and Cooling LLChttps://www.bing.com/th?id=OVFT._rca9O77_6icp3NHMdQCly&pid=NewsJamie Clark the owner of Synergy Home LLC of Lexington is pleased to announce the acquisition of Sorg Heating and Cooling LLC in Frankfort. Synergy Home is excited to extend its top-notch customer service in heating and cooling to the Frankfort area.,,,,,,
01Synergyhttps://hackernoon.com/company/01synergy2023-03-13 00:46:00https://www.unesco.org/en/unesco-access-information-policyUNESCO Access to Information Policyhttps://firebasestorage.googleapis.com/v0/b/hackernoon-app.appspot.com/o/images%2Fimageedit_25_7084755369.gif?alt=media&token=ca7527b0-a214-46d4-af72-1062b3df1458However the effective functioning of the Organization confidentiality concerns and the need to protect its staff stakeholders and partners require that some information cannot be disclosed. This Policy is consistent with the provisions in UNESCO''s ...,,,,,,
01Synergyhttps://hackernoon.com/company/01synergy2023-03-18 10:13:00https://www.usnews.com/360-reviews/technology/streaming-services/best-live-tv-streaming-servicesBest Live TV Streaming Services of 2023https://firebasestorage.googleapis.com/v0/b/hackernoon-app.appspot.com/o/images%2Fimageedit_25_7084755369.gif?alt=media&token=ca7527b0-a214-46d4-af72-1062b3df1458YouTube TV also earns the No. 1 spot in our Best Sports Streaming Services of 2023 rating. YouTube TV’s base plan costs $64.99 per month and offers more than 85 channels including sports ...,,,,,,
01Synergyhttps://hackernoon.com/company/01synergy2023-03-18 10:13:00https://www.usnews.com/360-reviews/technology/streaming-services/best-live-tv-streaming-servicesBest Live TV Streaming Services of 2023https://firebasestorage.googleapis.com/v0/b/hackernoon-app.appspot.com/o/images%2Fimageedit_25_7084755369.gif?alt=media&token=ca7527b0-a214-46d4-af72-1062b3df1458YouTube TV also earns the No. 1 spot in our Best Sports Streaming Services of 2023 rating. YouTube TV’s base plan costs $64.99 per month and offers more than 85 channels including sports ...,,,,,,
"01Synergyhttps://hackernoon.com/company/01synergy2023-03-14 22:00:00https://www.valdostadailytimes.com/ap/business/independent-living-systems-provides-notice-of-data-event/article_a704419f-8211-508b-8849-d78f6541002b.htmlIndependent Living Systems Provides Notice of Data Eventhttps://firebasestorage.googleapis.com/v0/b/hackernoon-app.appspot.com/o/images%2Fimageedit_25_7084755369.gif?alt=media&token=ca7527b0-a214-46d4-af72-1062b3df1458Independent Living Systems LLC ('""ILS'"") which is a business associate to its covered entity subsidiaries Florida Community Care LLC and HPMP of Florida Inc.",,,,,,
01Synergyhttps://hackernoon.com/company/01synergy2023-03-04 06:43:00https://www.nhs.uk/nhs-services/gps/using-online-services/Using online serviceshttps://firebasestorage.googleapis.com/v0/b/hackernoon-app.appspot.com/o/images%2Fimageedit_25_7084755369.gif?alt=media&token=ca7527b0-a214-46d4-af72-1062b3df1458book check or cancel appointments with a GP or nurse order repeat prescriptions see parts of your health record including information about medicines vaccinations and test results see communications between your GP surgery and other services ...,,,,,,
01Synergyhttps://hackernoon.com/company/01synergy2023-03-15 16:23:00https://it.tmcnet.com/news/2023/03/15/9777476.htmEnhance Your Gaming Experience with Syntech''s Newest Official Launch the 6-in-1 Multifunctional Docking Stationhttps://firebasestorage.googleapis.com/v0/b/hackernoon-app.appspot.com/o/images%2Fimageedit_25_7084755369.gif?alt=media&token=ca7527b0-a214-46d4-af72-1062b3df1458Syntech global digital accessories industry leader has announced the release of its latest recent product——the 6-in-1 Multifunctional Docking Station. This docking station is compatible with the portable gaming device Valve Steam Deck and is aimed to enhance the overall gaming experience.,,,,,,
01Synergyhttps://hackernoon.com/company/01synergy2022-12-27 11:38:00https://pressgazette.co.uk/platforms/technology-and-services-for-publishers-recommended-companies/Technology and services for publishers: Directory of recommended companieshttps://firebasestorage.googleapis.com/v0/b/hackernoon-app.appspot.com/o/images%2Fimageedit_25_7084755369.gif?alt=media&token=ca7527b0-a214-46d4-af72-1062b3df1458Welcome to Press Gazette’s directory of recommended companies providing services to the news publishing industry. Contact Richard Jamieson to enquire about working with Press Gazette as a ...,,,,,,
01Synergyhttps://hackernoon.com/company/01synergy2023-01-03 10:59:00https://www.galvnews.com/news_ap/business/bristol-myers-squibb-completes-sale-of-manufacturing-facility-in-syracuse-new-york/article_d02a0416-83f2-58e2-846a-6de12b3055ad.html?block_id=531919Bristol Myers Squibb Completes Sale of Manufacturing Facility in Syracuse New Yorkhttps://firebasestorage.googleapis.com/v0/b/hackernoon-app.appspot.com/o/images%2Fimageedit_25_7084755369.gif?alt=media&token=ca7527b0-a214-46d4-af72-1062b3df1458Bristol Myers Squibb (NYSE: BMY) has completed the previously announced sale of its manufacturing facility in Syracuse New York to LOTTE BIOLOGICS.,,,,,,
01Synergyhttps://hackernoon.com/company/01synergy2023-03-21 11:14:00https://www.mansionglobal.com/articles/intelligent-alerts-smart-smoke-and-carbon-monoxide-alarms-for-your-home-1c559e85Intelligent Alerts: Smart Smoke and Carbon Monoxide Alarms for Your Homehttps://www.bing.com/th?id=OVFT.D9hzkqYHBJYfbMorNNfUmS&pid=NewsThere are a lot of unnecessary alerts our smart devices send us day to day—but when it comes to smoke and carbon monoxide detectors the more information the better. Fortunately intelligent smoke and CO alarms come with an array of instructive (and convenient) features.,,,,,,
01Synergyhttps://hackernoon.com/company/01synergy2023-10-06 13:22:00https://www.uh.edu/education/student-services/technology-services/Technology Services (CITE)https://firebasestorage.googleapis.com/v0/b/hackernoon-app.appspot.com/o/images%2Fimageedit_25_7084755369.gif?alt=media&token=ca7527b0-a214-46d4-af72-1062b3df1458The Center for Information Technology in Education (CITE) was established in 1989 at the University of Houston College of Education. It supports college employees and students with their technological needs. Learn more about CITE services by visiting our ...,,,,,,
01Synergyhttps://hackernoon.com/company/01synergy2023-10-09 11:36:00https://www.ou.edu/admissions/academics/business/management-information-systemsManagement Information Systemshttps://firebasestorage.googleapis.com/v0/b/hackernoon-app.appspot.com/o/images%2Fimageedit_25_7084755369.gif?alt=media&token=ca7527b0-a214-46d4-af72-1062b3df1458Management Information Systems (MIS) is the application of information technology to meet organizational and managerial requirements that can result in business value. Hence MIS students are trained to use computer technology to help businesses get the ...,,,,,,
01Synergyhttps://hackernoon.com/company/01synergy2023-10-03 19:38:00https://www.afcea.org/signal-media/washington-headquarters-services-contracts-technology-solutionsWashington Headquarters Services Contracts Technology Solutionshttps://firebasestorage.googleapis.com/v0/b/hackernoon-app.appspot.com/o/images%2Fimageedit_25_7084755369.gif?alt=media&token=ca7527b0-a214-46d4-af72-1062b3df1458This is a Department of Defense research and development contract for specified areas of study that characterizes capability gaps develops technology solutions and ... Washington Headquarters Services Arlington Virginia is the contracting activity.,,,,,,
01Synergyhttps://hackernoon.com/company/01synergy2023-03-05 00:01:00https://www.itcilo.org/courses/master-technology-and-public-policyMaster in Technology and Public Policyhttps://firebasestorage.googleapis.com/v0/b/hackernoon-app.appspot.com/o/images%2Fimageedit_25_7084755369.gif?alt=media&token=ca7527b0-a214-46d4-af72-1062b3df1458The Master is intended for participants with the following profiles: officials working in public administration and international organizations in the fields of economic technological industrial and social policy; experts in the public affairs ...,,,,,,
01Synergyhttps://hackernoon.com/company/01synergy2023-03-18 10:13:00https://www.usnews.com/360-reviews/technology/streaming-services/best-live-tv-streaming-servicesBest Live TV Streaming Services of 2023https://firebasestorage.googleapis.com/v0/b/hackernoon-app.appspot.com/o/images%2Fimageedit_25_7084755369.gif?alt=media&token=ca7527b0-a214-46d4-af72-1062b3df1458YouTube TV also earns the No. 1 spot in our Best Sports Streaming Services of 2023 rating. YouTube TV’s base plan costs $64.99 per month and offers more than 85 channels including sports ...,,,,,,
01Synergyhttps://hackernoon.com/company/01synergy2023-05-16 02:18:00https://finance.yahoo.com/news/information-technology-global-market-report-132400336.htmlInformation Technology Global Market Report 2023https://firebasestorage.googleapis.com/v0/b/hackernoon-app.appspot.com/o/images%2Fimageedit_25_7084755369.gif?alt=media&token=ca7527b0-a214-46d4-af72-1062b3df1458The information technology (IT) market consists of revenues earned by entities by providing IT services such as computer networking broadcasting systems design services and information ...,,,,,,
01Synergyhttps://hackernoon.com/company/01synergy2023-01-24 15:56:00https://www.iotevolutionworld.com/iot/articles/454712-lorawan-iotlogiq-industry-40-senzarys-finger-the-pulse.htmLoRaWAN IoTLogIQ and Industry 4.0: Senzary''s Finger on the Pulse of Industrial IoThttps://www.bing.com/th?id=OVFT.ZWKoPN7NdDqvw5T1myNgwC&pid=NewsAhead of IoT Evolution Expo 2023 in Fort Lauderdale Florida we spoke with Eric Schummer the founder and CEO of Senzary LLC.,,,,,,
01Synergyhttps://hackernoon.com/company/01synergy2023-06-15 20:21:00https://www.federalregister.gov/documents/2023/06/16/2023-12925/securing-the-information-and-communications-technology-and-services-supply-chain-connected-softwareSecuring the Information and Communications Technology and Services Supply Chain; Connected Software Applicationshttps://firebasestorage.googleapis.com/v0/b/hackernoon-app.appspot.com/o/images%2Fimageedit_25_7084755369.gif?alt=media&token=ca7527b0-a214-46d4-af72-1062b3df1458For complete information about and access to our official publications and services go to About the Federal Register on NARA''s archives.gov. The OFR/GPO partnership is committed to presenting accurate and reliable regulatory information on ...,,,,,,
01Synergyhttps://hackernoon.com/company/01synergy2023-06-13 15:03:00https://www.pharmiweb.com/press-release/2023-06-13/dragos-launches-ot-cyber-industry-s-only-global-partner-program-to-span-technology-services-threatDragos Launches OT Cyber Industry’s Only Global Partner Program to Span Technology Services Threat Intelligence and Traininghttps://firebasestorage.googleapis.com/v0/b/hackernoon-app.appspot.com/o/images%2Fimageedit_25_7084755369.gif?alt=media&token=ca7527b0-a214-46d4-af72-1062b3df1458The Dragos Partner Program enables channel partners to offer their customers the full range of ICS/OT cybersecurity technology and services to increase revenue ... features and events listings. The information provided on PharmiWeb.com is designed to ...,,,,,,
01Synergyhttps://hackernoon.com/company/01synergy2023-02-18 11:56:00https://www.linkedin.com/pulse/5g-technology-emergency-services-market-valuation-peaking-hussain5G Technology in Emergency Services Market Valuation Multiples Peaking All time High | Huawei Nokia Ericssonhttps://firebasestorage.googleapis.com/v0/b/hackernoon-app.appspot.com/o/images%2Fimageedit_25_7084755369.gif?alt=media&token=ca7527b0-a214-46d4-af72-1062b3df1458The report provides information on market trends and development growth drivers technologies and the changing investment structure of the Global 5G Technology in Emergency Services Market.,,,,,,
01Synergyhttps://hackernoon.com/company/01synergy2023-03-16 20:58:00https://it.tmcnet.com/news/2023/03/16/9778458.htmClaroty Announces Vulnerability Response Integrations with ServiceNow Service Graph Connectorhttps://firebasestorage.googleapis.com/v0/b/hackernoon-app.appspot.com/o/images%2Fimageedit_25_7084755369.gif?alt=media&token=ca7527b0-a214-46d4-af72-1062b3df1458Claroty the cyber-physical systems protection company today announced it has further expanded its footprint within the ServiceNow ecosystem by releasing a new set of native integrations leveraging the Service Graph Connector (SGC) and Vulnerability Response (VR) infrastructure.,,,,,,
01Synergyhttps://hackernoon.com/company/01synergy2023-09-08 20:50:00https://www.railway-technology.com/news/db-obb-expand-cross-border-services/DB and ÖBB expand cross-border serviceshttps://firebasestorage.googleapis.com/v0/b/hackernoon-app.appspot.com/o/images%2Fimageedit_25_7084755369.gif?alt=media&token=ca7527b0-a214-46d4-af72-1062b3df1458DB and OBB plan to enhance cross-border services including expanding their night service ... The document includes detailed information on the manufacturers and suppliers and their products along with contact details to inform your purchasing decision.,,,,,,
"01Synergyhttps://hackernoon.com/company/01synergy2023-04-03 17:49:00https://www.tmcnet.com/usubmit/-servicenow-store-apps-market-reach-949-bn-globally-/2023/04/03/9787899.htmServiceNow Store Apps Market to Reach $94.9 Bn Globally by 2031 at 32.5% CAGR: Allied Market Researchhttps://www.bing.com/th?id=OVFT.UmHxl88r5Wiooeh4A3QyKC&pid=NewsAllied Market Research published a report titled '"" ServiceNow Store Apps Market by Type (Cloud-Based Web-Based) by Enterprises Size (Large Enterprises Small and Medium Enterprises (SMEs)): Global Opportunity Analysis and Industry Forecast",,,,,,
01Synergy,https://hackernoon.com/company/01synergy,2023-09-20 18:39:00,https://www.destinationcrm.com/ReportsandResearch/13045-The-promise-(and-pitfalls)-of-self-service-automation-in-customer-service.htm,The promise (and pitfalls) of self-service automation in customer service,https://firebasestorage.googleapis.com/v0/b/hackernoon-app.appspot.com/o/images%2Fimageedit_25_7084755369.gif?alt=media&token=ca7527b0-a214-46d4-af72-1062b3df1458,As companies look to self-service automation in hopes of both reducing cost and enhancing customer service their customers are faced with a growing number of opportunities to interact with virtual agents and chatbots.
01Synergy,https://hackernoon.com/company/01synergy,2023-09-05 18:31:00,https://campustechnology.com/articles/2023/08/31/transact-campus-partnership-lands-talkiatry-services-on-campus-transact-apps.aspx,Transact Campus Partnership Lands Talkiatry Services on Campus Transact Apps,https://firebasestorage.googleapis.com/v0/b/hackernoon-app.appspot.com/o/images%2Fimageedit_25_7084755369.gif?alt=media&token=ca7527b0-a214-46d4-af72-1062b3df1458,The partnership will “provide students with access to quality psychiatric services and offers an accessible and affordable mental health support system” Talkiatry said. Transact said it will provide partner institutions with a “full suite of ...
01Synergy,https://hackernoon.com/company/01synergy,2023-08-09 00:00:00,https://www.medpagetoday.com/practicemanagement/informationtechnology,Information Technology,https://firebasestorage.googleapis.com/v0/b/hackernoon-app.appspot.com/o/images%2Fimageedit_25_7084755369.gif?alt=media&token=ca7527b0-a214-46d4-af72-1062b3df1458,Visit us on Facebook. Opens in a new tab or window Visit us on Twitter. Opens in a new tab or window Visit us on Instagram. Opens in a new tab or window Visit us on LinkedIn. Opens in a new tab or ...
01Synergy,https://hackernoon.com/company/01synergy,2023-03-07 02:51:00,https://finance.yahoo.com/news/global-bioremediation-technology-services-market-023000444.html,Global Bioremediation Technology and Services Market Report 2022-2028: Demand in Mining Petroleum Farming & Nuclear Power Fuels Growth,https://firebasestorage.googleapis.com/v0/b/hackernoon-app.appspot.com/o/images%2Fimageedit_25_7084755369.gif?alt=media&token=ca7527b0-a214-46d4-af72-1062b3df1458,"DUBLIN March 6 2023 /PRNewswire/ -- The '""Global Bioremediation Technology and Services Market 2022-2028'"" report has been added to ResearchAndMarkets.com''s offering. MARKET OUTLOOK A report by ..."
01Synergy,https://hackernoon.com/company/01synergy,2023-02-16 20:08:00,https://www.insidermonkey.com/blog/should-you-sell-fidelity-national-information-services-fis-now-1121090/,Should You Sell Fidelity National Information Services (FIS) Now?,https://firebasestorage.googleapis.com/v0/b/hackernoon-app.appspot.com/o/images%2Fimageedit_25_7084755369.gif?alt=media&token=ca7527b0-a214-46d4-af72-1062b3df1458,Headquartered in Jacksonville Florida Fidelity National Information Services Inc. (NYSE:FIS) is a financial technology solutions provider. On February 15 2023 Fidelity National Information ...
01Synergy,https://hackernoon.com/company/01synergy,2023-04-03 23:47:00,https://www.boisestate.edu/cobe-itscm/doug-twitchell/,Doug Twitchell Ph.D.,https://firebasestorage.googleapis.com/v0/b/hackernoon-app.appspot.com/o/images%2Fimageedit_25_7084755369.gif?alt=media&token=ca7527b0-a214-46d4-af72-1062b3df1458,Doug Twitchell has been researching and teaching in information security for 15 years. He has been an active researcher in behavioral information security having published 42 peer-reviewed journal and conference articles on topics such as deception ...
01Synergy,https://hackernoon.com/company/01synergy,2023-01-20 10:30:00,https://www.forbes.com/sites/forbestechcouncil/2023/01/20/four-steps-to-self-service-data-governance-success/,Four Steps To Self-Service Data Governance Success,https://firebasestorage.googleapis.com/v0/b/hackernoon-app.appspot.com/o/images%2Fimageedit_25_7084755369.gif?alt=media&token=ca7527b0-a214-46d4-af72-1062b3df1458&auto=format&fit=max&w=3840,Since then many industries have grown self-service models—often focused on enabling nontechnical users including information technology and data analytics. The popularity of s
01Synergy,https://hackernoon.com/company/01synergy,2023-02-10 17:32:00,https://dallasinnovates.com/primoris-services-appoints-new-chief-information-officer/,Primoris Services Appoints New Chief Information Officer,https://firebasestorage.googleapis.com/v0/b/hackernoon-app.appspot.com/o/images%2Fimageedit_25_7084755369.gif?alt=media&token=ca7527b0-a214-46d4-af72-1062b3df1458,Haxton joined Primoris in 2019 as senior vice president of information technology to lead its digital strategy of data analytics business intelligence system development cybersecurity and technical services. Primoris Services Corp. is a specialty ...
01Synergy,https://hackernoon.com/company/01synergy,2023-05-18 04:45:00,https://markets.businessinsider.com/news/stocks/new-buy-rating-for-servicenow-now-the-technology-giant-1032336506,New Buy Rating for ServiceNow (NOW) the Technology Giant,https://firebasestorage.googleapis.com/v0/b/hackernoon-app.appspot.com/o/images%2Fimageedit_25_7084755369.gif?alt=media&token=ca7527b0-a214-46d4-af72-1062b3df1458,JMP Securities analyst Patrick Walravens maintained a Buy rating on ServiceNow (NOW – Research Report) today and set a price target of
01Synergy,https://hackernoon.com/company/01synergy,2023-04-20 15:54:00,https://technews.tmcnet.com/news/2023/04/20/9798960.htm,Ge Jun: TOJOY Association for Science and Technology Is an Innovative Uniter of Enterprise Science and Tech,https://firebasestorage.googleapis.com/v0/b/hackernoon-app.appspot.com/o/images%2Fimageedit_25_7084755369.gif?alt=media&token=ca7527b0-a214-46d4-af72-1062b3df1458,On April 7 th The TOJOY Science and Technology Association celebrated its first anniversary in Beijing. The association is comprised of scientific and tech workers within Chinese business accelerator TOJOY and the Beijing Association for Science and Technology's membership.
01Synergy,https://hackernoon.com/company/01synergy,2023-07-01 19:15:00,https://marketingsentinel.com/2023/07/01/how-much-is-sysco-corporation-nyse-syy-worth-and-how-can-it-be-managed/,How Much Is Sysco Corporation (NYSE: SYY) Worth And How Can It Be Managed,https://firebasestorage.googleapis.com/v0/b/hackernoon-app.appspot.com/o/images%2Fimageedit_25_7084755369.gif?alt=media&token=ca7527b0-a214-46d4-af72-1062b3df1458,Sysco Corporation (NYSE:SYY)’s traded shares stood at 2.52 million during the last session with the company’s beta value hitting 1.10. At the close of trading the stock’s price was $74.20 to imply an increase of 1.
01Synergy,https://hackernoon.com/company/01synergy,2023-06-16 19:11:00,https://www.nasdaq.com/articles/friday-sector-laggards:-services-technology-communications-0,Friday Sector Laggards: Services Technology & Communications,https://firebasestorage.googleapis.com/v0/b/hackernoon-app.appspot.com/o/images%2Fimageedit_25_7084755369.gif?alt=media&token=ca7527b0-a214-46d4-af72-1062b3df1458,Looking at the sectors faring worst as of midday Friday shares of Services companies are underperforming ... The next worst performing sector is the Technology & Communications sector showing ...
01Synergy,https://hackernoon.com/company/01synergy,2023-06-16 13:00:00,https://cloudsecurityalliance.org/blog/2023/06/16/csa-s-enterprise-architecture-technology-solution-services-tss/,CSA’s Enterprise Architecture: Technology Solution Services (TSS),https://firebasestorage.googleapis.com/v0/b/hackernoon-app.appspot.com/o/images%2Fimageedit_25_7084755369.gif?alt=media&token=ca7527b0-a214-46d4-af72-1062b3df1458,The four technology solution domains are Presentation Services Application Services Information Services and Infrastructure Services: Presentation is the website you see when you go to an online bank the voice on the phone when you call the airline ...
01Synergy,https://hackernoon.com/company/01synergy,2023-06-14 12:25:00,https://www.udel.edu/udaily/2023/june/science-research-technology/,Life science synergy,https://firebasestorage.googleapis.com/v0/b/hackernoon-app.appspot.com/o/images%2Fimageedit_25_7084755369.gif?alt=media&token=ca7527b0-a214-46d4-af72-1062b3df1458,For more than 20 years the Delaware Technology Park (DTP) in Newark has been one of the state’s main economic drivers bringing jobs in research and development and helping to educate and train future innovators through synergy and partnerships with the ...
01Synergy,https://hackernoon.com/company/01synergy,2023-04-25 17:27:00,https://executivegov.com/2023/04/robin-carnahan-gsa-committed-providing-efficient-government-technology-service/,GSA Committed to Providing Efficient Government Technology Services Says Robin Carnahan,https://firebasestorage.googleapis.com/v0/b/hackernoon-app.appspot.com/o/images%2Fimageedit_25_7084755369.gif?alt=media&token=ca7527b0-a214-46d4-af72-1062b3df1458,Robin Carnahan administrator of the General Services ... sensitive information” Carnahan wrote in a commentary FedScoop published Monday. According to the official GSA’s Technology ...
01Synergy,https://hackernoon.com/company/01synergy,2023-05-04 15:11:00,https://www.businesswire.com/news/home/20230504005138/en/,New Investments Fuel NYMBUS'' Expansion Pioneering the Future of Financial Services and Technology,https://firebasestorage.googleapis.com/v0/b/hackernoon-app.appspot.com/o/images%2Fimageedit_25_7084755369.gif?alt=media&token=ca7527b0-a214-46d4-af72-1062b3df1458,--(BUSINESS WIRE)--NYMBUS® a premier provider of cutting-edge financial technology ... services technology that revolutionizes and innovates how people engage with their money. For more ...
01Synergy,https://hackernoon.com/company/01synergy,2023-05-05 13:18:00,https://www.gov.uk/government/publications/ssac-foi-releases-2023/to-provide-information-about-cloud-services-and-infrastructure-ssac-foi-response,To provide information about Cloud services and infrastructure: SSAC FOI response,https://firebasestorage.googleapis.com/v0/b/hackernoon-app.appspot.com/o/images%2Fimageedit_25_7084755369.gif?alt=media&token=ca7527b0-a214-46d4-af72-1062b3df1458,We’d like to set additional cookies to understand how you use GOV.UK remember your settings and improve government services. We also use cookies set by other sites to help us deliver content ...
01Synergy,https://hackernoon.com/company/01synergy,2023-04-21 13:07:00,https://channelvisionmag.com/syxsense-evotek-partner-to-make-endpoint-security-management-easier/,Syxsense EVOTEK Partner to Make Endpoint Security Management Easier,https://firebasestorage.googleapis.com/v0/b/hackernoon-app.appspot.com/o/images%2Fimageedit_25_7084755369.gif?alt=media&token=ca7527b0-a214-46d4-af72-1062b3df1458&auto=format&fit=max&w=3840,Syxsense EVOTEK Partner to Make Endpoint Security Management Easier Channel Management ChannelVision Magazine
01Synergy,https://hackernoon.com/company/01synergy,2023-04-07 00:00:00,https://www.albawaba.com/business/pr/oman-ministry-transport-communication-and-information-technology-omantel-and-huawei,Oman Ministry of Transport Communication and Information Technology Omantel and Huawei host Oman Huawei ICT Academies conference,https://firebasestorage.googleapis.com/v0/b/hackernoon-app.appspot.com/o/images%2Fimageedit_25_7084755369.gif?alt=media&token=ca7527b0-a214-46d4-af72-1062b3df1458,The event was hosted in partnership with the Oman Ministry of Transport Communication and Information Technology and Omantel ... and cloud services – we are committed to bringing digital ...
01Synergy,https://hackernoon.com/company/01synergy,2023-04-04 13:15:00,https://www.msn.com/en-gb/money/technology/get-23-off-the-garmin-inreach-mini-satellite-communicator-at-amazon-today/ar-AA19stJ2,Get 23% off the Garmin InReach Mini satellite communicator at Amazon today,https://firebasestorage.googleapis.com/v0/b/hackernoon-app.appspot.com/o/images%2Fimageedit_25_7084755369.gif?alt=media&token=ca7527b0-a214-46d4-af72-1062b3df1458&auto=format&fit=max&w=3840,You''ll be put through to Garmin''s emergency response center which coordinates with emergency and rescue services around the world to get you the help you need. If you''re not in the US scroll down to the bottom of this page for the best Garmin InReach ...
01Synergy,https://hackernoon.com/company/01synergy,2023-10-03 06:53:00,https://www.tmcnet.com/usubmit/2023/10/03/9891162.htm,Environmental Gas Sensor Technology Finds Opportunities in the Smart-Building and Automotive Markets Reports IDTechEx,https://firebasestorage.googleapis.com/v0/b/hackernoon-app.appspot.com/o/images%2Fimageedit_25_7084755369.gif?alt=media&token=ca7527b0-a214-46d4-af72-1062b3df1458&auto=format&fit=max&w=3840,Widely distributed gas sensor networks will enable automated ventilation of schools and homes monitor urban air quality change government policies control traffic and more. The era of gas sensor data as technical information only accessible to scientists is ending being overtaken by sensors that are easy to use low power and affordable.
01Synergy,https://hackernoon.com/company/01synergy,2023-08-26 12:10:00,https://indianexpress.com/article/technology/tech-news-technology/what-is-digital-services-act-eu-8910781/,What is EU’s new Digital Services Act and how will it impact non-EU regions?,https://firebasestorage.googleapis.com/v0/b/hackernoon-app.appspot.com/o/images%2Fimageedit_25_7084755369.gif?alt=media&token=ca7527b0-a214-46d4-af72-1062b3df1458,or selling illegal goods or services online.” Additionally the EU says that “some very large players have emerged as quasi-public spaces for information sharing and online trade.” These platforms “pose particular risks for users’ rights ...
01Synergy,https://hackernoon.com/company/01synergy,2023-02-14 15:42:00,https://www.nasdaq.com/articles/3-stocks-to-watch-from-a-promising-technology-services-industry,3 Stocks to Watch From a Promising Technology Services Industry,https://firebasestorage.googleapis.com/v0/b/hackernoon-app.appspot.com/o/images%2Fimageedit_25_7084755369.gif?alt=media&token=ca7527b0-a214-46d4-af72-1062b3df1458,Ongoing digitization increasing dependency on technology and ... entrusted with sensitive information. Therefore the growing need for cyber security solutions and services in critical areas ...
01Synergy,https://hackernoon.com/company/01synergy,2023-10-08 04:06:00,https://www.therepublic.com/2023/10/08/ivy-tech-seymour-partner-on-high-school-career-events/,Ivy Tech Seymour partner on high school career events,https://firebasestorage.googleapis.com/v0/b/hackernoon-app.appspot.com/o/images%2Fimageedit_25_7084755369.gif?alt=media&token=ca7527b0-a214-46d4-af72-1062b3df1458&auto=format&fit=max&w=3840,Ivy Tech Community College - Columbus and Seymour High School have partnered to provide high school seniors with in-depth real-world career preparation experiences to prepare them for their next steps after graduating.
01Synergy,https://hackernoon.com/company/01synergy,2023-09-22 17:33:00,https://archive.org/details/31761119696524,INFORMATION TECHNOLOGY AND URBAN GOVERNANCE - PROCEEDINGS OF A SYMPOSIUM OTTAWA 1976,https://firebasestorage.googleapis.com/v0/b/hackernoon-app.appspot.com/o/images%2Fimageedit_25_7084755369.gif?alt=media&token=ca7527b0-a214-46d4-af72-1062b3df1458,A line drawing of the Internet Archive headquarters building façade. An illustration of a magnifying glass. An illustration of a magnifying glass.
01Synergy,https://hackernoon.com/company/01synergy,2023-04-17 14:53:00,https://appleinsider.com/articles/23/04/17/apple-has-been-racketeering-to-protect-its-stolen-services-technology-inventor-accuses,Apple has been racketeering to protect its stolen services technology inventor accuses,https://firebasestorage.googleapis.com/v0/b/hackernoon-app.appspot.com/o/images%2Fimageedit_25_7084755369.gif?alt=media&token=ca7527b0-a214-46d4-af72-1062b3df1458,Inventor Patrick Racz claims his Smartflash technology is at the heart of the ... implied that — because his firm makes no products or services. However he formed that company specifically ...
01Synergy,https://hackernoon.com/company/01synergy,2023-02-16 12:46:00,https://www.pharmiweb.com/press-release/2023-02-16/viral-clearance-and-viral-testing-services-global-market-report-2023-streamlined-manufacturing-and,Viral Clearance and Viral Testing Services Global…,https://firebasestorage.googleapis.com/v0/b/hackernoon-app.appspot.com/o/images%2Fimageedit_25_7084755369.gif?alt=media&token=ca7527b0-a214-46d4-af72-1062b3df1458,This is followed by service agreements service alliances and technology assessment agreements. Question 5: Which segment is likely to have the largest share in the viral clearance and viral testing services ... The information provided on PharmiWeb.com ...
01Synergy,https://hackernoon.com/company/01synergy,2023-08-17 16:55:00,https://seekingalpha.com/article/4629294-symbotic-stock-ran-too-far,Symbotic Stock Ran Too Far,https://firebasestorage.googleapis.com/v0/b/hackernoon-app.appspot.com/o/images%2Fimageedit_25_7084755369.gif?alt=media&token=ca7527b0-a214-46d4-af72-1062b3df1458&auto=format&fit=max&w=3840,Symbotic aims to revolutionize warehouse operations through automation technology. SYM stock saw significant stock performance and valuation growth. Read more here.
01Synergy,https://hackernoon.com/company/01synergy,2023-05-17 07:25:00,https://technews.tmcnet.com/news/2023/05/17/9815802.htm,Infosys Recognized as Number One Service Provider Across the United Kingdom in the Whitelane Research and PA Consulting IT Sourcing Study 2023,https://firebasestorage.googleapis.com/v0/b/hackernoon-app.appspot.com/o/images%2Fimageedit_25_7084755369.gif?alt=media&token=ca7527b0-a214-46d4-af72-1062b3df1458&auto=format&fit=max&w=3840,Infosys positioned as the leading service provider that can drive transformational change by using innovative technologies and services. Wendy Redshaw Chief Digital Information Officer ... Diana Kennedy Group Chief Technology and Architecture Officer ...
01Synergy,https://hackernoon.com/company/01synergy,2023-02-07 15:33:00,https://www.law.com/newyorklawjournal/2023/02/03/like-anything-else-in-the-law-technology-requires-balancing-risks-and-rewards/,Like Anything Else in the Law Technology Requires Balancing Risks and Rewards,https://firebasestorage.googleapis.com/v0/b/hackernoon-app.appspot.com/o/images%2Fimageedit_25_7084755369.gif?alt=media&token=ca7527b0-a214-46d4-af72-1062b3df1458,Resolving these issues often leads to a slow-down in access to time-sensitive information ... a technology startup that’s radically simplifying arbitration and mediation services Rich has ...
01Synergy,https://hackernoon.com/company/01synergy,2023-02-25 12:30:00,https://www.sent-trib.com/2023/02/24/59-million-information-technology-upgrade-for-bgsu/,$59 million information technology upgrade for BGSU,https://firebasestorage.googleapis.com/v0/b/hackernoon-app.appspot.com/o/images%2Fimageedit_25_7084755369.gif?alt=media&token=ca7527b0-a214-46d4-af72-1062b3df1458,A new $59 million Information Technology Network Infrastructure Master Plan 2.0 was approved by Bowling Green State University trustees on Friday. A $5.75 million upgrade to the Slater Family Ice Arena and $2.5 million renovation of West Offenhauer were ...
01Synergy,https://hackernoon.com/company/01synergy,2023-03-08 15:32:00,https://www.tmcnet.com/usubmit/-lumen-taps-syndio-advance-workplace-equity-transparency-/2023/03/08/9773388.htm,Lumen Taps Syndio to Advance Workplace Equity and Transparency,https://firebasestorage.googleapis.com/v0/b/hackernoon-app.appspot.com/o/images%2Fimageedit_25_7084755369.gif?alt=media&token=ca7527b0-a214-46d4-af72-1062b3df1458,"'""We are committed to rebuilding Lumen starting with our people and prioritizing this partnership with Syndio is a strong example of that commitment'"" said Kate Johnson president"
01Synergy,https://hackernoon.com/company/01synergy,2023-09-27 15:34:00,https://www.tmcnet.com/usubmit/2023/09/27/9888588.htm,Senser Launches with $9.5M to Disrupt Legacy Observability Technology,https://firebasestorage.googleapis.com/v0/b/hackernoon-app.appspot.com/o/images%2Fimageedit_25_7084755369.gif?alt=media&token=ca7527b0-a214-46d4-af72-1062b3df1458,Before launching Senser in 2021 Krayden and Co-Founders Or Sadeh and Yuval Lev honed their skills as tech leaders at DriveNets a leader in cloud-native networking solutions. The company was selected for Intel Ignite''s startup accelerator in 2022.
01Synergy,https://hackernoon.com/company/01synergy,2023-09-13 00:00:00,https://www.ala.org/core/library-technology-services-organization-management-and-assessment,Library Technology Services: Organization Management and Assessment,https://firebasestorage.googleapis.com/v0/b/hackernoon-app.appspot.com/o/images%2Fimageedit_25_7084755369.gif?alt=media&token=ca7527b0-a214-46d4-af72-1062b3df1458,10:00 AM-6:00 PM (Eastern) 9:00 AM-5:00 PM (Central) 8:00 AM-4:00 PM (Mountain) 7:00 AM-3:00 PM (Pacific)
01Synergy,https://hackernoon.com/company/01synergy,2023-05-03 04:45:00,https://techbullion.com/mastering-it-support-in-rock-hill-sc-a-comprehensive-guide/,Mastering IT Support in Rock Hill SC: A Comprehensive Guide,https://firebasestorage.googleapis.com/v0/b/hackernoon-app.appspot.com/o/images%2Fimageedit_25_7084755369.gif?alt=media&token=ca7527b0-a214-46d4-af72-1062b3df1458&auto=format&fit=max&w=3840,In today’s technology-driven world effective IT support is crucial for the success of businesses in Rock Hill SC. With the increasing reliance on technology it is essential to have a reliable IT support provider to manage your technology needs.
01Synergy,https://hackernoon.com/company/01synergy,2022-12-29 13:13:00,https://www.insidermonkey.com/blog/pdf-solutions-inc-nasdaqpdfs-q3-2022-earnings-call-transcript-1100136/,PDF Solutions Inc. (NASDAQ:PDFS) Q3 2022 Earnings Call Transcript,https://firebasestorage.googleapis.com/v0/b/hackernoon-app.appspot.com/o/images%2Fimageedit_25_7084755369.gif?alt=media&token=ca7527b0-a214-46d4-af72-1062b3df1458&auto=format&fit=max&w=3840,Operator: Good day ladies and gentlemen and welcome to the PDF Solutions Incorporated conference call to discuss its financial results for the third quarter ending Wednesday August 31 2022.
01Synergy,https://hackernoon.com/company/01synergy,2023-02-03 22:52:00,https://www.law.com/newyorklawjournal/2023/02/03/keeping-pace-with-dispersed-technology-legal-compliance-and-operational-challenges/,Keeping Pace With Dispersed Technology: Legal Compliance and Operational Challenges,https://firebasestorage.googleapis.com/v0/b/hackernoon-app.appspot.com/o/images%2Fimageedit_25_7084755369.gif?alt=media&token=ca7527b0-a214-46d4-af72-1062b3df1458,Ever-increasing innovation has led to a paradigm shift in the technology services market ... may include a series of policies relating to information management third-party vendors/procurement ...
01Synergy,https://hackernoon.com/company/01synergy,2023-09-01 00:00:00,https://www.sussex.ac.uk/study/masters/courses/management-of-information-technology-msc/2023,Management of Information Technology MSc,https://firebasestorage.googleapis.com/v0/b/hackernoon-app.appspot.com/o/images%2Fimageedit_25_7084755369.gif?alt=media&token=ca7527b0-a214-46d4-af72-1062b3df1458,Learn how to design evaluate and apply information technology systems in a business setting. You’ll take account of human organisational and strategic factors. communicating concepts designs and evaluation within a technical environment. We offer two ...
01Synergy,https://hackernoon.com/company/01synergy,2023-09-19 05:51:00,https://www.benzinga.com/pressreleases/23/09/34707672/broadcast-and-media-technology-and-services-market-how-the-market-will-witness-substantial-growth-i,Broadcast and Media Technology and Services Market | How the Market Will Witness Substantial Growth in the Upcoming years,https://firebasestorage.googleapis.com/v0/b/hackernoon-app.appspot.com/o/images%2Fimageedit_25_7084755369.gif?alt=media&token=ca7527b0-a214-46d4-af72-1062b3df1458,Broadcast and Media Technology and Services Market Share by Company Information Description and Business Overview Revenue and Gross Margin Product Portfolio Developments/Updates Historical ...
01Synergy,https://hackernoon.com/company/01synergy,2023-01-26 05:08:00,https://pressofatlanticcity.com/opinion/columnists/inevitable-blessings-and-curses-of-technology-call-for-balance-by-dave-anderson/article_663cc9dd-546d-53f2-9229-599d9b781a80.html,Inevitable blessings and curses of technology call for balance by Dave Anderson,https://firebasestorage.googleapis.com/v0/b/hackernoon-app.appspot.com/o/images%2Fimageedit_25_7084755369.gif?alt=media&token=ca7527b0-a214-46d4-af72-1062b3df1458,There have been positive and negative implications of this information technology ... have “fact check” services. There could be a monthly scorecard on the “technology balancing acts.”
01Synergy,https://hackernoon.com/company/01synergy,2023-06-08 13:15:00,https://technews.tmcnet.com/news/2023/06/08/9829341.htm,Syntax Launches Two-sided Enterprise SaaS-based Solution to Accelerate Alignment and Adoption in Value-based Care for Healthcare Plans and Providers,https://firebasestorage.googleapis.com/v0/b/hackernoon-app.appspot.com/o/images%2Fimageedit_25_7084755369.gif?alt=media&token=ca7527b0-a214-46d4-af72-1062b3df1458,Syntax Health Inc. an enterprise SaaS-based solution for health plans and providers that accelerates alignment in value-based care (VBC) today announced the launch of its dynamic platform that removes friction in the contracting process using analytics
01Synergy,https://hackernoon.com/company/01synergy,2023-09-04 21:55:00,https://www.devdiscourse.com/article/technology/2581723-faster-inclusive-payment-services-to-deliver-widespread-benefits-das,Faster inclusive payment services to deliver widespread benefits: Das,https://firebasestorage.googleapis.com/v0/b/hackernoon-app.appspot.com/o/images%2Fimageedit_25_7084755369.gif?alt=media&token=ca7527b0-a214-46d4-af72-1062b3df1458,Reserve Bank Governor Shaktikanta Das on Monday said faster transparent and more inclusive payment services will deliver widespread ... The G20 TechSprint was launched in May 2023 with the theme ''technology solutions for cross-border payments'' under ...
01Synergy,https://hackernoon.com/company/01synergy,2023-02-02 16:22:00,https://www.govexec.com/sponsors/2023/01/4-public-sector-technology-trends-watch-2023/382086/,4 Public Sector Technology Trends to Watch in 2023,https://firebasestorage.googleapis.com/v0/b/hackernoon-app.appspot.com/o/images%2Fimageedit_25_7084755369.gif?alt=media&token=ca7527b0-a214-46d4-af72-1062b3df1458,Globally and locally technology continues to change ... that social channels are their primary sources of information related to public services. To keep up with this shift public sector ...
01Synergy,https://hackernoon.com/company/01synergy,2023-02-03 08:01:00,https://www.lawfareblog.com/global-technology-products-us-security-policy-and-spectrums-risk,Global Technology Products U.S. Security Policy and Spectrums of Risk,https://firebasestorage.googleapis.com/v0/b/hackernoon-app.appspot.com/o/images%2Fimageedit_25_7084755369.gif?alt=media&token=ca7527b0-a214-46d4-af72-1062b3df1458,and services from previous bans on Huawei equipment usage to current Commerce Department rulemaking to review information and communications technology transactions for security risks. While the companies products and services of concern do not ...
01Synergy,https://hackernoon.com/company/01synergy,2023-07-14 07:41:00,https://www.travelnewsasia.com/news23/147-AirportsofIndia.shtml,SITA to Upgrade Technology and Services at 43 of India's Biggest Airports,https://firebasestorage.googleapis.com/v0/b/hackernoon-app.appspot.com/o/images%2Fimageedit_25_7084755369.gif?alt=media&token=ca7527b0-a214-46d4-af72-1062b3df1458,Dark/Light Mode (14/07/23) SITA has been awarded a landmark deal from the Airports Authority of India to provide technology to 43 of India’s ... enabling proactive monitoring and control of services. “We’re excited to partner with AAI on this large ...
01Synergy,https://hackernoon.com/company/01synergy,2023-07-13 00:00:00,https://www.enr.com/topics/588-information-technology,Information technology,https://firebasestorage.googleapis.com/v0/b/hackernoon-app.appspot.com/o/images%2Fimageedit_25_7084755369.gif?alt=media&token=ca7527b0-a214-46d4-af72-1062b3df1458,One of the things that Barton Malow’s wholly owned subsidiary LiftBuild sought to learn about its “top-down” construction approach for the Exchange residential project in Detroit was ...
01Synergy,https://hackernoon.com/company/01synergy,2023-06-08 08:34:00,https://it.tmcnet.com/news/2023/06/08/9828881.htm,IDTechEx Outlines Emerging Sensor Types for Embedded Vision,https://firebasestorage.googleapis.com/v0/b/hackernoon-app.appspot.com/o/images%2Fimageedit_25_7084755369.gif?alt=media&token=ca7527b0-a214-46d4-af72-1062b3df1458&auto=format&fit=max&w=3840,Embedded vision brings these computational capabilities to the ''edge''. Rather than images being sent from a sensor to a central processor initial analysis is performed adjacent to the sensor on a dedicated
01Synergy,https://hackernoon.com/company/01synergy,2023-08-24 21:14:00,https://www.reuters.com/technology/big-tech-braces-roll-out-eus-digital-services-act-2023-08-24/,Big Tech braces for EU Digital Services Act regulations,https://firebasestorage.googleapis.com/v0/b/hackernoon-app.appspot.com/o/images%2Fimageedit_25_7084755369.gif?alt=media&token=ca7527b0-a214-46d4-af72-1062b3df1458,LONDON Aug 24 (Reuters) - More than a dozen of the world''s biggest tech companies face unprecedented legal scrutiny as the European Union''s sweeping Digital Services Act (DSA) imposes new rules ...
01Synergy,https://hackernoon.com/company/01synergy,2023-02-02 19:11:00,https://www.tvtechnology.com/equipment/telstra-broadcast-services-taps-grass-valley-for-remote-workflows,Telstra Broadcast Services Taps Grass Valley for Remote Workflows,https://firebasestorage.googleapis.com/v0/b/hackernoon-app.appspot.com/o/images%2Fimageedit_25_7084755369.gif?alt=media&token=ca7527b0-a214-46d4-af72-1062b3df1458,l For more information visit www.grassvalley.com. Carl Petch is CTO for Telstra Broadcast Services and leads the global Broadcast and Media Engineering and Solutions Architecture teams. Petch is internationally recognized as an evangelist and expert on ...
01Synergy,https://hackernoon.com/company/01synergy,2023-02-02 16:31:00,https://www.benzinga.com/pressreleases/23/02/n30691913/crowley-awarded-prime-u-s-contract-position-for-technology-strategic-services,Crowley Awarded Prime U.S. Contract Position for Technology Strategic Services,https://firebasestorage.googleapis.com/v0/b/hackernoon-app.appspot.com/o/images%2Fimageedit_25_7084755369.gif?alt=media&token=ca7527b0-a214-46d4-af72-1062b3df1458,Crowley Solutions is now able to provide government clients with information technology services management consulting and supply chain consulting at the highest level in its history.
01Synergy,https://hackernoon.com/company/01synergy,2023-05-23 19:11:00,https://www.windtech-international.com/company-news/eologix-sensor-technology-and-ping-services-announce-merger,eologix sensor technology and Ping Services announce merger,https://firebasestorage.googleapis.com/v0/b/hackernoon-app.appspot.com/o/images%2Fimageedit_25_7084755369.gif?alt=media&token=ca7527b0-a214-46d4-af72-1062b3df1458,The Austrian based eologix sensor technology ... require this information to understand your needs and provide you with a better service and in particular for the following reasons: We may use the information to improve our products and services.
01Synergy,https://hackernoon.com/company/01synergy,2023-05-06 15:40:00,https://marketingsentinel.com/2023/05/06/synchrony-financial-nyse-syf-could-post-a-25-05-or-more-growth/,Synchrony Financial (NYSE: SYF) Could Post A 25.05% Or More Growth,https://firebasestorage.googleapis.com/v0/b/hackernoon-app.appspot.com/o/images%2Fimageedit_25_7084755369.gif?alt=media&token=ca7527b0-a214-46d4-af72-1062b3df1458,During the last session Synchrony Financial (NYSE:SYF)’s traded shares were 7.01 million with the beta value of the company hitting 1.58. At the end of the trading day the stock’s price was $27.34
01Synergy,https://hackernoon.com/company/01synergy,2022-12-13 09:35:00,https://www.pharmaceutical-technology.com/sponsored/low-code-no-code-platforms-and-saas-the-next-evolution-in-clinical-trial-technology/,Low-code/no-code platforms and SaaS: the next evolution in clinical trial technology,https://firebasestorage.googleapis.com/v0/b/hackernoon-app.appspot.com/o/images%2Fimageedit_25_7084755369.gif?alt=media&token=ca7527b0-a214-46d4-af72-1062b3df1458,Users benefit from a more holistic view and real-time information. This is true for ... in the cloud to help organisations scale their technology as needed. The extraordinary success of Amazon Web Services (AWS) which is used to power many thousands ...
01Synergy,https://hackernoon.com/company/01synergy,2023-01-20 18:53:00,https://www.tradersmagazine.com/am/integral-releases-full-crypto-technology-solution-for-banks-brokers-and-hedge-funds/,Integral releases full Crypto Technology Solution for Banks Brokers and Hedge Funds,https://firebasestorage.googleapis.com/v0/b/hackernoon-app.appspot.com/o/images%2Fimageedit_25_7084755369.gif?alt=media&token=ca7527b0-a214-46d4-af72-1062b3df1458,PALO ALTO California (January 19 2023) – Integral (www.integral.com) a leading currency technology provider to the financial markets announced the launch of Integral Digital a full extension of its award-winning trading and client distribution ...
01Synergy,https://hackernoon.com/company/01synergy,2023-03-28 10:32:00,https://electricenergyonline.com/article/energy/category/general/90/1013056/iowa-state-university-research-park-announces-new-alliant-energy-agriculture-innovation-lab-.html,Iowa State University Research Park announces new Alliant Energy Agriculture Innovation Lab,https://firebasestorage.googleapis.com/v0/b/hackernoon-app.appspot.com/o/images%2Fimageedit_25_7084755369.gif?alt=media&token=ca7527b0-a214-46d4-af72-1062b3df1458,Iowa State University Research Park (ISURP) and Alliant Energy announce a new multi-tenant collaboration space to be built at ISURP this summer.The Alliant Energy Agriculture Innovation Lab will p. .
01Synergy,https://hackernoon.com/company/01synergy,2023-03-09 00:00:00,https://www.uu.nl/en/research/institute-of-information-and-computing-sciences,Institute of Information and Computing Sciences,https://firebasestorage.googleapis.com/v0/b/hackernoon-app.appspot.com/o/images%2Fimageedit_25_7084755369.gif?alt=media&token=ca7527b0-a214-46d4-af72-1062b3df1458,This results in many conveniences but it’s also a constant source of new – and often fundamental – challenges in the field of information and computing sciences. In our constantly changing (digital) society the Utrecht research Institute for ...
10Clouds,https://hackernoon.com/company/10clouds,2023-03-03 22:05:00,https://www.wlky.com/article/louisville-emergency-911-call-center-storms-weather/43186136,Louisville emergency 911 call center experiencing 'high volume' of callers after storms,https://firebasestorage.googleapis.com/v0/b/hackernoon-app.appspot.com/o/images%2Fimageedit_25_7084755369.gif?alt=media&token=ca7527b0-a214-46d4-af72-1062b3df1458&auto=format&fit=max&w=3840,Louisville Metro Emergency Services' 911 call center says it is experiencing a high volume of callers after Friday's storms.
01Synergy,https://hackernoon.com/company/01synergy,2023-07-27 18:43:00,https://www.datanami.com/this-just-in/servicenow-nvidia-and-accenture-partner-to-accelerate-generative-ai-adoption-for-enterprises/,ServiceNow NVIDIA and Accenture Partner to Accelerate Generative AI Adoption for Enterprises,https://firebasestorage.googleapis.com/v0/b/hackernoon-app.appspot.com/o/images%2Fimageedit_25_7084755369.gif?alt=media&token=ca7527b0-a214-46d4-af72-1062b3df1458&auto=format&fit=max&w=3840,ServiceNow NVIDIA and Accenture today announced the launch of AI Lighthouse a first-of-its-kind program designed
01Synergy,https://hackernoon.com/company/01synergy,2023-09-05 00:00:00,https://www.linkedin.com/pulse/leadership-information-technology-rimon-gerges,Leadership in Information Technology,https://firebasestorage.googleapis.com/v0/b/hackernoon-app.appspot.com/o/images%2Fimageedit_25_7084755369.gif?alt=media&token=ca7527b0-a214-46d4-af72-1062b3df1458,Leadership in Information Technology ... must ensure that IT solutions and services align with customer requirements and expectations. Continuous Learning: Technology is always evolving and ...
01Synergy,https://hackernoon.com/company/01synergy,2022-12-28 03:59:00,https://www.insidermonkey.com/blog/sypris-solutions-inc-nasdaqsypr-q3-2022-earnings-call-transcript-1100546/,Sypris Solutions Inc. (NASDAQ:SYPR) Q3 2022 Earnings Call Transcript,https://firebasestorage.googleapis.com/v0/b/hackernoon-app.appspot.com/o/images%2Fimageedit_25_7084755369.gif?alt=media&token=ca7527b0-a214-46d4-af72-1062b3df1458&auto=format&fit=max&w=3840,Operator: Good day and welcome to the Sypris Solutions Inc. Conference Call. Today’s call is being recorded. At this time for opening remarks I would like to turn the call over to the President and Chief Executive Officer
01Synergy,https://hackernoon.com/company/01synergy,2023-01-25 22:12:00,https://www.yahoo.com/lifestyle/lessen-acquires-sms-assist-signaling-170000775.html,Lessen Acquires SMS Assist Signaling A New Era for Property Technology and Services,https://firebasestorage.googleapis.com/v0/b/hackernoon-app.appspot.com/o/images%2Fimageedit_25_7084755369.gif?alt=media&token=ca7527b0-a214-46d4-af72-1062b3df1458,end-to-end solution for outsourced real estate property services announced today a strategic acquisition of SMS Assist an industry-leading facilities maintenance technology company. By merging ...
01Synergy,https://hackernoon.com/company/01synergy,2023-07-27 12:40:00,https://www.forbes.com/sites/petercohan/2023/07/27/servicenow-stock-drops-after-it-beats-raises-and-adds-ai-services/,ServiceNow Stock Drops After It Beats Raises And Adds AI Services,https://firebasestorage.googleapis.com/v0/b/hackernoon-app.appspot.com/o/images%2Fimageedit_25_7084755369.gif?alt=media&token=ca7527b0-a214-46d4-af72-1062b3df1458&auto=format&fit=max&w=3840,After reporting growth and profitability above expectations and raising guidance for the year on July 26 its stock lost 5% of its value.
01Synergy,https://hackernoon.com/company/01synergy,2023-06-05 14:16:00,https://finance.yahoo.com/news/architectural-engineering-consultants-related-services-084800779.html,Architectural Engineering Consultants And Related Services Global Market Report 2023: 5D Building Information Modelling Presents Opportunities,https://firebasestorage.googleapis.com/v0/b/hackernoon-app.appspot.com/o/images%2Fimageedit_25_7084755369.gif?alt=media&token=ca7527b0-a214-46d4-af72-1062b3df1458,"Dublin May 10 2023 (GLOBE NEWSWIRE) -- The '""Architectural Engineering Consultants And Related Services Global Market ... consultants are using 5D building information modelling (BIM) to create ..."
01Synergyhttps://hackernoon.com/company/01synergy2023-04-15 04:59:00https://www.thetechedvocate.org/what-are-technology-services/What are Technology Services?https://firebasestorage.googleapis.com/v0/b/hackernoon-app.appspot.com/o/images%2Fimageedit_25_7084755369.gif?alt=media&token=ca7527b0-a214-46d4-af72-1062b3df1458Technology services refer to the vast array of services support and solutions that are aimed at enhancing and optimizing the use of information technology in a business or organization. With the advent of advanced technologies businesses across diverse ...,,,,,,
01Synergyhttps://hackernoon.com/company/01synergy2022-12-13 10:16:00https://www.valdostadailytimes.com/ap/business/jonathan-nichols-joins-ventiv-technology-as-global-head-of-customer-success/article_106f0fc7-b6e5-5e01-984b-31a127ffe93d.htmlJonathan Nichols joins Ventiv Technology as Global Head of Customer Successhttps://firebasestorage.googleapis.com/v0/b/hackernoon-app.appspot.com/o/images%2Fimageedit_25_7084755369.gif?alt=media&token=ca7527b0-a214-46d4-af72-1062b3df1458Prior to joining Ventiv Nichols was most recently Chief Operating Officer for an Insurtech software firm Origami Risk where he led a professional services team resulting in strong organic ...,,,,,,
01Synergyhttps://hackernoon.com/company/01synergy2022-12-13 09:48:00https://www.inc.com/brandedcontent/modernizing-digital-health-technology-and-services.htmlModernizing Digital Health Technology and Serviceshttps://firebasestorage.googleapis.com/v0/b/hackernoon-app.appspot.com/o/images%2Fimageedit_25_7084755369.gif?alt=media&token=ca7527b0-a214-46d4-af72-1062b3df1458the digital health technology and services company that developed Addison--an innovative 3D-animated digital caregiver. Clients can choose from eight avatars to customize the display. Addison is ...,,,,,,
01Synergyhttps://hackernoon.com/company/01synergy2023-03-28 05:00:00https://www.adexchanger.com/commerce/symbiosys-pitches-a-new-collaborative-bidding-model-for-retail-search-and-social/Symbiosys Pitches A New Collaborative Bidding Model For Retail Search And Socialhttps://www.bing.com/th?id=OVFT.palsXRo31-jq8LJAphQFYC&pid=NewsRetail media networks have been adding ad tech audience extensions for the open web and CTV. Now new startup Symbiosys wants to take retail ad platforms a step further into,,,,,,
01Synergyhttps://hackernoon.com/company/01synergy2023-07-20 02:44:00https://tribuneonlineng.com/how-mobile-technology-devices-improved-maternal-health-services-in-nigeria-study/How mobile technology devices improved maternal health services in Nigeria —Studyhttps://firebasestorage.googleapis.com/v0/b/hackernoon-app.appspot.com/o/images%2Fimageedit_25_7084755369.gif?alt=media&token=ca7527b0-a214-46d4-af72-1062b3df1458They declared: “The results indicate that the intervention is feasible especially when applied with the active participation of community members and transport services. It can be achieved in ...,,,,,,
10Cloudshttps://hackernoon.com/company/10clouds2023-02-25 12:27:00https://www.fool.com/investing/2023/02/25/2-cheap-tech-stocks-to-buy-right-now/2 Cheap Tech Stocks to Buy Right Nowhttps://www.bing.com/th?id=OVFT.NBHqWNakqqMY75F67XACmy&pid=NewsMissed out on the tech rally in early 2023? Don''t worry these still-affordable stocks are here to help you catch up.,,,,,,
01Synergyhttps://hackernoon.com/company/01synergy2022-12-23 04:12:00https://www.space.com/astrobotic-technologyWho is Astrobotic Technology and what do they do?https://firebasestorage.googleapis.com/v0/b/hackernoon-app.appspot.com/o/images%2Fimageedit_25_7084755369.gif?alt=media&token=ca7527b0-a214-46d4-af72-1062b3df1458with one of the most significant developments being Astrobotic's successful bid for NASA's Commercial Lunar Payload Services to deliver science and technology payloads to the moon resulting in a $ ...,,,,,,
"01Synergyhttps://hackernoon.com/company/01synergy2022-12-22 20:49:00https://www.msn.com/en-us/money/other/how-to-make-your-phone-nearly-impossible-to-track%E2%80%94and-keep-personal-information-safe/ar-AA154EVDHow to Make Your Phone (Nearly) Impossible to Track—and Keep Personal Information Safehttps://firebasestorage.googleapis.com/v0/b/hackernoon-app.appspot.com/o/images%2Fimageedit_25_7084755369.gif?alt=media&token=ca7527b0-a214-46d4-af72-1062b3df1458'""Location technology in cell phones could be helpful when looking for the nearest gas station but it can also enable others to retrieve information ... tracking apps and services that help ...",,,,,,
01Synergy,https://hackernoon.com/company/01synergy,2023-06-13 00:00:00,https://www.colorado.edu/health/newstudents,New Undergraduate and Graduate Student Information,https://firebasestorage.googleapis.com/v0/b/hackernoon-app.appspot.com/o/images%2Fimageedit_25_7084755369.gif?alt=media&token=ca7527b0-a214-46d4-af72-1062b3df1458,If you are receiving medical or mental health treatment please consider scheduling an in-person or over-the-phone ‘meet-and-greet’ consultation with a Health and Wellness Services provider.
01Synergy,https://hackernoon.com/company/01synergy,2023-06-24 01:05:00,https://cen.acs.org/business/Solvay-names-specialties-carve-Syensqo/101/i20,Solvay names its specialties carve out Syensqo,https://firebasestorage.googleapis.com/v0/b/hackernoon-app.appspot.com/o/images%2Fimageedit_25_7084755369.gif?alt=media&token=ca7527b0-a214-46d4-af72-1062b3df1458,Please enter the following information to continue ... With a 160-year legacy the commodity chemical business will be comprised of “mono-technology” product lines including soda ash peroxides and silica. The businesses had pre-tax profits in ...
01Synergy,https://hackernoon.com/company/01synergy,2022-11-30 07:31:00,https://finance.yahoo.com/news/amag-technology-identity-one-announce-135500287.html,AMAG Technology and Identity One Announce GSA FICAM Approval,https://firebasestorage.googleapis.com/v0/b/hackernoon-app.appspot.com/o/images%2Fimageedit_25_7084755369.gif?alt=media&token=ca7527b0-a214-46d4-af72-1062b3df1458,Nov. 29 2022 /PRNewswire/ -- AMAG Technology ... Services Administration''s (GSA) approved product list (APL) making it available to all Federal Agencies for procurement. For more information ...
01Synergy,https://hackernoon.com/company/01synergy,2023-07-11 08:42:00,https://www.lse.co.uk/ShareChat.html?ShareTicker=SYN&thread=275160ED-66C6-4D80-BAF3-6042F5B8594E,Synergia Energy Share Chat,https://firebasestorage.googleapis.com/v0/b/hackernoon-app.appspot.com/o/images%2Fimageedit_25_7084755369.gif?alt=media&token=ca7527b0-a214-46d4-af72-1062b3df1458,The IP address of all posts is recorded to aid in enforcing these conditions. As a user you agree to any information you have entered being stored in a database. You agree that we have the right to remove edit move or close any topic or board at any time ...
01Synergy,https://hackernoon.com/company/01synergy,2023-06-06 11:10:00,https://www.lse.co.uk/ShareChat.html?ShareTicker=SYN&thread=17D3E033-007A-4FC2-94B6-3CDFCE3B8717,Synergia Energy Share Chat,https://firebasestorage.googleapis.com/v0/b/hackernoon-app.appspot.com/o/images%2Fimageedit_25_7084755369.gif?alt=media&token=ca7527b0-a214-46d4-af72-1062b3df1458,The IP address of all posts is recorded to aid in enforcing these conditions. As a user you agree to any information you have entered being stored in a database. You agree that we have the right to remove edit move or close any topic or board at any time ...
01Synergy,https://hackernoon.com/company/01synergy,2023-10-10 14:18:00,https://www.nasdaq.com/articles/4-stocks-from-the-prospering-technology-services-market,4 Stocks From the Prospering Technology Services Market,https://firebasestorage.googleapis.com/v0/b/hackernoon-app.appspot.com/o/images%2Fimageedit_25_7084755369.gif?alt=media&token=ca7527b0-a214-46d4-af72-1062b3df1458,The technology services sector has witnessed ... Thomson Reuters Corp is a global media conglomerate offering trusted information and services to professionals worldwide. Focusing on finance ...
01Synergy,https://hackernoon.com/company/01synergy,2023-09-25 07:23:00,https://www.fmiblog.com/2023/09/25/proximity-sensor-market-analysis-a-6-5-cagr-sets-the-stage-for-a-us-8-80-billion-market-by-2033/,Proximity Sensor Market Analysis: A 6.5% CAGR Sets the Stage for a US$ 8.80 Billion Market by 2033,https://firebasestorage.googleapis.com/v0/b/hackernoon-app.appspot.com/o/images%2Fimageedit_25_7084755369.gif?alt=media&token=ca7527b0-a214-46d4-af72-1062b3df1458&auto=format&fit=max&w=3840,The proximity sensor market is likely to be worth US$ 4.69 billion in 2023. The market is expected to reach US$ 8.80 billion by 2033 at a CAGR of 6.5% during the forecast period. The rising demand for automation across many sectors is a key motivator.
01Synergy,https://hackernoon.com/company/01synergy,2022-12-24 04:49:00,https://www.newjerseyhills.com/the_citizen/news/12th-annual-morris-hills-regional-district-science-and-technology-night-was-a-big-success/article_7de86c74-7a4a-11ed-b8cc-c738ba56ecb9.html,12th annual Morris Hills Regional District 'Science and Technology Night' was a big success,https://firebasestorage.googleapis.com/v0/b/hackernoon-app.appspot.com/o/images%2Fimageedit_25_7084755369.gif?alt=media&token=ca7527b0-a214-46d4-af72-1062b3df1458,ROCKAWAY- Hundreds of participants came to Morris Knolls High School on Dec. 1 to experience 17 different science and technology demonstrations put on and produced by 26 teachers members of the ...
01Synergy,https://hackernoon.com/company/01synergy,2023-09-08 13:54:00,https://fox2now.com/news/missouri/stlcc-groundbreaking-taking-place-today-for-new-financial-services-and-emerging-technology-centers/,STLCC groundbreaking taking place today for new financial services and emerging technology centers,https://firebasestorage.googleapis.com/v0/b/hackernoon-app.appspot.com/o/images%2Fimageedit_25_7084755369.gif?alt=media&token=ca7527b0-a214-46d4-af72-1062b3df1458,ST. LOUIS – St. Louis Community College at Meramec has a groundbreaking ceremony for a new financial services and enrollment center and a center for emerging technology on Friday. Both centers ...
01Synergy,https://hackernoon.com/company/01synergy,2023-01-02 06:03:00,https://www.washingtonpost.com/technology/2022/12/24/elon-musk-twitter-funders/,Here’s who helped Elon Musk buy Twitter,https://firebasestorage.googleapis.com/v0/b/hackernoon-app.appspot.com/o/images%2Fimageedit_25_7084755369.gif?alt=media&token=ca7527b0-a214-46d4-af72-1062b3df1458,They have also said they see Twitter as an opportunity to research and develop crypto-related technology and services ... access to confidential company information. But giving that privilege ...
01Synergy,https://hackernoon.com/company/01synergy,2023-05-29 09:09:00,https://www.lse.co.uk/ShareChat.html?ShareTicker=SYN&thread=542158BC-2831-4043-90DD-911AAD0752A8,Synergia Energy Share Chat,https://firebasestorage.googleapis.com/v0/b/hackernoon-app.appspot.com/o/images%2Fimageedit_25_7084755369.gif?alt=media&token=ca7527b0-a214-46d4-af72-1062b3df1458,The IP address of all posts is recorded to aid in enforcing these conditions. As a user you agree to any information you have entered being stored in a database. You agree that we have the right to remove edit move or close any topic or board at any time ...
01Synergy,https://hackernoon.com/company/01synergy,2023-05-27 09:36:00,https://techbullion.com/spyx-phone-tracker-track-and-monitor-ios-devices-remotely/,Spyx Phone Tracker: Track and Monitor iOS Devices Remotely,https://firebasestorage.googleapis.com/v0/b/hackernoon-app.appspot.com/o/images%2Fimageedit_25_7084755369.gif?alt=media&token=ca7527b0-a214-46d4-af72-1062b3df1458,Whether it’s ensuring the safety of your loved ones or staying informed about your employees’ activities real-time tracking with Spyx provides you with the necessary information when you need it most. Visit the Spyx website and sign up for an account.
01Synergy,https://hackernoon.com/company/01synergy,2023-05-22 06:01:00,https://www.thetechedvocate.org/what-is-information-and-communications-technology-ict/,What is Information and Communications Technology (ICT)?,https://firebasestorage.googleapis.com/v0/b/hackernoon-app.appspot.com/o/images%2Fimageedit_25_7084755369.gif?alt=media&token=ca7527b0-a214-46d4-af72-1062b3df1458,Information and Communications Technology commonly abbreviated as ICT ... ICT has several components including hardware software networks and services. The hardware component refers to physical devices such as computers servers mobile devices ...
01Synergy,https://hackernoon.com/company/01synergy,2023-10-09 11:36:00,https://www.ou.edu/admissions/academics/business/management-information-systems,Management Information Systems,https://firebasestorage.googleapis.com/v0/b/hackernoon-app.appspot.com/o/images%2Fimageedit_25_7084755369.gif?alt=media&token=ca7527b0-a214-46d4-af72-1062b3df1458,Management Information Systems (MIS) is the application of information technology to meet organizational and managerial requirements that can result in business value. Hence MIS students are trained to use computer technology to help businesses get the ...
01Synergy,https://hackernoon.com/company/01synergy,2023-05-11 09:45:00,https://www.insidermonkey.com/blog/12-best-information-technology-services-stocks-to-buy-1145218/,12 Best Information Technology Services Stocks to Buy,https://firebasestorage.googleapis.com/v0/b/hackernoon-app.appspot.com/o/images%2Fimageedit_25_7084755369.gif?alt=media&token=ca7527b0-a214-46d4-af72-1062b3df1458,In this article we will take a look at the 12 best information technology services stocks to buy. To see more such companies go directly to 5 Best Information Technology Services Stocks to Buy.
01Synergy,https://hackernoon.com/company/01synergy,2023-08-28 00:01:00,https://www.wsfa.com/2023/08/28/department-air-force-information-technology-cyberpower-conference-brings-thousands-montgomery/,Department of Air Force Information Technology and Cyberpower Conference brings thousands to Montgomery,https://firebasestorage.googleapis.com/v0/b/hackernoon-app.appspot.com/o/images%2Fimageedit_25_7084755369.gif?alt=media&token=ca7527b0-a214-46d4-af72-1062b3df1458,MONTGOMERY Ala. (WSFA) - Thousands of airmen and cyber leaders from around the world are in Montgomery this week attending the Department of the Air Force Information Technology and Cyberpower ...
01Synergy,https://hackernoon.com/company/01synergy,2023-01-26 17:36:00,https://technews.tmcnet.com/news/2023/01/26/9750163.htm,Runtime Security Holds Software Supply Chain Together a Keynote with Sysdig''s Loris Degioanni,https://firebasestorage.googleapis.com/v0/b/hackernoon-app.appspot.com/o/images%2Fimageedit_25_7084755369.gif?alt=media&token=ca7527b0-a214-46d4-af72-1062b3df1458,Sysdig Inc. the unified cloud and container security leader today announced that Loris Degioanni CTO and Founder of Sysdig will deliver a CloudNativeSecurityCon keynote on the power of runtime security in the software supply chain.
01Synergy,https://hackernoon.com/company/01synergy,2023-10-26 12:03:00,https://www.joplinglobe.com/region/national_business/synergen-health-announces-two-senior-leadership-promotions-in-product-and-client-services/article_ba4a7b06-2c2e-5ba3-b6bd-4eac5bc91ed0.html,SYNERGEN Health Announces Two Senior Leadership Promotions in Product and Client Services,https://firebasestorage.googleapis.com/v0/b/hackernoon-app.appspot.com/o/images%2Fimageedit_25_7084755369.gif?alt=media&token=ca7527b0-a214-46d4-af72-1062b3df1458,SYNERGEN Health Announces Two Senior Leadership Promotions in Product and Client Services
01Synergy,https://hackernoon.com/company/01synergy,2023-10-26 05:51:00,https://www.tmcnet.com/usubmit/2023/10/26/9905679.htm,Sigenergy Sets a New Standard in Energy Storage with SigenStor Debut in Australia,https://firebasestorage.googleapis.com/v0/b/hackernoon-app.appspot.com/o/images%2Fimageedit_25_7084755369.gif?alt=media&token=ca7527b0-a214-46d4-af72-1062b3df1458&auto=format&fit=max&w=3840,SigenStor surpasses industry standards with five layers of protection in each battery pack. This includes advanced temperature sensors an internal fire suppression system a decompression valve aerogel-insulated pads
01Synergy,https://hackernoon.com/company/01synergy,2023-09-08 20:50:00,https://www.railway-technology.com/news/db-obb-expand-cross-border-services/,DB and ÖBB expand cross-border services,https://firebasestorage.googleapis.com/v0/b/hackernoon-app.appspot.com/o/images%2Fimageedit_25_7084755369.gif?alt=media&token=ca7527b0-a214-46d4-af72-1062b3df1458,DB and OBB plan to enhance cross-border services including expanding their night service ... The document includes detailed information on the manufacturers and suppliers and their products along with contact details to inform your purchasing decision.
01Synergy,https://hackernoon.com/company/01synergy,2023-05-25 11:21:00,https://cbonds.com/news/2300246/,Information Services Group: Results Of Operations And Financial Condition Financial Statements And Exhibits,https://firebasestorage.googleapis.com/v0/b/hackernoon-app.appspot.com/o/images%2Fimageedit_25_7084755369.gif?alt=media&token=ca7527b0-a214-46d4-af72-1062b3df1458,— Are you looking for the complete & verified bond data? — We have everything you need: full data on over 700 000 bonds stocks & ETFs; powerful bond screener; over 350 pricing sources among stock exchanges & OTC market; ratings & financial reports ...
01Synergy,https://hackernoon.com/company/01synergy,2023-08-27 08:12:00,https://www.bleepingcomputer.com/tag/information-technology/,Latest Information Technology news,https://firebasestorage.googleapis.com/v0/b/hackernoon-app.appspot.com/o/images%2Fimageedit_25_7084755369.gif?alt=media&token=ca7527b0-a214-46d4-af72-1062b3df1458,SHI International Corp a New Jersey-based provider of Information Technology (IT) products and services has confirmed that its network was hit by a malware attack over the weekend.
01Synergy,https://hackernoon.com/company/01synergy,2023-08-01 16:26:00,https://www.beckershospitalreview.com/digital-health/ochsner-health-uses-iphone-technology-to-remotely-monitor-patients.html,Ochsner Health uses iPhone technology to remotely monitor patients,https://firebasestorage.googleapis.com/v0/b/hackernoon-app.appspot.com/o/images%2Fimageedit_25_7084755369.gif?alt=media&token=ca7527b0-a214-46d4-af72-1062b3df1458,Ochsner Health is using iPhone technology and AI to identify patients at risk for falls and deliver virtual programs to reduce falls. With this combination of r
01Synergy,https://hackernoon.com/company/01synergy,2023-06-13 08:38:00,https://www.cloudcomputing-news.net/news/2023/jun/13/kyndryl-unveils-cybersecurity-incident-response-and-forensics-service/,Kyndryl unveils Cybersecurity Incident Response and Forensics Service,https://firebasestorage.googleapis.com/v0/b/hackernoon-app.appspot.com/o/images%2Fimageedit_25_7084755369.gif?alt=media&token=ca7527b0-a214-46d4-af72-1062b3df1458&auto=format&fit=max&w=3840,Kyndryl have announced two new cyber resiliency services to help businesses proactively prepare for and respond to cyber threats.
01Synergy,https://hackernoon.com/company/01synergy,2023-06-05 19:13:00,https://www.reuters.com/markets/deals/germanys-symrise-makes-544-million-bid-swedencare-2023-06-05/,Germany's Symrise makes $544 million bid for Swedencare,https://firebasestorage.googleapis.com/v0/b/hackernoon-app.appspot.com/o/images%2Fimageedit_25_7084755369.gif?alt=media&token=ca7527b0-a214-46d4-af72-1062b3df1458,June 5 (Reuters) - German flavour and fragrance maker Symrise AG (SY1G.DE) said on Monday it has made a bid approach for Swedencare AB (SECARE.ST) just days after acquiring a nearly 30% stake in the Swedish pet healthcare firm. Symrise said it made a last ...
01Synergy,https://hackernoon.com/company/01synergy,2023-10-11 12:32:00,https://www.itnewsafrica.com/2023/10/diagnostic-radiological-services-inc-unveils-cutting-edge-medical-technology/,Diagnostic Radiological Services Inc Unveils Cutting-Edge Medical Technology,https://firebasestorage.googleapis.com/v0/b/hackernoon-app.appspot.com/o/images%2Fimageedit_25_7084755369.gif?alt=media&token=ca7527b0-a214-46d4-af72-1062b3df1458,The device is a breakthrough in diagnostics offering the potential to identify disease in their earliest stages providing medical practitioners with crucial information that would typically ...
01Synergy,https://hackernoon.com/company/01synergy,2023-08-28 11:25:00,https://www.livemint.com/companies/news/reliance-agm-2023-from-jio-true5g-to-jio-smart-home-services-here-are-key-technology-announcements-11693213347070.html,Reliance AGM 2023: From Jio True5G to Jio Smart Home Services here are key technology announcements,https://firebasestorage.googleapis.com/v0/b/hackernoon-app.appspot.com/o/images%2Fimageedit_25_7084755369.gif?alt=media&token=ca7527b0-a214-46d4-af72-1062b3df1458,As per the company Jio Smart Home Services will redefine how we experience and manage our homes. The technology is anchored by robust and extensive home broadband services. Reliance Jio plans to ...
01Synergy,https://hackernoon.com/company/01synergy,2023-09-11 14:15:00,https://www.benzinga.com/pressreleases/23/09/n34443304/system-integration-services-market-worth-665-6-billion-by-2028-exclusive-report-by-marketsandmarke,System Integration Services Market worth $665.6 billion by 2028 - Exclusive Report by MarketsandMarkets™,https://firebasestorage.googleapis.com/v0/b/hackernoon-app.appspot.com/o/images%2Fimageedit_25_7084755369.gif?alt=media&token=ca7527b0-a214-46d4-af72-1062b3df1458,The ability to adapt to new technologies the complexity of IT ecosystems and the demand for seamless connectivity and data management across numerous platforms all define the
01Synergy,https://hackernoon.com/company/01synergy,2023-02-01 12:00:00,https://www.forbes.com/sites/sethjoseph/2023/02/01/building-bridges-between-data-silos-mayo-clinic-platforms-ambitious-initiative-to-enable-a-learning-healthcare-system/,Building Bridges Between Data Silos: Mayo Clinic Platform’s Ambitious Endeavor To Enable A Learning Healthcare System,https://firebasestorage.googleapis.com/v0/b/hackernoon-app.appspot.com/o/images%2Fimageedit_25_7084755369.gif?alt=media&token=ca7527b0-a214-46d4-af72-1062b3df1458&auto=format&fit=max&w=3840,This was a monumental discovery using only a small set of data with limited resources and no technology assistance. Fast forward to today. At least a third of all data generated globally is healthcare related. With this amount of information available ...
01Synergy,https://hackernoon.com/company/01synergy,2023-09-08 19:01:00,https://apnews.com/article/faa-airplanes-close-calls-technology-49435f599a50c9cbc687c591e2a42939,The Biden administration wants more money and technology to prevent close calls between planes,https://firebasestorage.googleapis.com/v0/b/hackernoon-app.appspot.com/o/images%2Fimageedit_25_7084755369.gif?alt=media&token=ca7527b0-a214-46d4-af72-1062b3df1458,The Federal Aviation Administration is considering requiring that all planes be equipped with technology designed to prevent close ... Providers such as Honeywell augment those systems with more information during taxi takeoffs and landings to reduce ...
01Synergy,https://hackernoon.com/company/01synergy,2023-01-03 10:30:00,https://www.yahoo.com/now/young-announces-upsizing-share-repurchase-103000355.html,So-Young Announces Upsizing of Share Repurchase Program to US$25 million,https://firebasestorage.googleapis.com/v0/b/hackernoon-app.appspot.com/o/images%2Fimageedit_25_7084755369.gif?alt=media&token=ca7527b0-a214-46d4-af72-1062b3df1458,"So-Young International Inc. (Nasdaq: SY) ('""So-Young'"" or the '""Company'"") the largest and most vibrant social community in China for consumers professionals and service providers in the medical aesthetics industry"
01Synergy,https://hackernoon.com/company/01synergy,2023-05-12 17:08:00,https://www.americanbanker.com/news/j-p-morgan-chooses-vestwells-technology-for-small-business-401k-services,JPMorgan chooses Vestwell's tech for small-business 401(k) services,https://firebasestorage.googleapis.com/v0/b/hackernoon-app.appspot.com/o/images%2Fimageedit_25_7084755369.gif?alt=media&token=ca7527b0-a214-46d4-af72-1062b3df1458,"JPMorgan Asset Management will be using Vestwell''s technology to run its Everyday 401(k) program for small businesses the companies announced on Thursday. '""Enhancing our offering by coupling a modern technology platform with an assigned client success ..."
01Synergyhttps://hackernoon.com/company/01synergy2023-01-27 15:22:00https://www.hawaiibusiness.com/industry-outlook-information-technology/Information Technology Outlook feat. Hawaiian Telcomhttps://firebasestorage.googleapis.com/v0/b/hackernoon-app.appspot.com/o/images%2Fimageedit_25_7084755369.gif?alt=media&token=ca7527b0-a214-46d4-af72-1062b3df1458With our expanded range of services and ... our customers’ IT and technology needs so that they can focus on running their businesses. Mahalo to this year's Industry Outlook partners for providing our readers with useful information in their respective ...,,,,,,
01Synergyhttps://hackernoon.com/company/01synergy2023-07-19 12:56:00https://www.cnbctv18.com/market/federal-bank-lt-technology-services-ltts-stocks-to-buy-technical-picks-17262571.htmThis analyst recommends buying Federal Bank and L&T Technology Serviceshttps://firebasestorage.googleapis.com/v0/b/hackernoon-app.appspot.com/o/images%2Fimageedit_25_7084755369.gif?alt=media&token=ca7527b0-a214-46d4-af72-1062b3df1458With an optimistic outlook on the current market landscape Aditya Agarwala of Invest4edu directs investors'' attention towards two standout stocks - Federal Bank in the banking sector and L&T Technology Services (LTTS) in the IT industry. Aditya Agarwala ...,,,,,,
01Synergyhttps://hackernoon.com/company/01synergy2023-04-03 11:24:00https://www.forbes.com/advisor/business/software/best-voip-service/Best VoIP Services (April 2023)https://firebasestorage.googleapis.com/v0/b/hackernoon-app.appspot.com/o/images%2Fimageedit_25_7084755369.gif?alt=media&token=ca7527b0-a214-46d4-af72-1062b3df1458Editorial Note: We earn a commission from partner links on Forbes Advisor. Commissions do not affect our editors' opinions or evaluations. As technology advances and companies adapt to ever ...,,,,,,
01Synergyhttps://hackernoon.com/company/01synergy2023-09-02 09:30:00https://sf.gov/departments/committee-information-technology-coitCommittee on Information Technology (COIT)https://firebasestorage.googleapis.com/v0/b/hackernoon-app.appspot.com/o/images%2Fimageedit_25_7084755369.gif?alt=media&token=ca7527b0-a214-46d4-af72-1062b3df1458After being held remotely due to COVID-19 in-person meetings are resuming as of Friday 4/20/23. All meetings will be held in Room 305 of City Hall (1 Dr. Carlton B Goodlett Pl San Francisco CA 94102). Meetings will continue to be streamed via WebEx to ...,,,,,,
01Synergyhttps://hackernoon.com/company/01synergy2023-01-31 18:00:00https://venturebeat.com/security/saviynt-raises-205m-and-affirms-that-iam-must-be-cloud-friendly/Saviynt raises $205M and affirms that IAM must be cloud-friendlyhttps://www.bing.com/th?id=OVFT.bIedwSB4gGBowEHweFE8lC&pid=NewsSaviynt raises $205 million in funding for its cloud IAM solution highlighting that identity management must be cloud-friendly.,,,,,,
01Synergyhttps://hackernoon.com/company/01synergy2023-08-01 03:01:00https://www.techrepublic.com/article/it-managed-services-to-facilities-management/On Bringing the IT Managed Services Philosophy to Facilities Management and Serviceshttps://www.bing.com/th?id=OVFT.SpLfHIl1gogK4zBvmBt2pS&pid=NewsLearn how IT managed services improve facilities management and elevate service delivery in our interview with Intelli-Systems CEO Joseph Vijay.,,,,,,
01Synergyhttps://hackernoon.com/company/01synergy2023-07-18 19:47:00https://www.devdiscourse.com/article/technology/2527669-bls-e-services-integrates-umang-into-its-digital-platformBLS E-Services integrates UMANG into its digital platformhttps://firebasestorage.googleapis.com/v0/b/hackernoon-app.appspot.com/o/images%2Fimageedit_25_7084755369.gif?alt=media&token=ca7527b0-a214-46d4-af72-1062b3df1458UMANG is a digital platform launched by the Centre that offers a convenient and secure way for citizens to access a range of government services and information. BLS E-Services platform will provide a channel for citizens across India and overseas where ...,,,,,,
01Synergyhttps://hackernoon.com/company/01synergy2023-09-26 13:14:00https://www.bankingdive.com/news/citi-token-services-launch-commercial-blockchain-technology-cross-border-instant-payments/694092/Citi launches token service for institutional clientshttps://firebasestorage.googleapis.com/v0/b/hackernoon-app.appspot.com/o/images%2Fimageedit_25_7084755369.gif?alt=media&token=ca7527b0-a214-46d4-af72-1062b3df1458Citi has launched a token service using blockchain technology to offer digital asset solutions for its institutional clients the lender announced Monday. The new service called Citi Token Services will convert clients’ deposits into digital tokens ...,,,,,,
"01Synergyhttps://hackernoon.com/company/01synergy2023-05-12 22:23:00https://www.benzinga.com/pressreleases/23/05/n32376147/syntec-optics-a-leading-optics-and-photonics-company-to-publicly-list-on-nasdaq-through-business-cSyntec Optics a Leading Optics and Photonics Company to Publicly List on Nasdaq through Business Combination with OmniLit Acquisition Corp.https://firebasestorage.googleapis.com/v0/b/hackernoon-app.appspot.com/o/images%2Fimageedit_25_7084755369.gif?alt=media&token=ca7527b0-a214-46d4-af72-1062b3df1458Syntec Optics Inc. ('""Syntec Optics'"") has entered into a definitive business combination agreement with OmniLit Acquisition Corp. (NASDAQ:OLIT) (or",,,,,,
01Synergyhttps://hackernoon.com/company/01synergy2023-05-01 14:16:00https://www.uh.edu/education/student-services/technology-services/Technology Services (CITE)https://firebasestorage.googleapis.com/v0/b/hackernoon-app.appspot.com/o/images%2Fimageedit_25_7084755369.gif?alt=media&token=ca7527b0-a214-46d4-af72-1062b3df1458The Center for Information Technology in Education (CITE) was established in 1989 at the University of Houston College of Education. It supports college employees and students with their technological needs. Learn more about CITE services by visiting our ...,,,,,,
01Synergyhttps://hackernoon.com/company/01synergy2023-07-18 19:10:00https://money.rediff.com/companies/news/landt-technology-services-ltd/540115-1689676502000L&T Technology Services Ltd - Announcement under Regulation 30 (LODR)-Press Release / Media Releasehttps://firebasestorage.googleapis.com/v0/b/hackernoon-app.appspot.com/o/images%2Fimageedit_25_7084755369.gif?alt=media&token=ca7527b0-a214-46d4-af72-1062b3df1458Press Release titled &quot;L&amp;T Technology Services wins $50 million Hi-Tech deal&quot;.,,,,,,
01Synergyhttps://hackernoon.com/company/01synergy2023-01-23 14:15:00https://technews.tmcnet.com/news/2023/01/23/9747377.htmKey Tronic Corporation Announces Second Quarter Reporting Datehttps://firebasestorage.googleapis.com/v0/b/hackernoon-app.appspot.com/o/images%2Fimageedit_25_7084755369.gif?alt=media&token=ca7527b0-a214-46d4-af72-1062b3df1458Key Tronic Corporation (Nasdaq: KTCC) announced today that it plans to report its results for the second quarter of fiscal 2023 after market close on January 31 2023. Key Tronic will host a conference call to discuss its financial results at 2:00 PM Pacific (5:00 PM Eastern) on January 31,,,,,,
01Synergyhttps://hackernoon.com/company/01synergy2023-04-28 09:47:00https://www.publicsectorexecutive.com/articles/innovative-eo-technology-being-piloted-public-servicesInnovative EO technology being piloted for public serviceshttps://firebasestorage.googleapis.com/v0/b/hackernoon-app.appspot.com/o/images%2Fimageedit_25_7084755369.gif?alt=media&token=ca7527b0-a214-46d4-af72-1062b3df1458The Department for Science Innovation and Technology has announced that the Geospatial Commission has launched a pilot in commercial Earth Observation for public sector bodies as it looks to unlock the use of EO in delivering services. Earth Observation ...,,,,,,
01Synergyhttps://hackernoon.com/company/01synergy2023-05-08 22:31:00https://www.businesswire.com/news/home/20230508005486/en/Information-Services-Group-Announces-First-Quarter-2023-ResultsInformation Services Group Announces First-Quarter 2023 Resultshttps://firebasestorage.googleapis.com/v0/b/hackernoon-app.appspot.com/o/images%2Fimageedit_25_7084755369.gif?alt=media&token=ca7527b0-a214-46d4-af72-1062b3df1458STAMFORD Conn.--(BUSINESS WIRE)--Information Services Group (ISG) (Nasdaq: III) a leading global technology research and advisory firm today announced financial results including record ...,,,,,,
01Synergyhttps://hackernoon.com/company/01synergy2023-03-31 10:11:00https://www.bizjournals.com/cincinnati/news/2023/03/31/sensience-closing-manufacturing-facility-layoffs.htmlSensience closing Cincinnati manufacturing facility laying off 42https://firebasestorage.googleapis.com/v0/b/hackernoon-app.appspot.com/o/images%2Fimageedit_25_7084755369.gif?alt=media&token=ca7527b0-a214-46d4-af72-1062b3df1458An Ohio-based technology firm is shuttering its Cincinnati manufacturing plant resulting in the layoffs of dozens of workers.,,,,,,
01Synergyhttps://hackernoon.com/company/01synergy2023-03-17 18:45:00https://www.nasdaq.com/articles/friday-sector-leaders:-technology-communications-services-1Friday Sector Leaders: Technology & Communications Serviceshttps://firebasestorage.googleapis.com/v0/b/hackernoon-app.appspot.com/o/images%2Fimageedit_25_7084755369.gif?alt=media&token=ca7527b0-a214-46d4-af72-1062b3df1458In afternoon trading on Friday Technology & Communications stocks ... The next best performing sector is the Services sector losing just 1.3%. Among large Services stocks Warner Bros Discovery ...,,,,,,
01Synergyhttps://hackernoon.com/company/01synergy2023-10-27 04:30:00https://markets.businessinsider.com/news/stocks/servicenow-consistent-growth-strong-deal-activity-and-optimistic-outlook-justify-buy-rating-1032745936ServiceNow: Consistent Growth Strong Deal Activity and Optimistic Outlook Justify Buy Ratinghttps://firebasestorage.googleapis.com/v0/b/hackernoon-app.appspot.com/o/images%2Fimageedit_25_7084755369.gif?alt=media&token=ca7527b0-a214-46d4-af72-1062b3df1458The company offers its solutions to various sectors including healthcare education oil and gas telecommunications government consumer products technology IT and financial services. ServiceNow NewsMORE Related Stocks Indices,,,,,,
01Synergyhttps://hackernoon.com/company/01synergy2023-05-02 00:07:00https://elkodaily.com/news/local/adobe-student-receives-national-information-and-technology-award/article_ad2d9924-e87b-11ed-8510-473937de4c3d.htmlAdobe student receives national Information and Technology awardhttps://firebasestorage.googleapis.com/v0/b/hackernoon-app.appspot.com/o/images%2Fimageedit_25_7084755369.gif?alt=media&token=ca7527b0-a214-46d4-af72-1062b3df1458ELKO — An eighth grader at Adobe Middle School is one of 34 middle school aged girls in Nevada to be recognized by the National Center for Women in Technology. Janelle Garcia was recently ...,,,,,,
01Synergyhttps://hackernoon.com/company/01synergy2023-05-30 13:10:00https://technews.tmcnet.com/news/2023/05/30/9822661.htmDealer Spike and IronConnect Partner to Deliver an Advanced Inventory Integrationhttps://firebasestorage.googleapis.com/v0/b/hackernoon-app.appspot.com/o/images%2Fimageedit_25_7084755369.gif?alt=media&token=ca7527b0-a214-46d4-af72-1062b3df1458WILSONVILLE Ore. May 30 2023 /PRNewswire/ -- As dealers seek to stay ahead of their competitors it is essential to have an advanced digital solution which provides an exceptional customer experience while streamlining internal operations. This ...,,,,,,
01Synergyhttps://hackernoon.com/company/01synergy2023-01-25 22:12:00https://www.yahoo.com/lifestyle/lessen-acquires-sms-assist-signaling-170000775.htmlLessen Acquires SMS Assist Signaling A New Era for Property Technology and Serviceshttps://firebasestorage.googleapis.com/v0/b/hackernoon-app.appspot.com/o/images%2Fimageedit_25_7084755369.gif?alt=media&token=ca7527b0-a214-46d4-af72-1062b3df1458end-to-end solution for outsourced real estate property services announced today a strategic acquisition of SMS Assist an industry-leading facilities maintenance technology company. By merging ...,,,,,,
01Synergyhttps://hackernoon.com/company/01synergy2023-01-31 12:57:00https://www.reuters.com/technology/russian-tech-giant-yandex-says-code-leaked-cybersecurity-incident-2023-01-31/Russian tech giant Yandex says code leaked in cybersecurity incidenthttps://firebasestorage.googleapis.com/v0/b/hackernoon-app.appspot.com/o/images%2Fimageedit_25_7084755369.gif?alt=media&token=ca7527b0-a214-46d4-af72-1062b3df1458Russian tech giant Yandex said on Tuesday that fragments of its program code had been leaked online with a preliminary investigation revealing violations of some of its own internal policies.,,,,,,
01Synergyhttps://hackernoon.com/company/01synergy2023-06-13 08:40:00https://it.tmcnet.com/news/2023/06/13/9831066.htmServiceNow introduces new generative AI solution Now Assist for Virtual Agent to create conversational experiences for more intelligent self-servicehttps://www.bing.com/th?id=OVFT.CimqIrPB7TM97CjLoRDqMC&pid=NewsServiceNow (NYSE: NOW) the leading digital workflow company making the world work better for everyone today announced its newest generative AI solution Now Assist for Virtual Agent designed to create truly conversational experiences for more intelligent self-service.,,,,,,
01Synergyhttps://hackernoon.com/company/01synergy2023-06-13 04:42:00https://newatlas.com/technology/sensor-detects-food-spoilage-real-time/Sensor detects food spoilage in real time & sends info to your phonehttps://www.bing.com/th?id=OVFT.L8cDgIUY6QBicEksmNeLci&pid=NewsHumans waste a lot of food some of which is due to spoilage. Researchers have developed a tiny sensor that monitors the freshness of protein-rich foods like meat chicken and fish in real time and sends the data to your smartphone.,,,,,,
01Synergyhttps://hackernoon.com/company/01synergy2023-05-27 21:53:00https://timesofmalta.com/articles/view/technology-cornerstone-financial-services-reform-a2.1033875Technology: The cornerstone of financial services reformhttps://firebasestorage.googleapis.com/v0/b/hackernoon-app.appspot.com/o/images%2Fimageedit_25_7084755369.gif?alt=media&token=ca7527b0-a214-46d4-af72-1062b3df1458The financial services industry of today relies heavily on technology. It not only serves as the foundation for traditional operations but also paves the way for the creation of innovative ...,,,,,,
01Synergyhttps://hackernoon.com/company/01synergy2023-09-28 10:58:00https://www.linkedin.com/pulse/industrial-services-market-size-information-technologyIndustrial Services Market Size Information Technology and Competitive Landscapehttps://firebasestorage.googleapis.com/v0/b/hackernoon-app.appspot.com/o/images%2Fimageedit_25_7084755369.gif?alt=media&token=ca7527b0-a214-46d4-af72-1062b3df1458The bulk of the key insights in this study are based on in-depth information gleaned from primary and secondary data collection data. The Global Industrial Services Market can be segmented based ...,,,,,,
01Synergyhttps://hackernoon.com/company/01synergy2023-01-06 17:25:00https://technews.tmcnet.com/news/2023/01/06/9739250.htmHCMF Group and TMYTEK Showcase Auto-Sensing Automotive Solutions at CES 2023https://firebasestorage.googleapis.com/v0/b/hackernoon-app.appspot.com/o/images%2Fimageedit_25_7084755369.gif?alt=media&token=ca7527b0-a214-46d4-af72-1062b3df1458HCMF Group and TMY Technology Inc. (TMYTEK) have developed the latest millimeter wave smart car door sensing technology significantly improving the sensitivity efficiency and safety of automatic car door opening and closing.,,,,,,
01Synergyhttps://hackernoon.com/company/01synergy2023-01-13 23:37:00https://www.psychologytoday.com/us/blog/finding-love-the-scientific-take/202208/technology-and-loveTechnology and Lovehttps://firebasestorage.googleapis.com/v0/b/hackernoon-app.appspot.com/o/images%2Fimageedit_25_7084755369.gif?alt=media&token=ca7527b0-a214-46d4-af72-1062b3df1458Technology is an important part of relationships. We can use it to meet people (such as through dating apps) interact with people (through email texts social media platforms etc.) and improve ...,,,,,,
01Synergyhttps://hackernoon.com/company/01synergy2023-01-18 22:37:00https://www.iotevolutionworld.com/iot/articles/454653-leap-connectivity-aeris-acquires-technologies-from-ericsson-support.htmA Leap in Connectivity: Aeris Acquires Technologies from Ericsson to Support Cellular IoThttps://www.bing.com/th?id=OVFT.8HHHs5-flwfRt0bpD1T_1S&pid=NewsAfter signing a recent agreement Aeris has acquired Ericsson''s IoT Accelerator and Connected Vehicle Cloud businesses to connect more than 100 million IoT devices for 9000 enterprises across 190 countries.,,,,,,
01Synergyhttps://hackernoon.com/company/01synergy2023-01-14 07:06:00https://www.pressrepublican.com/opinion/technology-and-society-a-double-edged-sword/article_8e7489c6-8c95-11ed-8225-7772703b7980.htmlTechnology and Society: A double-edged swordhttps://firebasestorage.googleapis.com/v0/b/hackernoon-app.appspot.com/o/images%2Fimageedit_25_7084755369.gif?alt=media&token=ca7527b0-a214-46d4-af72-1062b3df1458This worked without too many hitches by using the free e-mail and Texting services on the Internet ... the Internet usually provides “Too Much Information”( aka TMI) which in turn impedes ...,,,,,,
01Synergyhttps://hackernoon.com/company/01synergy2023-01-13 22:23:00https://www.marketwatch.com/press-release/big-data-technology-services-market-size-2023-with-economical-benchmarking-old-statistics-forecasts-company-returns-shares-2023-01-13Big Data Technology & Services Market Size 2023 with Economical benchmarking Old statistics & forecasts Company returns shareshttps://firebasestorage.googleapis.com/v0/b/hackernoon-app.appspot.com/o/images%2Fimageedit_25_7084755369.gif?alt=media&token=ca7527b0-a214-46d4-af72-1062b3df1458Also Consumer behaviour analysis and market dynamics (drivers restraints opportunities) provides crucial information for knowing the Big Data Technology and Services market. It additionally ...,,,,,,
01Synergyhttps://hackernoon.com/company/01synergy2023-04-27 23:59:00https://www.techopedia.com/definition/24152/information-and-communications-technology-ictInformation and Communications Technologyhttps://firebasestorage.googleapis.com/v0/b/hackernoon-app.appspot.com/o/images%2Fimageedit_25_7084755369.gif?alt=media&token=ca7527b0-a214-46d4-af72-1062b3df1458What Does Information and Communications Technology Mean? Information and Communications ... software hardware and support services delivered over the internet. ICT exclusions typically include computing-related office supplies such as printer toner ...,,,,,,
01Synergyhttps://hackernoon.com/company/01synergy2023-03-14 08:05:00https://www.unwomen.org/en/how-we-work/innovation-and-technology/glossaryGlossary: Gender and Technologyhttps://firebasestorage.googleapis.com/v0/b/hackernoon-app.appspot.com/o/images%2Fimageedit_25_7084755369.gif?alt=media&token=ca7527b0-a214-46d4-af72-1062b3df1458digital and information technology sectors such as digital platforms mobile applications and payment services which are making a growing contribution to economies; and a wider set of digitalizing and digitally enabled sectors in which new activities or ...,,,,,,
01Synergyhttps://hackernoon.com/company/01synergy2023-03-09 09:08:00https://www.gov.uk/government/news/ukaea-and-university-of-sheffield-partnership-to-drive-fusion-technologyUKAEA and University of Sheffield partnership to drive fusion technologyhttps://firebasestorage.googleapis.com/v0/b/hackernoon-app.appspot.com/o/images%2Fimageedit_25_7084755369.gif?alt=media&token=ca7527b0-a214-46d4-af72-1062b3df1458We’d like to set additional cookies to understand how you use GOV.UK remember your settings and improve government services ... the development of fusion technology and the UK’s future ...,,,,,,
01Synergyhttps://hackernoon.com/company/01synergy2023-06-15 20:21:00https://www.federalregister.gov/documents/2023/06/16/2023-12925/securing-the-information-and-communications-technology-and-services-supply-chain-connected-softwareSecuring the Information and Communications Technology and Services Supply Chain; Connected Software Applicationshttps://firebasestorage.googleapis.com/v0/b/hackernoon-app.appspot.com/o/images%2Fimageedit_25_7084755369.gif?alt=media&token=ca7527b0-a214-46d4-af72-1062b3df1458For complete information about and access to our official publications and services go to About the Federal Register on NARA''s archives.gov. The OFR/GPO partnership is committed to presenting accurate and reliable regulatory information on ...,,,,,,
01Synergyhttps://hackernoon.com/company/01synergy2023-09-29 00:00:00https://www.buffalo.edu/administrative-services/managing-procurement/commonly-purchased-goods/information-technology.htmlInformation Technology (IT) Equipment and Supplieshttps://firebasestorage.googleapis.com/v0/b/hackernoon-app.appspot.com/o/images%2Fimageedit_25_7084755369.gif?alt=media&token=ca7527b0-a214-46d4-af72-1062b3df1458Contact your information technology support staff for ... Learn more about the pre-approval process for technology accessed via a web browser or vendor hosted cloud services and subscriptions. This includes e-learning platforms online testing ...,,,,,,
01Synergyhttps://hackernoon.com/company/01synergy2023-01-10 20:54:00https://www.thedrive.com/the-war-zone/unique-sensor-setup-emerges-on-turkeys-stealthy-new-fighterUnique Sensor Setup Emerges On Turkey’s Stealthy New Fighterhttps://www.bing.com/th?id=OVFT.80sMD7sgvcAvZ9wir6rbpy&pid=NewsPhotos of the initial TF-X stealth fighter prototype show separate built-in infrared search and track and electro-optical targeting systems.,,,,,,
01Synergyhttps://hackernoon.com/company/01synergy2023-01-07 14:27:00https://finance.yahoo.com/news/apogee-acquires-cumulus-technology-services-154500351.htmlApogee Acquires Cumulus Technology Services Inc. to Enhance Managed Technology Services Leadership Position in Higher Educationhttps://firebasestorage.googleapis.com/v0/b/hackernoon-app.appspot.com/o/images%2Fimageedit_25_7084755369.gif?alt=media&token=ca7527b0-a214-46d4-af72-1062b3df1458Acquisition Extends Apogee Networking and IT Expertise into Secure Cloud Services Building on Commitment to be the Managed Technology Services Partner of Choice for Colleges and Universities News ...,,,,,,
01Synergyhttps://hackernoon.com/company/01synergy2023-01-30 01:44:00https://siliconangle.com/2023/01/28/predictions-2023-whats-coming-next-enterprise-technology/Predictions 2023: What’s coming next in enterprise technologyhttps://firebasestorage.googleapis.com/v0/b/hackernoon-app.appspot.com/o/images%2Fimageedit_25_7084755369.gif?alt=media&token=ca7527b0-a214-46d4-af72-1062b3df1458In this Breaking Analysis we aim to do just that with predictions about the macro information technology spending ... of IT architecture in financial services Cloudflare’s market share ...,,,,,,
01Synergyhttps://hackernoon.com/company/01synergy2023-02-15 13:30:00https://www.nextgov.com/emerging-tech/2023/01/video-game-technology-tapped-medically-train-astronauts-future-moon-and-mars-missions/382303/Video Game Technology Tapped to Medically Train Astronauts for Future Moon and Mars Missionshttps://firebasestorage.googleapis.com/v0/b/hackernoon-app.appspot.com/o/images%2Fimageedit_25_7084755369.gif?alt=media&token=ca7527b0-a214-46d4-af72-1062b3df1458The award was won by a company called Level Ex which uses video game technology to serve the ... we store cookies on your browser to collect information. The information collected might relate ...,,,,,,
01Synergyhttps://hackernoon.com/company/01synergy2023-04-24 20:42:00https://www.tmcnet.com/usubmit/2023/04/24/9800585.htmBiz Technology Solutions and New Charter Highlight a Growing Trend in Managed IT Serviceshttps://firebasestorage.googleapis.com/v0/b/hackernoon-app.appspot.com/o/images%2Fimageedit_25_7084755369.gif?alt=media&token=ca7527b0-a214-46d4-af72-1062b3df1458One example is the recent partnership between Biz Technology Solutions (News - Alert) (BTS) and New Charter Technologies. This new partnership enables BTS to offer a wider range of expert services access to advanced technologies and the ability to scale ...,,,,,,
01Synergyhttps://hackernoon.com/company/01synergy2023-09-29 09:43:00https://www.govconwire.com/2023/09/computer-world-services-wins-213m-contract-for-air-force-information-network-operations-support/Computer World Services Wins $213M Contract for Air Force Information Network Operations Supporthttps://firebasestorage.googleapis.com/v0/b/hackernoon-app.appspot.com/o/images%2Fimageedit_25_7084755369.gif?alt=media&token=ca7527b0-a214-46d4-af72-1062b3df1458The U.S. Air Force has selected Computer World Services to provide support ... indefinite-quantity contract that provides information technology products and support services for Strategic Command.,,,,,,
01Synergyhttps://hackernoon.com/company/01synergy2022-12-28 11:22:00https://indianexpress.com/article/technology/tech-news-technology/jio-fiber-service-down-restore-8349019/Jio Fiber services restored after outage across the countryhttps://firebasestorage.googleapis.com/v0/b/hackernoon-app.appspot.com/o/images%2Fimageedit_25_7084755369.gif?alt=media&token=ca7527b0-a214-46d4-af72-1062b3df1458Downdetector a platform known for reporting the status of various websites and services also re-affirms the same that ... As of now there is no exact information on what caused a country-wide outage of the Jio Fiber network. This is not the first time ...,,,,,,
01Synergyhttps://hackernoon.com/company/01synergy2023-03-17 00:00:00https://www.aclu.org/cases/rogers-v-health-and-human-servicesRogers v. Health and Human Serviceshttps://firebasestorage.googleapis.com/v0/b/hackernoon-app.appspot.com/o/images%2Fimageedit_25_7084755369.gif?alt=media&token=ca7527b0-a214-46d4-af72-1062b3df1458The federal Department of Health and Human Services (HHS) and South Carolina fund Miracle Hill South Carolina’s largest state-contracted foster care agency with taxpayer money to perform child welfare services for children. In order to foster through ...,,,,,,
01Synergyhttps://hackernoon.com/company/01synergy2023-10-27 10:16:00https://www.bizjournals.com/sacramento/inno/stories/news/2023/10/27/thermogenesis-shared-lab-space.htmlThermoGenesis opens shared lab space for immunotherapy medical startupshttps://www.bing.com/th?id=OVFT.nX03EoN3NPo6KED7m6kiHS&pid=NewsBy sharing access to expensive infrastructure and equipment at ThermoGenesis'' new coworking laboratory startups benefit from a fully outfitted lab without having to pay to open or equip it.,,,,,,
01Synergyhttps://hackernoon.com/company/01synergy2023-05-18 06:36:00http://bizenglish.adaderana.lk/samantha-rajapaksa-joins-ey-global-delivery-services-as-sri-lanka-location-consulting-leader/Samantha Rajapaksa joins EY Global Delivery Services as Sri Lanka Location & Consulting Leaderhttps://www.bing.com/th?id=OVFT.b9X2Vk7uYe8YfQTHP-2yPi&pid=NewsEY Global Delivery Services (GDS) recently announced the appointment of Samantha Rajapaksa as the Location and Consulting Leader at EY GDS Sri Lanka. Samantha is a highly accomplished professional with over three decades of both local and international experience in various business landscapes,,,,,,
"01Synergyhttps://hackernoon.com/company/01synergy2023-01-12 06:50:00https://www.marketwatch.com/press-release/solution-consulting-provider-services-market-new-report-to-eyewitness-massive-growth-2023-to-2029-128-pages-report-2023-01-12Solution Consulting Provider Services Market (New Report) to Eyewitness Massive Growth 2023 to 2029 | 128 Pages Reporthttps://firebasestorage.googleapis.com/v0/b/hackernoon-app.appspot.com/o/images%2Fimageedit_25_7084755369.gif?alt=media&token=ca7527b0-a214-46d4-af72-1062b3df1458Jan 12 2023 (The Expresswire) -- '""Pre and Post Covid Report Is Covered in Solution Consulting Provider Services Market | Final Report Will Add the",,,,,,
01Synergy,https://hackernoon.com/company/01synergy,2023-04-03 13:50:00,https://it.tmcnet.com/news/2023/04/03/9787487.htm,SYNERGY QUANTUM SOLUTION LAB TO BE SETUP BY IIIT HYDERABAD IN PARTNERSHIP WITH SYNERGY QUANTUM INDIA LTD,https://firebasestorage.googleapis.com/v0/b/hackernoon-app.appspot.com/o/images%2Fimageedit_25_7084755369.gif?alt=media&token=ca7527b0-a214-46d4-af72-1062b3df1458&auto=format&fit=max&w=3840,International Institute of Information Technology Hyderabad (IIITH) has entered a strategic partnership with Synergy Quantum India (SQ India) to establish the Synergy Quantum Solution Lab ([email protected]).
01Synergy,https://hackernoon.com/company/01synergy,2023-07-17 12:27:00,https://archive.org/details/isbn_9780521855495,Information technology and moral philosophy,https://firebasestorage.googleapis.com/v0/b/hackernoon-app.appspot.com/o/images%2Fimageedit_25_7084755369.gif?alt=media&token=ca7527b0-a214-46d4-af72-1062b3df1458,A line drawing of the Internet Archive headquarters building façade. An illustration of a magnifying glass. An illustration of a magnifying glass.
01Synergy,https://hackernoon.com/company/01synergy,2023-07-01 13:18:00,https://www.inforum.com/health/minding-our-elders-semi-annual-roundup-of-caregiver-and-elder-friendly-products-services-and-technology,Minding Our Elders’ semi-annual roundup of caregiver and elder-friendly products services and technology,https://firebasestorage.googleapis.com/v0/b/hackernoon-app.appspot.com/o/images%2Fimageedit_25_7084755369.gif?alt=media&token=ca7527b0-a214-46d4-af72-1062b3df1458,Dear Readers: It’s mid-summer which means it’s time for my semi-annual roundup of caregiver and elder-friendly products services information and technology. Links are provided with each ...
01Synergy,https://hackernoon.com/company/01synergy,2023-03-30 18:30:00,https://technews.tmcnet.com/news/2023/03/30/9786590.htm,H.I.G. Capital Acquires Synecore Limited and Meesons Futures Limited to Create the Andwis Group,https://firebasestorage.googleapis.com/v0/b/hackernoon-app.appspot.com/o/images%2Fimageedit_25_7084755369.gif?alt=media&token=ca7527b0-a214-46d4-af72-1062b3df1458,"H.I.G. Capital ('""H.I.G.'"") a leading global alternative asset investment firm with $55 billion of equity capital under management is pleased to announce that one of its affiliates has acquired Synecore Limited ('""Synecore'"") and Meesons Futures Limited ('""Meesons'"")."
01Synergy,https://hackernoon.com/company/01synergy,2023-03-18 15:25:00,https://www.marketwatch.com/press-release/broadcast-and-media-technology-and-services-market-industry-forecast-2023---2029-2023-03-18,Broadcast and Media Technology and Services Market | Industry Forecast 2023 - 2029,https://firebasestorage.googleapis.com/v0/b/hackernoon-app.appspot.com/o/images%2Fimageedit_25_7084755369.gif?alt=media&token=ca7527b0-a214-46d4-af72-1062b3df1458,Mar 18 2023 (The Expresswire) -- “Broadcast and Media Technology and Services Market” information for each competitor includes [ IBM Corporation WideOrbit Inc. ROHDE and SCHWARZ GmbH and Co ...
01Synergy,https://hackernoon.com/company/01synergy,2023-03-18 10:31:00,https://thenationonlineng.net/technology-and-innovation-in-nigeria-trends-challenges-and-opportunities/,TECHNOLOGY AND INNOVATION IN NIGERIA: TRENDS CHALLENGES AND OPPORTUNITIES,https://firebasestorage.googleapis.com/v0/b/hackernoon-app.appspot.com/o/images%2Fimageedit_25_7084755369.gif?alt=media&token=ca7527b0-a214-46d4-af72-1062b3df1458,Despite challenges such as inadequate infrastructure limited access to capital and a dearth of skilled workers Nigerian entrepreneurs are making strides in developing technology solutions for ...
01Synergy,https://hackernoon.com/company/01synergy,2023-05-17 18:58:00,https://www.tmcnet.com/usubmit/2023/05/17/9816504.htm,ServiceNow and NVIDIA Announce Partnership to Build Generative AI Across Enterprise IT,https://firebasestorage.googleapis.com/v0/b/hackernoon-app.appspot.com/o/images%2Fimageedit_25_7084755369.gif?alt=media&token=ca7527b0-a214-46d4-af72-1062b3df1458&auto=format&fit=max&w=3840,ServiceNow and NVIDIA today announced a partnership to develop powerful enterprise-grade generative AI capabilities that can transform business processes with faster more intelligent workflow automation.
01Synergy,https://hackernoon.com/company/01synergy,2023-04-28 10:12:00,https://www.waketech.edu/about-wake-tech/administrative-offices/information-technology-services,Information Technology Services,https://firebasestorage.googleapis.com/v0/b/hackernoon-app.appspot.com/o/images%2Fimageedit_25_7084755369.gif?alt=media&token=ca7527b0-a214-46d4-af72-1062b3df1458,ITS strives to support student learning facilitate faculty teaching and enhance college operations through the efficient use of information technology. The department is divided into five units that are organized around the unique needs of a community ...
01Synergy,https://hackernoon.com/company/01synergy,2023-07-16 09:29:00,https://www.lse.co.uk/ShareChat.html?ShareTicker=SYN&thread=DC62AF9A-800B-4D20-B735-BED7D98AC106,Synergia Energy Share Chat,https://firebasestorage.googleapis.com/v0/b/hackernoon-app.appspot.com/o/images%2Fimageedit_25_7084755369.gif?alt=media&token=ca7527b0-a214-46d4-af72-1062b3df1458,The IP address of all posts is recorded to aid in enforcing these conditions. As a user you agree to any information you have entered being stored in a database. You agree that we have the right to remove edit move or close any topic or board at any time ...
01Synergy,https://hackernoon.com/company/01synergy,2023-02-01 12:10:00,https://www.itnews.com.au/news/apra-creates-new-technology-and-data-division-590346,APRA creates new technology and data division,https://firebasestorage.googleapis.com/v0/b/hackernoon-app.appspot.com/o/images%2Fimageedit_25_7084755369.gif?alt=media&token=ca7527b0-a214-46d4-af72-1062b3df1458,The new division combines the enterprise services technology team and the core ... As part of the new structure APRA chief information officer Doug Jenkins will now report to Young instead ...
01Synergy,https://hackernoon.com/company/01synergy,2023-05-10 09:36:00,https://www.businesswire.com/news/home/20230510005126/en/Wultra-and-iProov-Partner-to-Bring-Biometric-Technology-to-Banks-and-Financial-Services-Technology-Providers/,Wultra and iProov Partner to Bring Biometric Technology to Banks and Financial Services Technology Providers,https://firebasestorage.googleapis.com/v0/b/hackernoon-app.appspot.com/o/images%2Fimageedit_25_7084755369.gif?alt=media&token=ca7527b0-a214-46d4-af72-1062b3df1458,who actively encouraged us to add iProov technology to our stack.” “Financial services providers are a prime target for cybercriminals' most sophisticated attacks. Our recent Threat Report ...
01Synergy,https://hackernoon.com/company/01synergy,2023-03-17 21:58:00,https://www.boisestate.edu/cobe-itscm/it-management/,Information Technology Management,https://firebasestorage.googleapis.com/v0/b/hackernoon-app.appspot.com/o/images%2Fimageedit_25_7084755369.gif?alt=media&token=ca7527b0-a214-46d4-af72-1062b3df1458,What is Information Technology Management? ITM is the field dedicated to supporting business data needs addressing complex problems and enabling innovation using technology. The fast-paced IT field is growing as organizations of all sizes adopt a global ...
01Synergy,https://hackernoon.com/company/01synergy,2023-05-18 00:32:00,https://diginomica.com/knowledge-2023-servicenow-looks-beyond-general-purpose-generative-ai-domain-specific-use-cases,Knowledge 2023 - ServiceNow looks beyond general purpose generative AI to domain-specific use cases,https://firebasestorage.googleapis.com/v0/b/hackernoon-app.appspot.com/o/images%2Fimageedit_25_7084755369.gif?alt=media&token=ca7527b0-a214-46d4-af72-1062b3df1458&auto=format&fit=max&w=3840,ServiceNow has this week revealed how it is planning to capitalize on the recent rapid advancements seen in the field of generative AI using large language models (LLMs) - showcasing some of the potential use cases live on stage during its second Knowledge 2023 keynote in Las Vegas this week.
01Synergy,https://hackernoon.com/company/01synergy,2023-02-01 05:42:00,https://www.indiatvnews.com/news/india/india-us-icet-critical-emerging-technology-deal-ajit-doval-jake-sullivan-nasa-isro-white-house-latest-news-2023-02-01-843839,In presence of NSA Ajit Doval India US enter major technology partnership,https://firebasestorage.googleapis.com/v0/b/hackernoon-app.appspot.com/o/images%2Fimageedit_25_7084755369.gif?alt=media&token=ca7527b0-a214-46d4-af72-1062b3df1458,Senior officials from the Ministry of Electronics and Information Technology and the National ... led to NASA''s Commercial lunar payload services project” he said. The NASA administrator ...
10Clouds,https://hackernoon.com/company/10clouds,2023-07-29 16:55:00,https://nypost.com/2023/07/29/how-big-tech-and-big-money-made-our-schools-go-woke/,How big tech and big money made our schools go woke,https://firebasestorage.googleapis.com/v0/b/hackernoon-app.appspot.com/o/images%2Fimageedit_25_7084755369.gif?alt=media&token=ca7527b0-a214-46d4-af72-1062b3df1458&auto=format&fit=max&w=3840,Few issues have emerged as cultural flashpoints quite like Critical Race Theory. Better-known as CRT the ideology — which places race and racism at the center of learning — has become a
01Synergy,https://hackernoon.com/company/01synergy,2023-01-27 18:55:00,https://www.andnowuknow.com/buyside-news/ahold-delhaize-usas-rom-kosla-discusses-technology-innovations-operational/chandler-james/82393,Ahold Delhaize USA''s Rom Kosla Discusses Technology Innovations Operational Transformations and More,https://firebasestorage.googleapis.com/v0/b/hackernoon-app.appspot.com/o/images%2Fimageedit_25_7084755369.gif?alt=media&token=ca7527b0-a214-46d4-af72-1062b3df1458,I recently spoke with Rom Kosla Executive Vice President of Information Technology and Chief Information Officer for Retail Business Services (RBS) to gain his perspective. One of his first predictions for 2023 is the increased implementation of technology.
01Synergy,https://hackernoon.com/company/01synergy,2023-03-01 16:08:00,https://technews.tmcnet.com/news/2023/03/01/9769368.htm,BroadStar Selects IP Infusion's OcNOS® Disaggregated Solution to Replace Traditional Hardware Switches for MDU Residential Access Applications,https://firebasestorage.googleapis.com/v0/b/hackernoon-app.appspot.com/o/images%2Fimageedit_25_7084755369.gif?alt=media&token=ca7527b0-a214-46d4-af72-1062b3df1458,BroadStar the fastest Internet provider in Florida with Internet speeds starting at a minimum of 2 Gbps up-and-down is upgrading its network with IP Infusion''s award-winning IP Infusion bundles. This integrates pre-loaded OcNOS®
01Synergy,https://hackernoon.com/company/01synergy,2023-07-12 21:56:00,https://www.usnews.com/360-reviews/technology/streaming-services,Best Streaming Services of 2023,https://firebasestorage.googleapis.com/v0/b/hackernoon-app.appspot.com/o/images%2Fimageedit_25_7084755369.gif?alt=media&token=ca7527b0-a214-46d4-af72-1062b3df1458,DirecTV » More Details FuboTV » Widest Sports Coverage More Details Netflix: Netflix earns the No. 1 spot in our Best Streaming Services of 2023 rating and in our rating of the Best Anime ...
01Synergy,https://hackernoon.com/company/01synergy,2023-01-18 10:49:00,https://www.financialexpress.com/education-2/educational-trends-that-will-make-2023-a-powerhouse-of-skilling-and-technology/2933075/,Educational trends that will make 2023 a powerhouse of skilling and technology,https://firebasestorage.googleapis.com/v0/b/hackernoon-app.appspot.com/o/images%2Fimageedit_25_7084755369.gif?alt=media&token=ca7527b0-a214-46d4-af72-1062b3df1458,No industry is untouched by the developments that technology is building. Education is one of them and the last couple of years have witnessed the educational framework taking a diagonal shift.
01Synergy,https://hackernoon.com/company/01synergy,2023-01-10 15:56:00,https://economictimes.indiatimes.com/tech/startups/zoomcar-appoints-ashu-singhal-as-chief-technology-and-product-officer/articleshow/96882148.cms,Zoomcar appoints Ashu Singhal as chief technology and product officer,https://firebasestorage.googleapis.com/v0/b/hackernoon-app.appspot.com/o/images%2Fimageedit_25_7084755369.gif?alt=media&token=ca7527b0-a214-46d4-af72-1062b3df1458,In his previous stint he headed the fulfilment and marketplace team at Grab Holdings a Nasdaq-listed application-based transportation grocery food and parcel delivery services platform ... for electronics and information technology.
01Synergy,https://hackernoon.com/company/01synergy,2023-02-13 20:29:00,https://technews.tmcnet.com/news/2023/02/13/9759546.htm,ILUS Confirms the Incorporation of Its Defense Subsidiary Hyperion Defense Solutions,https://firebasestorage.googleapis.com/v0/b/hackernoon-app.appspot.com/o/images%2Fimageedit_25_7084755369.gif?alt=media&token=ca7527b0-a214-46d4-af72-1062b3df1458,ILUS co-founded Hyperion Defense Solutions (Hyperion) alongside two experienced and esteemed British military veterans Chris Derbyshire and Tim Grey. Through their combined 34 years of military service and 22 years holding senior roles in the defense sector
01Synergy,https://hackernoon.com/company/01synergy,2023-03-16 20:58:00,https://it.tmcnet.com/news/2023/03/16/9778458.htm,Claroty Announces Vulnerability Response Integrations with ServiceNow Service Graph Connector,https://firebasestorage.googleapis.com/v0/b/hackernoon-app.appspot.com/o/images%2Fimageedit_25_7084755369.gif?alt=media&token=ca7527b0-a214-46d4-af72-1062b3df1458,Claroty the cyber-physical systems protection company today announced it has further expanded its footprint within the ServiceNow ecosystem by releasing a new set of native integrations leveraging the Service Graph Connector (SGC) and Vulnerability Response (VR) infrastructure.
01Synergy,https://hackernoon.com/company/01synergy,2023-05-19 10:41:00,https://www.bizjournals.com/louisville/inno/stories/fundings/2023/05/19/vsimple-tech-startup-fundraising-workflow-2023.html,Southern Indiana-based tech startup raises nearly $5M expands client base,https://firebasestorage.googleapis.com/v0/b/hackernoon-app.appspot.com/o/images%2Fimageedit_25_7084755369.gif?alt=media&token=ca7527b0-a214-46d4-af72-1062b3df1458&auto=format&fit=max&w=3840,It’s this push to digitize the operations of an organization” said Vsimple co-founder and CEO Buddy Bockweg about what has been driving his company''s steady revenue growth over the last two years. Stephen P.
01Synergy,https://hackernoon.com/company/01synergy,2023-04-06 14:18:00,https://www.reuters.com/technology/us-says-decentralized-finance-services-being-used-illicit-transfers-2023-04-06/,U.S. says decentralized finance services being used for illicit transfers,https://firebasestorage.googleapis.com/v0/b/hackernoon-app.appspot.com/o/images%2Fimageedit_25_7084755369.gif?alt=media&token=ca7527b0-a214-46d4-af72-1062b3df1458,regulation and enforcement as well the technology underpinning the services. DeFi services that fail to comply with these obligations to prevent money laundering and terrorism financing pose the ...
01Synergy,https://hackernoon.com/company/01synergy,2023-07-01 17:38:00,https://markets.businessinsider.com/news/stocks/kyy-introduces-x90a-and-x90-triple-display-monitors-elevating-visual-experiences-1032421930,KYY Introduces X90A and X90 Triple Display Monitors Elevating Visual Experiences,https://firebasestorage.googleapis.com/v0/b/hackernoon-app.appspot.com/o/images%2Fimageedit_25_7084755369.gif?alt=media&token=ca7527b0-a214-46d4-af72-1062b3df1458&auto=format&fit=max&w=3840,KYY a leading manufacturer at the forefront of external display monitor technology proudly unveils two exceptional triple display monitors the X90A and X90 offering users enhanced visual experiences for work and entertainment.
01Synergy,https://hackernoon.com/company/01synergy,2023-02-01 11:23:00,https://technuter.com/global-tech/truescope-acquires-us-firm-universal-information-services.html,Truescope Acquires US Firm Universal Information Services,https://firebasestorage.googleapis.com/v0/b/hackernoon-app.appspot.com/o/images%2Fimageedit_25_7084755369.gif?alt=media&token=ca7527b0-a214-46d4-af72-1062b3df1458,Australian media intelligence company Truescope has strengthened its position in North America by acquiring leading agency Universal Information Services (UIS ... coupled with Truescope’s technology will enable us to deliver a powerful and truly ...
01Synergy,https://hackernoon.com/company/01synergy,2023-03-16 21:00:00,https://www.benzinga.com/pressreleases/23/03/n31389614/signum-digital-obtained-the-approval-in-principle-from-the-sfc-on-the-first-security-token-offerin,Signum Digital Obtained the Approval-In-Principle from the SFC on the First Security Token Offering and Subscription Platform in Hong Kong,https://firebasestorage.googleapis.com/v0/b/hackernoon-app.appspot.com/o/images%2Fimageedit_25_7084755369.gif?alt=media&token=ca7527b0-a214-46d4-af72-1062b3df1458,"Coinstreet Holdings Limited ('""Coinstreet'"") is a leading global professional consultancy firm and solution provider in the digital asset sector and Somerley Capital"
01Synergy,https://hackernoon.com/company/01synergy,2023-06-02 13:58:00,https://phys.org/news/2023-06-tiny-magnetic-tracking-device-magneto-mechanical.html,Tiny magnetic tracking and sensing device uses magneto-mechanical resonators,https://firebasestorage.googleapis.com/v0/b/hackernoon-app.appspot.com/o/images%2Fimageedit_25_7084755369.gif?alt=media&token=ca7527b0-a214-46d4-af72-1062b3df1458&auto=format&fit=max&w=3840,A group of bio-engineers at Philips Research has developed a tiny magnetic tracking and sensing device that uses magneto-mechanical resonators to provide feedback. In their study reported in the journal Science
01Synergy,https://hackernoon.com/company/01synergy,2023-03-15 20:07:00,https://it.tmcnet.com/news/2023/03/15/9777602.htm,Synkrato pairs warehouse digital twins with artificial intelligence,https://firebasestorage.googleapis.com/v0/b/hackernoon-app.appspot.com/o/images%2Fimageedit_25_7084755369.gif?alt=media&token=ca7527b0-a214-46d4-af72-1062b3df1458&auto=format&fit=max&w=3840,The latest release of Synkrato Digital Twin and AI-Driven Logistics introduces new capabilities for warehouse optimization using an AI-based algorithm. SANTA CLARA Calif. March
01Synergy,https://hackernoon.com/company/01synergy,2023-01-12 11:27:00,https://financialit.net/news/management/syndio-partners-broadridge-pay-equity-financial-services-sector-looks-deliver-s-esg,Syndio Partners with Broadridge for Pay Equity as Financial Services Sector Looks to Deliver on the “S” in ESG,https://firebasestorage.googleapis.com/v0/b/hackernoon-app.appspot.com/o/images%2Fimageedit_25_7084755369.gif?alt=media&token=ca7527b0-a214-46d4-af72-1062b3df1458,Syndio the world''s leading workplace equity analytics platform announced a new partnership today with global Fintech leader Broadridge Financial Solutions (NYSE: BR). The company is employing Syndio’s technology to better enable the critical steps of measuring and deepening their commitment to pay equity.
01Synergy,https://hackernoon.com/company/01synergy,2023-01-07 14:27:00,https://finance.yahoo.com/news/apogee-acquires-cumulus-technology-services-154500351.html,Apogee Acquires Cumulus Technology Services Inc. to Enhance Managed Technology Services Leadership Position in Higher Education,https://firebasestorage.googleapis.com/v0/b/hackernoon-app.appspot.com/o/images%2Fimageedit_25_7084755369.gif?alt=media&token=ca7527b0-a214-46d4-af72-1062b3df1458,Acquisition Extends Apogee Networking and IT Expertise into Secure Cloud Services Building on Commitment to be the Managed Technology Services Partner of Choice for Colleges and Universities News ...
01Synergy,https://hackernoon.com/company/01synergy,2023-06-22 18:04:00,https://www.supplychainbrain.com/articles/37532-innovative-supply-chain-center-solution-launched-in-illinois,Innovative Supply Chain Center Solution Launched in Illinois,https://firebasestorage.googleapis.com/v0/b/hackernoon-app.appspot.com/o/images%2Fimageedit_25_7084755369.gif?alt=media&token=ca7527b0-a214-46d4-af72-1062b3df1458&auto=format&fit=max&w=3840,The center will cater to the state’s SMMs and OEMs providing them with the tools and services needed to strengthen their supply chains.
01Synergy,https://hackernoon.com/company/01synergy,2023-05-22 03:20:00,https://www.titech.ac.jp/english/event/2023/066641,"The 33rd Special Seminar of School of Engineering '""Sustainable Digitalization in Infrastructure and Construction – a German Perspective'""https://firebasestorage.googleapis.com/v0/b/hackernoon-app.appspot.com/o/images%2Fimageedit_25_7084755369.gif?alt=media&token=ca7527b0-a214-46d4-af72-1062b3df1458""In this seminar Professor Klemt‐Albert the director of the ICoM – the Institute for Construction Management Digital Engineering and Robotics in Construction at RWTH Aachen University will present current research results in the field of sustainable ...",,
01Synergyhttps://hackernoon.com/company/01synergy2023-01-12 11:58:00https://compoundsemiconductor.net/article/115947/Infineon_and_Resonac_expand_SiC_cooperationInfineon and Resonac expand SiC cooperationhttps://www.bing.com/th?id=OVFT.U9jiHYnIpFkJpmOPbUUldC&pid=NewsThe new set of contracts will deepen the long-term partnership on SiC material. According to the agreement Resonac will supply Infineon with SiC materials for the production of SiC semiconductors covering a double-digit share of the forecasted demand for the next decade.,,,,,,
01Synergyhttps://hackernoon.com/company/01synergy2023-05-04 06:09:00https://techbullion.com/differences-between-project-management-and-information-technology-project-management/Differences Between Project Management And Information Technology Project Managementhttps://firebasestorage.googleapis.com/v0/b/hackernoon-app.appspot.com/o/images%2Fimageedit_25_7084755369.gif?alt=media&token=ca7527b0-a214-46d4-af72-1062b3df1458As companies embrace technology and digitization the need for effective project management has increased tenfold. While project management remains a broad term Information Technology Project Management (ITPM) is a discipline that focuses explicitly on ...,,,,,,
01Synergyhttps://hackernoon.com/company/01synergy2023-04-21 07:37:00https://www.benzinga.com/pressreleases/23/04/n31929755/storedot-partners-with-vines-to-accelerate-the-development-of-extreme-fast-charging-xfc-batteriesSTOREDOT PARTNERS WITH VINES TO ACCELERATE THE DEVELOPMENT OF EXTREME FAST CHARGING (XFC) BATTERIEShttps://firebasestorage.googleapis.com/v0/b/hackernoon-app.appspot.com/o/images%2Fimageedit_25_7084755369.gif?alt=media&token=ca7527b0-a214-46d4-af72-1062b3df1458StoreDot is partnering with VinES to develop XFC battery cells and plan for commercialisationAgreement will focus on the development of several XFC types of cell form-factors expected to be adopted o,,,,,,
01Synergyhttps://hackernoon.com/company/01synergy2023-04-07 04:21:00https://www.linkedin.com/advice/0/what-some-latest-trends-innovations-vpn-technology-servicesWhat are some of the latest trends and innovations in VPN technology and services?https://firebasestorage.googleapis.com/v0/b/hackernoon-app.appspot.com/o/images%2Fimageedit_25_7084755369.gif?alt=media&token=ca7527b0-a214-46d4-af72-1062b3df1458It is also important to consider how much a VPN respects your privacy and if they log share or sell your personal information ... or software is. VPN technology and services are constantly ...,,,,,,
01Synergyhttps://hackernoon.com/company/01synergy2023-04-04 11:58:00https://markets.businessinsider.com/news/stocks/solvay-announces-strategic-collaboration-with-ginkgo-bioworks-and-expands-its-r-i-footprint-in-the-united-states-1032213247Solvay Announces Strategic Collaboration With Ginkgo Bioworks And Expands Its R&I Footprint In The United Stateshttps://www.bing.com/th?id=OVFT._xDX3_51owRvT2GeoJA8ny&pid=NewsReaders are cautioned not to put undue reliance on forward-looking statements and Ginkgo assumes no obligation and does not intend to update or revise these forward-looking statements whether as a result of new information future events or otherwise.,,,,,,
01Synergyhttps://hackernoon.com/company/01synergy2023-04-03 13:59:00https://www.gasworld.com/topics/technology/information-technology/Information Technologyhttps://firebasestorage.googleapis.com/v0/b/hackernoon-app.appspot.com/o/images%2Fimageedit_25_7084755369.gif?alt=media&token=ca7527b0-a214-46d4-af72-1062b3df1458The Independent Welding Distributors Cooperative’s (IWDC) Product Information Management (PIM) system is now available after a launch webinar on 1st February. This website uses cookies to improve your experience while you navigate through the website.,,,,,,
01Synergyhttps://hackernoon.com/company/01synergy2023-08-21 15:45:00https://www.tmcnet.com/usubmit/2023/08/21/9867515.htmVernier Science Education Launches Two New Sensors for High School and College-Level Environmental Sciencehttps://firebasestorage.googleapis.com/v0/b/hackernoon-app.appspot.com/o/images%2Fimageedit_25_7084755369.gif?alt=media&token=ca7527b0-a214-46d4-af72-1062b3df1458The Go Direct ® Pyranometer and Go Direct ® PAR (Photosynthetcally Active Radiation) Sensor enable students to easily and accurately collect and analyze scientific data BEAVERTON Ore. Aug. 21 2023 /PRNewswire/ -- Adding to its robust data-collection ...,,,,,,
"01Synergyhttps://hackernoon.com/company/01synergy2023-05-12 17:08:00https://www.americanbanker.com/news/j-p-morgan-chooses-vestwells-technology-for-small-business-401k-servicesJPMorgan chooses Vestwell's tech for small-business 401(k) serviceshttps://firebasestorage.googleapis.com/v0/b/hackernoon-app.appspot.com/o/images%2Fimageedit_25_7084755369.gif?alt=media&token=ca7527b0-a214-46d4-af72-1062b3df1458JPMorgan Asset Management will be using Vestwell''s technology to run its Everyday 401(k) program for small businesses the companies announced on Thursday. '""Enhancing our offering by coupling a modern technology platform with an assigned client success ...",,,,,,
01Synergy,https://hackernoon.com/company/01synergy,2023-01-12 09:06:00,https://siliconsemiconductor.net/article/115942/Infineon_and_Resonac_expand_cooperation,Infineon and Resonac expand cooperation,https://firebasestorage.googleapis.com/v0/b/hackernoon-app.appspot.com/o/images%2Fimageedit_25_7084755369.gif?alt=media&token=ca7527b0-a214-46d4-af72-1062b3df1458,"While the initial phase focuses on 6'"" SiC material supply Resonac will also support Infineon’s transition to 8'"" wafer-diameter during the later years of the agreement. As part of the cooperation Infineon will provide Resonac with intellectual property relating to SiC material technologies."
01Synergy,https://hackernoon.com/company/01synergy,2023-06-08 18:09:00,https://hk.finance.yahoo.com/news/alight-launches-behavioral-health-navigation-180200162.html,Alight launches new behavioral health navigation services aimed at supporting individuals and families with complex or severe needs,https://firebasestorage.googleapis.com/v0/b/hackernoon-app.appspot.com/o/images%2Fimageedit_25_7084755369.gif?alt=media&token=ca7527b0-a214-46d4-af72-1062b3df1458,June 08 2023--(BUSINESS WIRE)--Alight Inc. (NYSE: ALIT) a leading cloud-based human capital and technology services provider today announced the launch of enhanced services to help employees and families navigate complex behavioral health concerns.
01Synergy,https://hackernoon.com/company/01synergy,2023-07-04 06:30:00,https://thebftonline.com/2023/07/04/financial-service-providers-urged-to-prioritise-technology-customers/,Financial service providers urged to prioritise technology customers,https://firebasestorage.googleapis.com/v0/b/hackernoon-app.appspot.com/o/images%2Fimageedit_25_7084755369.gif?alt=media&token=ca7527b0-a214-46d4-af72-1062b3df1458&auto=format&fit=max&w=3840,The Executive Director of Proven Trusted Solutions Joseph Akossey has said prioritising the needs of customers and deployment of technological innovations within the financial services sector can help industry players gain competitive edge.
01Synergy,https://hackernoon.com/company/01synergy,2023-06-15 16:41:00,https://www.linkedin.com/pulse/global-managed-information-services-market-industry,Global Managed Information Services Market Global Industry Analysis and Opportunity Assessment 2023-2030,https://firebasestorage.googleapis.com/v0/b/hackernoon-app.appspot.com/o/images%2Fimageedit_25_7084755369.gif?alt=media&token=ca7527b0-a214-46d4-af72-1062b3df1458,Verified Market Reports study on the Global Managed Information Services Market provides users ... a multitude of industries including Energy Technology Manufacturing and Construction Chemicals ...
01Synergy,https://hackernoon.com/company/01synergy,2023-05-18 19:14:00,https://www.nasdaq.com/articles/thursday-sector-leaders:-technology-communications-services-4,Thursday Sector Leaders: Technology & Communications Services,https://firebasestorage.googleapis.com/v0/b/hackernoon-app.appspot.com/o/images%2Fimageedit_25_7084755369.gif?alt=media&token=ca7527b0-a214-46d4-af72-1062b3df1458,The best performing sector as of midday Thursday is the Technology & Communications ... BNK Invest Inc. provides investment services and information. BNK Invest owns and operates a market news ...
01Synergy,https://hackernoon.com/company/01synergy,2023-03-21 11:14:00,https://www.mansionglobal.com/articles/intelligent-alerts-smart-smoke-and-carbon-monoxide-alarms-for-your-home-1c559e85,Intelligent Alerts: Smart Smoke and Carbon Monoxide Alarms for Your Home,https://firebasestorage.googleapis.com/v0/b/hackernoon-app.appspot.com/o/images%2Fimageedit_25_7084755369.gif?alt=media&token=ca7527b0-a214-46d4-af72-1062b3df1458&auto=format&fit=max&w=3840,There are a lot of unnecessary alerts our smart devices send us day to day—but when it comes to smoke and carbon monoxide detectors the more information the better. Fortunately intelligent smoke and CO alarms come with an array of instructive (and convenient) features.
01Synergy,https://hackernoon.com/company/01synergy,2023-03-02 17:52:00,https://mhealthintelligence.com/news/remote-patient-monitoring-use-skyrockets-1300,Remote Patient Monitoring Use Skyrockets 1300%,https://firebasestorage.googleapis.com/v0/b/hackernoon-app.appspot.com/o/images%2Fimageedit_25_7084755369.gif?alt=media&token=ca7527b0-a214-46d4-af72-1062b3df1458&auto=format&fit=max&w=3840,New data shows that remote patient monitoring adoption spiked between 2019 and 2022 with high usage among internal medicine cardiology and family practice providers.
01Synergy,https://hackernoon.com/company/01synergy,2023-02-28 17:15:00,https://www.barrons.com/articles/athersys-expands-ip-protection-with-first-new-patent-for-sifu-r-technology-c0ddf1d0,Athersys Expands IP Protection with First New Patent for SIFU(R) Technology,https://firebasestorage.googleapis.com/v0/b/hackernoon-app.appspot.com/o/images%2Fimageedit_25_7084755369.gif?alt=media&token=ca7527b0-a214-46d4-af72-1062b3df1458,(NASDAQ: ATHX) a cell therapy and regenerative medicine company developing MultiStem(R) (invimestrocel) for critical care indications announced today that the United States Patent and Trademark Office has granted the Company a new patent for its novel cryogenic storage system
01Synergy,https://hackernoon.com/company/01synergy,2023-05-09 09:00:00,https://businessjournaldaily.com/state-controlling-board-approves-806k-in-funding-for-ysu/,State Controlling Board Approves $806K in Funding for YSU,https://firebasestorage.googleapis.com/v0/b/hackernoon-app.appspot.com/o/images%2Fimageedit_25_7084755369.gif?alt=media&token=ca7527b0-a214-46d4-af72-1062b3df1458&auto=format&fit=max&w=3840,The state Controlling Board on Monday approved $806247 in funding for improvements and renovations to several STEM science labs at YSU.
01Synergy,https://hackernoon.com/company/01synergy,2023-05-09 10:30:00,https://www.aircargoweek.com/chartersync-launches-game-changing-end-to-end-booking-process-and-management-system/,CharterSync launches game-changing end-to-end booking process and management system,https://firebasestorage.googleapis.com/v0/b/hackernoon-app.appspot.com/o/images%2Fimageedit_25_7084755369.gif?alt=media&token=ca7527b0-a214-46d4-af72-1062b3df1458&auto=format&fit=max&w=3840,Air cargo charter expert CharterSync is celebrating four years of air cargo charter disruption by becoming the first air cargo charter company
01Synergy,https://hackernoon.com/company/01synergy,2023-08-17 13:06:00,https://www.businesswire.com/news/home/20230817262867/en/,OSI Systems Secures $14 Million Contract for Advanced Security Inspection Technology and Services,https://firebasestorage.googleapis.com/v0/b/hackernoon-app.appspot.com/o/images%2Fimageedit_25_7084755369.gif?alt=media&token=ca7527b0-a214-46d4-af72-1062b3df1458,For more information on OSI Systems or any of its subsidiary companies visit www.osi-systems.com. News Filter: OSIS-G Forward-Looking Statements This press release contains forward-looking ...
01Synergy,https://hackernoon.com/company/01synergy,2023-06-28 06:03:00,https://markets.businessinsider.com/news/stocks/eqs-news-synlab-ag-synlab-invests-in-innovative-healthcare-centre-in-florence-1032413969,EQS-News: SYNLAB AG: SYNLAB invests in innovative Healthcare Centre in Florence,https://firebasestorage.googleapis.com/v0/b/hackernoon-app.appspot.com/o/images%2Fimageedit_25_7084755369.gif?alt=media&token=ca7527b0-a214-46d4-af72-1062b3df1458,SYNLAB invests in innovative Healthcare Centre in Florence strengthening its position as leading diagnostic services provider in Italy. SYNLAB invests 8 million to build a new 40
01Synergy,https://hackernoon.com/company/01synergy,2023-06-02 13:36:00,https://markets.businessinsider.com/news/stocks/team-d3-joins-forces-with-microdesk-and-symetri-and-strengthens-their-offering-and-expertise-1032367389,Team D3 Joins Forces with Microdesk and Symetri and Strengthens Their Offering and Expertise,https://firebasestorage.googleapis.com/v0/b/hackernoon-app.appspot.com/o/images%2Fimageedit_25_7084755369.gif?alt=media&token=ca7527b0-a214-46d4-af72-1062b3df1458,Symetri creates and provides technology solutions and services for design engineering construction and manufacturing businesses. Symetri empowers people to work smarter for a better future by ensuring they have access to the expertise and technology ...
01Synergy,https://hackernoon.com/company/01synergy,2023-05-20 07:55:00,https://finance.yahoo.com/news/think-fidelity-national-information-services-082133891.html,Do You Think Fidelity National Information Services (FIS)’s Current Valuation is Attractive?,https://firebasestorage.googleapis.com/v0/b/hackernoon-app.appspot.com/o/images%2Fimageedit_25_7084755369.gif?alt=media&token=ca7527b0-a214-46d4-af72-1062b3df1458,Headquartered in Jacksonville Florida Fidelity National Information Services Inc. (NYSE:FIS) is a financial technology solutions provider. On May 16 2023 Fidelity National Information ...
01Synergy,https://hackernoon.com/company/01synergy,2023-10-04 13:45:00,https://www.waketech.edu/programs-courses/credit/human-services-technology/degrees-programs,Degrees & Pathways,https://firebasestorage.googleapis.com/v0/b/hackernoon-app.appspot.com/o/images%2Fimageedit_25_7084755369.gif?alt=media&token=ca7527b0-a214-46d4-af72-1062b3df1458,The Human Services Technology Addiction and Recovery Studies concentration prepares students to assist in drug and alcohol counseling prevention-oriented educational activities rehabilitation with recovering clients managing community-based programs ...
01Synergy,https://hackernoon.com/company/01synergy,2023-10-04 23:11:00,https://www.wwlp.com/news/local-news/springfield-technology-park-renovated-space-for-new-massachusetts-department-of-developmental-services-location/,Springfield Technology Park renovated space for new Massachusetts Department of Developmental Services location,https://firebasestorage.googleapis.com/v0/b/hackernoon-app.appspot.com/o/images%2Fimageedit_25_7084755369.gif?alt=media&token=ca7527b0-a214-46d4-af72-1062b3df1458,(WWLP) – The Massachusetts Department of Development Services (DDS) which serves those in need with disabilities relocated to a renovated office space inside Springfield Technology Park.
01Synergy,https://hackernoon.com/company/01synergy,2023-03-07 06:00:00,https://www.newsweek.com/topic/department-health-and-human-services,Department of Health and Human Services,https://firebasestorage.googleapis.com/v0/b/hackernoon-app.appspot.com/o/images%2Fimageedit_25_7084755369.gif?alt=media&token=ca7527b0-a214-46d4-af72-1062b3df1458,Data from the Department of Health and Human Services reportedly shows that 4890 out of 14600 calls made to migrant children and their sponsors went unanswered between January and May of this year.
01Synergy,https://hackernoon.com/company/01synergy,2023-03-13 00:46:00,https://www.unesco.org/en/unesco-access-information-policy,UNESCO Access to Information Policy,https://firebasestorage.googleapis.com/v0/b/hackernoon-app.appspot.com/o/images%2Fimageedit_25_7084755369.gif?alt=media&token=ca7527b0-a214-46d4-af72-1062b3df1458,However the effective functioning of the Organization confidentiality concerns and the need to protect its staff stakeholders and partners require that some information cannot be disclosed. This Policy is consistent with the provisions in UNESCO''s ...
01Synergy,https://hackernoon.com/company/01synergy,2022-12-20 10:37:00,https://www.pharmaceutical-technology.com/sponsored/how-competitors-are-collaborating-to-shape-biopharma-best-practices-and-regulations-of-the-future/,How competitors are collaborating to shape biopharma best practices and regulations of the future,https://firebasestorage.googleapis.com/v0/b/hackernoon-app.appspot.com/o/images%2Fimageedit_25_7084755369.gif?alt=media&token=ca7527b0-a214-46d4-af72-1062b3df1458,Recognizing an industry need for effective aseptic filling solutions a group of independent companies recently came together to assess the performance of innovative aseptic filling technology ... policy for more information about our services how we ...
01Synergy,https://hackernoon.com/company/01synergy,2023-03-22 12:48:00,https://markets.businessinsider.com/news/stocks/ordr-announces-integration-with-servicenow-service-graph-connector-program-1032184611,Ordr Announces Integration with ServiceNow Service Graph Connector Program,https://firebasestorage.googleapis.com/v0/b/hackernoon-app.appspot.com/o/images%2Fimageedit_25_7084755369.gif?alt=media&token=ca7527b0-a214-46d4-af72-1062b3df1458,IT organizations are empowered with a broad and deep data foundation for managing the entire lifecycle of digital products and services. Service Graph underpins all ServiceNow products allowing customers to tie together technology people and processes ...
01Synergy,https://hackernoon.com/company/01synergy,2023-01-23 07:46:00,https://www.breakingtravelnews.com/news/article/discover-the-future-of-hospitality-operations-and-technology-at-the-venetia/,Discover the Future of Hospitality Operations and Technology at The Venetian Las Vegas – June 27-29,https://firebasestorage.googleapis.com/v0/b/hackernoon-app.appspot.com/o/images%2Fimageedit_25_7084755369.gif?alt=media&token=ca7527b0-a214-46d4-af72-1062b3df1458,attendees will have the opportunity to discover leading products and services from over 300 vendors. From an immersive lobby walk-through all the way to a sample guest room with technology demos ...
01Synergy,https://hackernoon.com/company/01synergy,2023-04-04 08:58:00,https://www.msn.com/en-in/money/news/iiit-hyderabad-partners-with-synergy-quantum-launches-synergy-quantum-solution-lab/ar-AA19rv5P,IIIT Hyderabad partners with Synergy Quantum; launches Synergy Quantum Solution Lab,https://firebasestorage.googleapis.com/v0/b/hackernoon-app.appspot.com/o/images%2Fimageedit_25_7084755369.gif?alt=media&token=ca7527b0-a214-46d4-af72-1062b3df1458&auto=format&fit=max&w=3840,The primary objective of this partnership is to create economically viable quantum technologies and explore their potential applications in military and civilian domains.
10Clouds,https://hackernoon.com/company/10clouds,2023-01-07 13:00:46,https://www.msn.com/en-us/money/careers/tech-workers-had-their-pick-of-jobs-for-years-that-era-is-over-for-now/ar-AA164CIO,Tech workers had their pick of jobs for years. That era is over for now.,https://firebasestorage.googleapis.com/v0/b/hackernoon-app.appspot.com/o/images%2Fimageedit_25_7084755369.gif?alt=media&token=ca7527b0-a214-46d4-af72-1062b3df1458&auto=format&fit=max&w=3840,Tech companies have slashed hundreds of thousands of jobs flooding the labor market with skilled talent who are competing for the same positions.
01Synergy,https://hackernoon.com/company/01synergy,2023-05-18 06:36:00,http://bizenglish.adaderana.lk/samantha-rajapaksa-joins-ey-global-delivery-services-as-sri-lanka-location-consulting-leader/,Samantha Rajapaksa joins EY Global Delivery Services as Sri Lanka Location & Consulting Leader,https://firebasestorage.googleapis.com/v0/b/hackernoon-app.appspot.com/o/images%2Fimageedit_25_7084755369.gif?alt=media&token=ca7527b0-a214-46d4-af72-1062b3df1458&auto=format&fit=max&w=3840,EY Global Delivery Services (GDS) recently announced the appointment of Samantha Rajapaksa as the Location and Consulting Leader at EY GDS Sri Lanka. Samantha is a highly accomplished professional with over three decades of both local and international experience in various business landscapes
01Synergy,https://hackernoon.com/company/01synergy,2023-02-17 15:24:00,https://www.fool.com/investing/stock-market/market-sectors/information-technology/,Investing in Tech Stocks,https://firebasestorage.googleapis.com/v0/b/hackernoon-app.appspot.com/o/images%2Fimageedit_25_7084755369.gif?alt=media&token=ca7527b0-a214-46d4-af72-1062b3df1458,The technology sector is vast comprising gadget makers software developers wireless providers streaming services semiconductor companies and cloud computing providers to name just a few.
01Synergy,https://hackernoon.com/company/01synergy,2023-04-03 19:24:00,https://www.themountaineer.com/news/state/using-technology-to-improve-government-services/article_7614afc2-05d3-5b30-b6f2-acce906203e7.html,Using technology to improve government services,https://firebasestorage.googleapis.com/v0/b/hackernoon-app.appspot.com/o/images%2Fimageedit_25_7084755369.gif?alt=media&token=ca7527b0-a214-46d4-af72-1062b3df1458,(The Center Square) – In Person County local officials used the county’s Geographic Information System to streamline the process for installing and fixing road signs. The same technology was used to build collaboration between city and county ...
01Synergy,https://hackernoon.com/company/01synergy,2023-02-08 18:29:00,https://www.information-age.com/keys-to-successful-ma-technology-integration-123501363/,Keys to successful M&A technology integration,https://firebasestorage.googleapis.com/v0/b/hackernoon-app.appspot.com/o/images%2Fimageedit_25_7084755369.gif?alt=media&token=ca7527b0-a214-46d4-af72-1062b3df1458,One of the most important components of any successful merger or acquisition (M&A) is the timely integration of two separate technology networks. Combining them into a highly functional networked technology infrastructure keeps the new business entity ...
01Synergy,https://hackernoon.com/company/01synergy,2023-05-04 11:48:00,https://sana.sy/en/?p=307626,Syrian-Iranian talks to boost cooperation in communications and information technology field,https://firebasestorage.googleapis.com/v0/b/hackernoon-app.appspot.com/o/images%2Fimageedit_25_7084755369.gif?alt=media&token=ca7527b0-a214-46d4-af72-1062b3df1458,Damascus SANA- Minister of Communications and Technology Iyad al-Khatib discussed on Thursday with Iran’s Minister of Information ... improving communication services in Syria and completing ...
01Synergy,https://hackernoon.com/company/01synergy,2023-04-21 06:23:00,https://www.computerweekly.com/blog/Write-side-up-by-Freeform-Dynamics/Manage-services-not-systems,The key to future IT success is the switch to managing services not systems,https://firebasestorage.googleapis.com/v0/b/hackernoon-app.appspot.com/o/images%2Fimageedit_25_7084755369.gif?alt=media&token=ca7527b0-a214-46d4-af72-1062b3df1458,Put together all this enables IT to flex systems to ensure that users be they internal external or other computer systems get the quality of service they need most notably in terms of responsiveness.
01Synergy,https://hackernoon.com/company/01synergy,2023-04-01 00:42:00,https://www.investopedia.com/terms/g/gst.asp,Goods and Services Tax (GST): Definition Types and How It''s Calculated,https://firebasestorage.googleapis.com/v0/b/hackernoon-app.appspot.com/o/images%2Fimageedit_25_7084755369.gif?alt=media&token=ca7527b0-a214-46d4-af72-1062b3df1458,"Investopedia / Nez Riaz The goods and services tax (GST ... Government of Canada. '""General Information for GST/HST Registrants.'"" Prince Edward Island Canada. '""Backgrounder: Harmonized Sales ..."
01Synergyhttps://hackernoon.com/company/01synergy2023-02-03 14:05:00https://www.ksn.com/news/local/wichita-and-sedgwick-county-leaders-excited-about-integra-chip-plant-announcement/Wichita and Sedgwick County leaders excited about Integra chip plant announcementhttps://www.bing.com/th?id=OVFT.GeVpEejNtYuPi2Wp5i3SgC&pid=NewsLocal leaders are calling Gov. Laura Kelly’s announcement of Integra Technologies’ $1.8 billion investment a critical first step to bringing a semiconductor plant to Wichita. They are stressing the fact nothing is guaranteed just yet.,,,,,,
01Synergyhttps://hackernoon.com/company/01synergy2023-03-09 20:03:00https://www.gov.uk/government/news/plan-to-forge-a-better-britain-through-science-and-technology-unveiledPlan to forge a better Britain through science and technology unveiledhttps://firebasestorage.googleapis.com/v0/b/hackernoon-app.appspot.com/o/images%2Fimageedit_25_7084755369.gif?alt=media&token=ca7527b0-a214-46d4-af72-1062b3df1458We also use cookies set by other sites to help us deliver content from their services. The Prime Minister and Technology Secretary today launched the government’s plan to cement the UK’s place ...,,,,,,
01Synergyhttps://hackernoon.com/company/01synergy2023-02-03 00:00:00https://www.nationalacademies.org/topics/policy-for-science-and-technologyPolicy for Science and Technology | Topichttps://firebasestorage.googleapis.com/v0/b/hackernoon-app.appspot.com/o/images%2Fimageedit_25_7084755369.gif?alt=media&token=ca7527b0-a214-46d4-af72-1062b3df1458These cookies do not store any personally identifiable information. These cookies enable the website to provide enhanced functionality and personalisation. They may be set by us or by third party providers whose services we have added to our pages.,,,,,,
01Synergyhttps://hackernoon.com/company/01synergy2023-01-23 07:13:00https://thethaiger.com/news/health-news-2/know-your-mouse-facial-recognition-technology-coming-for-mickey-and-mightyKnow your mouse – facial recognition technology coming for Mickey and Mightyhttps://firebasestorage.googleapis.com/v0/b/hackernoon-app.appspot.com/o/images%2Fimageedit_25_7084755369.gif?alt=media&token=ca7527b0-a214-46d4-af72-1062b3df1458It has since moved on to kill rats in customers’ houses to test the technology and while it remains in the early stages the company hopes it will make pest control more effective and efficient. Rentokil Initial is a British business services group ...,,,,,,
01Synergyhttps://hackernoon.com/company/01synergy2023-09-20 21:39:00https://www.pcmag.com/picks/the-best-email-encryption-servicesThe Best Email Encryption Services for 2023https://firebasestorage.googleapis.com/v0/b/hackernoon-app.appspot.com/o/images%2Fimageedit_25_7084755369.gif?alt=media&token=ca7527b0-a214-46d4-af72-1062b3df1458The top email encryption services we''ve tested can help keep snoops out of your messages. When the IBM PC was new I served as the president of the San Francisco PC User Group for three years.,,,,,,
01Synergyhttps://hackernoon.com/company/01synergy2023-04-04 11:03:00https://www.bizjournals.com/baltimore/news/2023/04/04/cool-digs-innovative-offices-baltimore-maryland.htmlCool Digs Inno Edition: Six innovation-forward offices in Greater Baltimorehttps://www.bing.com/th?id=OVFT.9BfEotaJ7uQ47k9GKZj30C&pid=NewsThey''ve shifted to shared desks added even more collaborative spaces and invested in remote teleconferencing and other technology to support communications between a mix of remote and in-person staff. Many of those changes — and a few perks like arcade ...,,,,,,
01Synergyhttps://hackernoon.com/company/01synergy2023-02-01 21:33:00https://www.hawaiibusiness.com/industry-outlook-information-technology/Information Technology Outlook feat. Hawaiian Telcomhttps://firebasestorage.googleapis.com/v0/b/hackernoon-app.appspot.com/o/images%2Fimageedit_25_7084755369.gif?alt=media&token=ca7527b0-a214-46d4-af72-1062b3df1458With our expanded range of services and ... our customers’ IT and technology needs so that they can focus on running their businesses. Mahalo to this year's Industry Outlook partners for providing our readers with useful information in their respective ...,,,,,,
01Synergyhttps://hackernoon.com/company/01synergy2023-04-21 13:26:00https://finance.yahoo.com/news/information-technology-global-market-report-132400336.htmlInformation Technology Global Market Report 2023https://firebasestorage.googleapis.com/v0/b/hackernoon-app.appspot.com/o/images%2Fimageedit_25_7084755369.gif?alt=media&token=ca7527b0-a214-46d4-af72-1062b3df1458The information technology (IT) market consists of revenues earned by entities by providing IT services such as computer networking broadcasting systems design services and information ...,,,,,,
01Synergyhttps://hackernoon.com/company/01synergy2023-06-15 16:41:00https://www.linkedin.com/pulse/global-managed-information-services-market-industryGlobal Managed Information Services Market Global Industry Analysis and Opportunity Assessment 2023-2030https://firebasestorage.googleapis.com/v0/b/hackernoon-app.appspot.com/o/images%2Fimageedit_25_7084755369.gif?alt=media&token=ca7527b0-a214-46d4-af72-1062b3df1458Verified Market Reports study on the Global Managed Information Services Market provides users ... a multitude of industries including Energy Technology Manufacturing and Construction Chemicals ...,,,,,,
"01Synergyhttps://hackernoon.com/company/01synergy2023-03-21 12:05:00https://www.victoriaadvocate.com/g-p-and-ukg-announce-technology-integration-partnership/article_cc6bb730-67b7-5f17-a78e-676111b5e4df.htmlG-P and UKG Announce Technology Integration Partnershiphttps://firebasestorage.googleapis.com/v0/b/hackernoon-app.appspot.com/o/images%2Fimageedit_25_7084755369.gif?alt=media&token=ca7527b0-a214-46d4-af72-1062b3df1458Partnership will provide joint customers with new functionalities and solutions that reduce cost errors and time. '""At G-P strategically partnering with the right providers is an invaluable part ...",,,,,,
01Synergy,https://hackernoon.com/company/01synergy,2023-05-10 20:31:00,https://technews.tmcnet.com/news/2023/05/10/9812025.htm,PSG Launches New and Updated Flow-Sensor and Flow-Measurement Technologies,https://firebasestorage.googleapis.com/v0/b/hackernoon-app.appspot.com/o/images%2Fimageedit_25_7084755369.gif?alt=media&token=ca7527b0-a214-46d4-af72-1062b3df1458,PSG part of Dover (NYSE: DOV) and a global pump metering and dispensing-solution expert today announced the launch of its new BioProTT™ FlowSU System and updated SumoFlo® CPFM-8103 Single-Use Coriolis Mass Flow Meter technologies.
01Synergy,https://hackernoon.com/company/01synergy,2023-04-26 03:03:00,https://www.news.com.au/technology/online/centrelink-services-crash-across-australia/news-story/8d5588451efca7e7af5f26199f465a63,Centrelink says some ‘experiencing delays’ with payments following multiple outage reports,https://firebasestorage.googleapis.com/v0/b/hackernoon-app.appspot.com/o/images%2Fimageedit_25_7084755369.gif?alt=media&token=ca7527b0-a214-46d4-af72-1062b3df1458,Centrelink says some customers may be experiencing payment delays following multiple reports of their online services being down. No issues had been detected with Centrelink’s online systems ...
01Synergy,https://hackernoon.com/company/01synergy,2023-04-24 20:42:00,https://www.tmcnet.com/usubmit/2023/04/24/9800585.htm,Biz Technology Solutions and New Charter Highlight a Growing Trend in Managed IT Services,https://firebasestorage.googleapis.com/v0/b/hackernoon-app.appspot.com/o/images%2Fimageedit_25_7084755369.gif?alt=media&token=ca7527b0-a214-46d4-af72-1062b3df1458,One example is the recent partnership between Biz Technology Solutions (News - Alert) (BTS) and New Charter Technologies. This new partnership enables BTS to offer a wider range of expert services access to advanced technologies and the ability to scale ...
01Synergy,https://hackernoon.com/company/01synergy,2023-04-26 00:00:00,https://www.seniorliving.org/tech/,Technology for Seniors,https://firebasestorage.googleapis.com/v0/b/hackernoon-app.appspot.com/o/images%2Fimageedit_25_7084755369.gif?alt=media&token=ca7527b0-a214-46d4-af72-1062b3df1458,We are confident that with a little guidance and practice you can get the hang of any technology you want to learn. And we are here as a resource for you every step of the way! Let’s take a look at some of our favorite tech services for seniors.
01Synergy,https://hackernoon.com/company/01synergy,2023-01-23 21:44:00,https://www.libyaherald.com/2023/01/libya-exhibition-for-exporting-communications-and-information-technology-services-ecits-2023-20-to-22-february-at-tripoli-sports-city/,Libya Exhibition for Exporting Communications and Information Technology Services (ECITS) 2023: 20 to 22 February at Tripoli Sports City,https://firebasestorage.googleapis.com/v0/b/hackernoon-app.appspot.com/o/images%2Fimageedit_25_7084755369.gif?alt=media&token=ca7527b0-a214-46d4-af72-1062b3df1458,The Libyan Export Promotion Centre (LEPC) has announced that the Libya Exhibition for Export of Communications and Information Technology Services 2023 (ECITS) will now be held from 20 to 22 February at Tripoli Sports City. It will be recalled that Libya ...
01Synergy,https://hackernoon.com/company/01synergy,2023-02-17 09:57:00,https://www.msn.com/en-in/money/news/orion-innovation-acquires-sryas-inc-for-an-undisclosed-sum/ar-AA17Bo4T,Orion Innovation acquires Sryas Inc for an 'undisclosed sum',https://firebasestorage.googleapis.com/v0/b/hackernoon-app.appspot.com/o/images%2Fimageedit_25_7084755369.gif?alt=media&token=ca7527b0-a214-46d4-af72-1062b3df1458&auto=format&fit=max&w=3840,"Digital transformation and product development services firm Orion Innovation has acquired global technology company Sryas Inc for an '""undisclosed sum'' a top official said on Friday. The one hundred per cent acquisition has been '""completed'"" and Sryas Inc ..."
01Synergyhttps://hackernoon.com/company/01synergy2023-02-14 17:54:00https://www.assetservicingtimes.com/assetservicesnews/technologyarticle.php?article_id=14011&navigationaction=home&page=1&newssection=technologyCACEIS adds OSMOZE to its Connect Storehttps://www.bing.com/th?id=OVFT.wZzitaHuY3UjYlklN9KUNC&pid=NewsCACEIS and fintech Heavenize have partnered to launch OSMOZE a decision-making dashboard for all asset classes. The platform will be offered to management companies and institutional investor clients.,,,,,,
01Synergyhttps://hackernoon.com/company/01synergy2023-06-16 13:00:00https://cloudsecurityalliance.org/blog/2023/06/16/csa-s-enterprise-architecture-technology-solution-services-tss/CSA’s Enterprise Architecture: Technology Solution Services (TSS)https://firebasestorage.googleapis.com/v0/b/hackernoon-app.appspot.com/o/images%2Fimageedit_25_7084755369.gif?alt=media&token=ca7527b0-a214-46d4-af72-1062b3df1458The four technology solution domains are Presentation Services Application Services Information Services and Infrastructure Services: Presentation is the website you see when you go to an online bank the voice on the phone when you call the airline ...,,,,,,
"01Synergyhttps://hackernoon.com/company/01synergy2023-06-13 23:16:00https://www.reuters.com/technology/amazon-says-multiple-cloud-services-down-users-2023-06-13/Amazon cloud services back up after big outage hits thousands of usershttps://firebasestorage.googleapis.com/v0/b/hackernoon-app.appspot.com/o/images%2Fimageedit_25_7084755369.gif?alt=media&token=ca7527b0-a214-46d4-af72-1062b3df1458According to research in the past year from the cloud company Datadog more than half of organizations operating in the cloud use Lambda or rival services known as '""serverless'"" technology.",,,,,,
01Synergyhttps://hackernoon.com/company/01synergy2023-02-28 17:15:00https://www.barrons.com/articles/athersys-expands-ip-protection-with-first-new-patent-for-sifu-r-technology-c0ddf1d0Athersys Expands IP Protection with First New Patent for SIFU(R) Technologyhttps://firebasestorage.googleapis.com/v0/b/hackernoon-app.appspot.com/o/images%2Fimageedit_25_7084755369.gif?alt=media&token=ca7527b0-a214-46d4-af72-1062b3df1458(NASDAQ: ATHX) a cell therapy and regenerative medicine company developing MultiStem(R) (invimestrocel) for critical care indications announced today that the United States Patent and Trademark Office has granted the Company a new patent for its novel cryogenic storage system,,,,,,
01Synergyhttps://hackernoon.com/company/01synergy2023-06-30 17:36:00https://www.galvnews.com/news_ap/business/ey-announces-sonya-locke-of-eds-service-solutions-llc-as-an-entrepreneur-of-the-year/article_434a02a4-984c-57bd-9657-c251c8d5f9fd.html?block_id=531919EY Announces Sonya Locke of EDS Service Solutions LLC as an Entrepreneur Of The Year® 2023 Southeast Award Winnerhttps://www.bing.com/th?id=OVFT.-Dn89kMreW0Ybq4390ZQ-y&pid=NewsErnst & Young LLP (EY US) today announced that CEO Sonya Locke of EDS Service Solutions LLC was named an Entrepreneur Of The Year ® 2023 Southeast Award winner. The Entrepreneur Of The Year Awards program is one of the preeminent competitive awards for entrepreneurs and leaders of high-growth companies.,,,,,,
01Synergyhttps://hackernoon.com/company/01synergy2023-09-08 05:59:00https://www.iaea.org/newscenter/news/iaea-profile-rola-ghneim-khreis-the-iaeas-first-woman-director-of-information-technologyIAEA Profile: Rola Ghneim Khreis the IAEA’s First Woman Director of Information Technologyhttps://firebasestorage.googleapis.com/v0/b/hackernoon-app.appspot.com/o/images%2Fimageedit_25_7084755369.gif?alt=media&token=ca7527b0-a214-46d4-af72-1062b3df1458At the last minute Khreis enrolled to study computer science which led to a career in information technology (IT ... Later as IT Service Manager and then Unit Head of IT Services Design she worked on the implementation of IT service management best ...,,,,,,
01Synergyhttps://hackernoon.com/company/01synergy2023-03-21 00:00:00https://www.investopedia.com/terms/d/distributed-ledger-technology-dlt.aspDistributed Ledger Technology (DLT): Definition and How It Workshttps://firebasestorage.googleapis.com/v0/b/hackernoon-app.appspot.com/o/images%2Fimageedit_25_7084755369.gif?alt=media&token=ca7527b0-a214-46d4-af72-1062b3df1458Fujitsu a global data and information technology company ... Some people may have not have access to traditional banking services. As DLT often relies only on an internet connection individuals ...,,,,,,
01Synergyhttps://hackernoon.com/company/01synergy2023-02-02 18:29:00https://www.computerweekly.com/feature/Is-composable-business-the-most-essential-technology-trend-to-meet-the-challenges-of-2023-and-beyondIs composable business most essential technology trend to meet challenges of 2023 and beyond?https://firebasestorage.googleapis.com/v0/b/hackernoon-app.appspot.com/o/images%2Fimageedit_25_7084755369.gif?alt=media&token=ca7527b0-a214-46d4-af72-1062b3df1458The company’s multiple products were then centralised in a single Akeneo product information ... services company harnesses ML for several use cases and aims to deploy the technology at scale ...,,,,,,
01Synergyhttps://hackernoon.com/company/01synergy2023-06-30 05:08:00https://www.lse.co.uk/ShareChat.html?ShareTicker=SYN&thread=7C0403D9-A368-4A92-B03B-50328C5E23AFSynergia Energy Share Chathttps://firebasestorage.googleapis.com/v0/b/hackernoon-app.appspot.com/o/images%2Fimageedit_25_7084755369.gif?alt=media&token=ca7527b0-a214-46d4-af72-1062b3df1458The IP address of all posts is recorded to aid in enforcing these conditions. As a user you agree to any information you have entered being stored in a database. You agree that we have the right to remove edit move or close any topic or board at any time ...,,,,,,
01Synergyhttps://hackernoon.com/company/01synergy2023-04-03 09:43:00https://www.staffordshire.gov.uk/Advice-support-and-care-for-adults/Information-for-providers/Market-Position-Statements/All-adults/Community-equipment-assistive-technology-and-adaptation-services.aspxCommunity equipment assistive technology and adaptation serviceshttps://firebasestorage.googleapis.com/v0/b/hackernoon-app.appspot.com/o/images%2Fimageedit_25_7084755369.gif?alt=media&token=ca7527b0-a214-46d4-af72-1062b3df1458Within the council we are supporting people to find out more about telecare and assistive technology and have access to the information they need to purchase telecare services and equipment that meets their needs by: bringing them into the mainstream ...,,,,,,
01Synergyhttps://hackernoon.com/company/01synergy2023-01-31 12:57:00https://wdez.com/2023/01/31/russian-tech-giant-yandex-says-code-leaked-in-cybersecurity-incident/Russian tech giant Yandex says code leaked in cybersecurity incidenthttps://www.bing.com/th?id=OVFT.MpdJJ_GoSsNpP3f0H0GREy&pid=NewsRussian tech giant Yandex said on Tuesday that fragments of its program code had been leaked online with a preliminary,,,,,,
01Synergyhttps://hackernoon.com/company/01synergy2023-01-23 21:33:00https://thepeninsulaqatar.com/article/23/01/2023/qatar-participates-in-meeting-of-council-of-arab-ministers-of-communications-and-informationQatar participates in meeting of Council of Arab Ministers of Communications and Informationhttps://firebasestorage.googleapis.com/v0/b/hackernoon-app.appspot.com/o/images%2Fimageedit_25_7084755369.gif?alt=media&token=ca7527b0-a214-46d4-af72-1062b3df1458Cairo: Qatar participated in the 26th session of the Council of Arab Ministers of Communications and Information ... and information technology facilities and services and to develop an Arab ...,,,,,,
01Synergyhttps://hackernoon.com/company/01synergy2023-04-23 22:31:00https://www.nasdaq.com/articles/fidelity-national-information-services-fis-declares-$0.52-dividendFidelity National Information Services (FIS) Declares $0.52 Dividendhttps://firebasestorage.googleapis.com/v0/b/hackernoon-app.appspot.com/o/images%2Fimageedit_25_7084755369.gif?alt=media&token=ca7527b0-a214-46d4-af72-1062b3df1458Fidelity National Information Services said on April 20 ... FIS is a leading provider of technology solutions for merchants banks and capital markets firms globally. Its employees are dedicated ...,,,,,,
01Synergyhttps://hackernoon.com/company/01synergy2023-02-01 11:23:00https://technuter.com/global-tech/truescope-acquires-us-firm-universal-information-services.htmlTruescope Acquires US Firm Universal Information Serviceshttps://firebasestorage.googleapis.com/v0/b/hackernoon-app.appspot.com/o/images%2Fimageedit_25_7084755369.gif?alt=media&token=ca7527b0-a214-46d4-af72-1062b3df1458Australian media intelligence company Truescope has strengthened its position in North America by acquiring leading agency Universal Information Services (UIS ... coupled with Truescope’s technology will enable us to deliver a powerful and truly ...,,,,,,
01Synergyhttps://hackernoon.com/company/01synergy2023-01-26 16:42:00https://diginomica.com/servicenow-eyes-85-billion-revenue-2023-delivers-solid-quarterServiceNow eyes $8.5 billion revenue in 2023 - delivers solid quarterhttps://www.bing.com/th?id=OVFT.H5lm2kYSUST-GUrF0R_NPC&pid=NewsServiceNow CEO Bill McDermott believes that the current macroeconomic conditions are working in the vendor’s favor as buyers make more informed decisions about value.,,,,,,
01Synergyhttps://hackernoon.com/company/01synergy2023-01-24 16:37:00https://www.tmcnet.com/usubmit/-ty-seidule-joins-exco-group-as-senior-advisor-/2023/01/24/9748403.htmTy Seidule Joins The ExCo Group as a Senior Advisorhttps://www.bing.com/th?id=OVFT.DGeO14r3Dgi6un0Ji2MlIy&pid=NewsThe ExCo Group a global senior leadership development firm has announced that Brigadier General Ty Seidule U.S. Army (Retired) has joined the company as a Senior Advisor. Seidule is a veteran author,,,,,,
01Synergyhttps://hackernoon.com/company/01synergy2023-01-19 15:08:00https://www.devdiscourse.com/article/business/2324963-lt-technology-services-selected-as-strategic-engineering-partner-to-airbus-for-advanced-capabilities-and-digital-manufactuL&T Technology Services Selected as Strategic Engineering Partner to Airbus for Advanced Capabilities and Digital Manufacturing Serviceshttps://firebasestorage.googleapis.com/v0/b/hackernoon-app.appspot.com/o/images%2Fimageedit_25_7084755369.gif?alt=media&token=ca7527b0-a214-46d4-af72-1062b3df1458Bengaluru Karnataka India – Business Wire India L&T Technology Services Limited (BSE ... 28 global sales offices and 91 innovation labs as of December 31 2022. For more information please visit www.LTTS.com,,,,,,
01Synergyhttps://hackernoon.com/company/01synergy2023-01-06 07:31:00https://www.nextgov.com/emerging-tech/2023/01/ncua-names-director-new-financial-technology-and-access-team/381457/NCUA Names Director of New Financial Technology and Access Teamhttps://firebasestorage.googleapis.com/v0/b/hackernoon-app.appspot.com/o/images%2Fimageedit_25_7084755369.gif?alt=media&token=ca7527b0-a214-46d4-af72-1062b3df1458This includes policy on fintech fintech developments and transformation initiatives in the financial services sector—like cryptocurrency blockchain and distributed ledger technology.,,,,,,
01Synergyhttps://hackernoon.com/company/01synergy2023-02-14 16:33:00https://www.lanereport.com/162863/2023/02/university-of-the-cumberlands-collaborates-with-ibm-to-equip-learners-for-stem-related-careers/University of the Cumberlands collaborates with IBM to equip learners for STEM-related careershttps://firebasestorage.googleapis.com/v0/b/hackernoon-app.appspot.com/o/images%2Fimageedit_25_7084755369.gif?alt=media&token=ca7527b0-a214-46d4-af72-1062b3df1458University of the Cumberlands announced that it is working with IBM to equip faculty and students with no-cost STEM education and career readiness resources. To that end Cumberlands is providing enhanced access to IBM SkillsBuild,,,,,,
01Synergyhttps://hackernoon.com/company/01synergy2023-02-01 06:08:00https://www.scoop.co.nz/stories/BU2302/S00020/truescope-acquires-us-firm-universal-information-services.htmTruescope Acquires US Firm Universal Information Serviceshttps://firebasestorage.googleapis.com/v0/b/hackernoon-app.appspot.com/o/images%2Fimageedit_25_7084755369.gif?alt=media&token=ca7527b0-a214-46d4-af72-1062b3df1458Australian media intelligence company Truescope has strengthened its position in North America by acquiring leading agency Universal Information Services (UIS). Founded in 2019 and now ...,,,,,,
01Synergyhttps://hackernoon.com/company/01synergy2023-02-28 13:03:48https://www.msn.com/en-in/money/topstories/systango-technologies-2-other-sme-ipos-to-open-for-subscription-in-march-full-details/ar-AA182jcXSystango Technologies 2 other SME IPOs to open for subscription in March; full detailshttps://www.bing.com/th?id=OVFT.nBqWbNGK-uZnOtxAkCByWi&pid=NewsThe starting two weeks in March would see three SMEs coming up with their IPOs. This would be in addition to the two SME IPOs namely Resgen and Itcons e-solutions which are underway,,,,,,
01Synergyhttps://hackernoon.com/company/01synergy2023-04-04 00:00:00https://phys.org/tags/information+technology/News tagged with information technologyhttps://firebasestorage.googleapis.com/v0/b/hackernoon-app.appspot.com/o/images%2Fimageedit_25_7084755369.gif?alt=media&token=ca7527b0-a214-46d4-af72-1062b3df1458Cultural heritage is an intrinsic part of the urban landscape of historical cities. Its tremendous socioeconomic and anthropological value is witnessed by the United Nations' having included it as ...,,,,,,
01Synergyhttps://hackernoon.com/company/01synergy2023-08-05 21:47:00https://www.autonews.com/mobility-report/stellantis-cockpit-connected-services-chief-leaves-companyStellantis cockpit technology leader leaving companyhttps://firebasestorage.googleapis.com/v0/b/hackernoon-app.appspot.com/o/images%2Fimageedit_25_7084755369.gif?alt=media&token=ca7527b0-a214-46d4-af72-1062b3df1458Vishnu Sundaram is leaving his job as Stellantis'' senior vice president of cockpit and connected services at the end of August the automaker confirmed Friday. Sundaram a key figure in the ...,,,,,,
01Synergyhttps://hackernoon.com/company/01synergy2023-08-21 10:19:00https://www.lse.co.uk/ShareChat.html?ShareTicker=SYN&thread=6F150C25-7AAA-4ACB-BECD-C8A689D56A5CSynergia Energy Share Chathttps://firebasestorage.googleapis.com/v0/b/hackernoon-app.appspot.com/o/images%2Fimageedit_25_7084755369.gif?alt=media&token=ca7527b0-a214-46d4-af72-1062b3df1458The IP address of all posts is recorded to aid in enforcing these conditions. As a user you agree to any information you have entered being stored in a database. You agree that we have the right to remove edit move or close any topic or board at any time ...,,,,,,
01Synergyhttps://hackernoon.com/company/01synergy2023-08-05 21:51:00https://www.nytimes.com/2023/08/05/us/cyberattack-hospitals-california.htmlRansomware Attack Disrupts Health Care Services in at Least Three Stateshttps://firebasestorage.googleapis.com/v0/b/hackernoon-app.appspot.com/o/images%2Fimageedit_25_7084755369.gif?alt=media&token=ca7527b0-a214-46d4-af72-1062b3df1458It was not immediately clear how many locations operated by Prospect Medical Holdings were affected but some sites had to cut back services or ... code and develop the technology for these systems ...,,,,,,
01Synergyhttps://hackernoon.com/company/01synergy2023-01-05 16:17:00https://homehealthcarenews.com/2023/01/longitudinal-care-and-technologys-role/Longitudinal Care and Technology’s Rolehttps://firebasestorage.googleapis.com/v0/b/hackernoon-app.appspot.com/o/images%2Fimageedit_25_7084755369.gif?alt=media&token=ca7527b0-a214-46d4-af72-1062b3df1458When you look at longitudinal care as a patient as a central element then the way you need to start from a technology angle and from a different base how you want to provide services you need to think of the patient to have information about the ...,,,,,,
01Synergyhttps://hackernoon.com/company/01synergy2023-02-04 05:24:00https://www.theolympian.com/news/business/article272064122.htmlIntegrated Electrical Services: Fiscal Q1 Earnings Snapshothttps://firebasestorage.googleapis.com/v0/b/hackernoon-app.appspot.com/o/images%2Fimageedit_25_7084755369.gif?alt=media&token=ca7527b0-a214-46d4-af72-1062b3df1458Integrated Electrical Services Inc. (IESC) on Friday reported fiscal first-quarter net income of $23.3 million. The Houston-based company said it had profit of $1.14 per share. Earnings adjusted for non-recurring gains,,,,,,
01Synergyhttps://hackernoon.com/company/01synergy2023-01-25 13:05:00https://hk.finance.yahoo.com/news/information-services-group-isg-names-125800773.htmlInformation Services Group (ISG) Names Unisys a Leader in Public Cloud Reporthttps://firebasestorage.googleapis.com/v0/b/hackernoon-app.appspot.com/o/images%2Fimageedit_25_7084755369.gif?alt=media&token=ca7527b0-a214-46d4-af72-1062b3df1458Jan. 25 2023 /PRNewswire/ -- Unisys Corporation (NYSE: UIS) today announced that leading global technology research and advisory firm Information Services Group (ISG) has recognized Unisys as a leader in the 2022 ISG Provider Lens™ Public Cloud ...,,,,,,
01Synergyhttps://hackernoon.com/company/01synergy2023-01-27 15:22:00https://www.hawaiibusiness.com/industry-outlook-information-technology/Information Technology Outlook feat. Hawaiian Telcomhttps://firebasestorage.googleapis.com/v0/b/hackernoon-app.appspot.com/o/images%2Fimageedit_25_7084755369.gif?alt=media&token=ca7527b0-a214-46d4-af72-1062b3df1458With our expanded range of services and ... our customers’ IT and technology needs so that they can focus on running their businesses. Mahalo to this year's Industry Outlook partners for providing our readers with useful information in their respective ...,,,,,,
01Synergyhttps://hackernoon.com/company/01synergy2023-02-10 17:32:00https://dallasinnovates.com/primoris-services-appoints-new-chief-information-officer/Primoris Services Appoints New Chief Information Officerhttps://firebasestorage.googleapis.com/v0/b/hackernoon-app.appspot.com/o/images%2Fimageedit_25_7084755369.gif?alt=media&token=ca7527b0-a214-46d4-af72-1062b3df1458Haxton joined Primoris in 2019 as senior vice president of information technology to lead its digital strategy of data analytics business intelligence system development cybersecurity and technical services. Primoris Services Corp. is a specialty ...,,,,,,
01Synergyhttps://hackernoon.com/company/01synergy2023-07-17 04:24:00https://economictimes.indiatimes.com/markets/stocks/news/lt-technology-services-bullish-to-sideways/articleshow/101813356.cmsLT Technology Services: Bullish to Sidewayshttps://firebasestorage.googleapis.com/v0/b/hackernoon-app.appspot.com/o/images%2Fimageedit_25_7084755369.gif?alt=media&token=ca7527b0-a214-46d4-af72-1062b3df1458LT Technology Services’s daily trend is bullish to sideways. RSI for monthly is showing sideways momentum. However RSI for weekly and daily is showing bullish momentum. Based on option chain analysis the range is between 3800 and 4300. Let’s plan a ...,,,,,,
01Synergyhttps://hackernoon.com/company/01synergy2023-02-03 22:52:00https://www.law.com/newyorklawjournal/2023/02/03/keeping-pace-with-dispersed-technology-legal-compliance-and-operational-challenges/Keeping Pace With Dispersed Technology: Legal Compliance and Operational Challengeshttps://firebasestorage.googleapis.com/v0/b/hackernoon-app.appspot.com/o/images%2Fimageedit_25_7084755369.gif?alt=media&token=ca7527b0-a214-46d4-af72-1062b3df1458Ever-increasing innovation has led to a paradigm shift in the technology services market ... may include a series of policies relating to information management third-party vendors/procurement ...,,,,,,
01Synergyhttps://hackernoon.com/company/01synergy2023-03-07 17:42:00https://www.dcvelocity.com/articles/56797-fabric-and-synergy-join-forces-to-provide-retailers-with-advanced-automated-fulfillment-solutionsFabric and Synergy Join Forces to Provide Retailers with Advanced Automated Fulfillment Solutionshttps://firebasestorage.googleapis.com/v0/b/hackernoon-app.appspot.com/o/images%2Fimageedit_25_7084755369.gif?alt=media&token=ca7527b0-a214-46d4-af72-1062b3df1458Systems integrator joins Fabric’s Partner Elite Program as a strategic partner to help businesses redefine operations for the future of retail,,,,,,
01Synergyhttps://hackernoon.com/company/01synergy2023-08-05 05:59:00https://hk.finance.yahoo.com/news/q2-2023-information-services-group-055221584.htmlQ2 2023 Information Services Group Inc Earnings Callhttps://firebasestorage.googleapis.com/v0/b/hackernoon-app.appspot.com/o/images%2Fimageedit_25_7084755369.gif?alt=media&token=ca7527b0-a214-46d4-af72-1062b3df1458Barry Holt; Senior Advisor; Information Services Group ... a leading global health care technology company awarded ISG a new million dollar ISG governance contract. The contract extends our scope of services with this client which has 140 active GovernX ...,,,,,,
01Synergyhttps://hackernoon.com/company/01synergy2023-01-04 11:28:00https://www.marketwatch.com/press-release/laboratory-information-services-market-2023-expected-to-reach-highest-growth-rate-industry-size-and-share-with-trends-forecast-to-2027-2023-01-04Laboratory Information Services Market 2023 Expected to Reach Highest Growth Rate Industry Size and Share with Trends Forecast to 2027https://firebasestorage.googleapis.com/v0/b/hackernoon-app.appspot.com/o/images%2Fimageedit_25_7084755369.gif?alt=media&token=ca7527b0-a214-46d4-af72-1062b3df1458Jan 04 2023 (The Expresswire) -- Global “Laboratory Information Services Market” Research 2023 offers extensive insights on market segmentations geographical regions with latest industry ...,,,,,,
01Synergyhttps://hackernoon.com/company/01synergy2023-10-03 00:00:00https://www.buffalo.edu/administrative-services/information-for-suppliers.htmlInformation for Suppliershttps://firebasestorage.googleapis.com/v0/b/hackernoon-app.appspot.com/o/images%2Fimageedit_25_7084755369.gif?alt=media&token=ca7527b0-a214-46d4-af72-1062b3df1458or service that use covered telecommunications equipment or services as a substantial or essential component of any system or as critical technology as part of any system. Additional information may be found at FAR Clause 52.204-25. Exhibit X Exhibit X is ...,,,,,,
01Synergyhttps://hackernoon.com/company/01synergy2023-09-06 00:00:00https://www.business-standard.com/company/lt-technology-44814.htmlL&T Technology Services Ltdhttps://firebasestorage.googleapis.com/v0/b/hackernoon-app.appspot.com/o/images%2Fimageedit_25_7084755369.gif?alt=media&token=ca7527b0-a214-46d4-af72-1062b3df1458L&T Technology Services Limited (LTTS) is a leading global pure-play Engineering Research and Development (ER&D) services provider. The Company delivers consultancy design development and testing services across the product and process development life cycle.,,,,,,
01Synergyhttps://hackernoon.com/company/01synergy2023-08-31 03:34:00https://economictimes.indiatimes.com/lt-technology-services-ltd/stocksupdate/companyid-64987.cmsL&T Technology Services Announcement under Regulation 30 (LODR)-Allotment of ESOP / ESPShttps://firebasestorage.googleapis.com/v0/b/hackernoon-app.appspot.com/o/images%2Fimageedit_25_7084755369.gif?alt=media&token=ca7527b0-a214-46d4-af72-1062b3df14585 Incremental borrowing done in FY (T)(a) 0.00 6 Mandatory borrowing to be done through debt securities in FY (T) (b) = (25% of a) 0.00 7 Actual borrowing done through debt securities in FY (T)(c) 0.00 8 Shortfall in the borrowing through debt securities ...,,,,,,
"01Synergyhttps://hackernoon.com/company/01synergy2023-08-22 08:00:00https://www.benzinga.com/pressreleases/23/08/b33977592/saison-information-systems-accelerates-just-transition-with-mission-driven-1-of-operating-income-dSaison Information Systems Accelerates Just Transition with Mission-Driven 1% of Operating Income Donationhttps://firebasestorage.googleapis.com/v0/b/hackernoon-app.appspot.com/o/images%2Fimageedit_25_7084755369.gif?alt=media&token=ca7527b0-a214-46d4-af72-1062b3df1458Saison Information Systems Co. Ltd. (TYO:9640 hereafter '""Saison Information Systems'"")) is proud to announce that it donated 1% of its operating income to several nonprofits that are aligned with its",,,,,,
01Synergyhttps://hackernoon.com/company/01synergy2023-08-07 00:00:00https://www.dcceew.gov.au/environment/environmental-information-data/web-servicesWeb mapping serviceshttps://firebasestorage.googleapis.com/v0/b/hackernoon-app.appspot.com/o/images%2Fimageedit_25_7084755369.gif?alt=media&token=ca7527b0-a214-46d4-af72-1062b3df1458We make our environmental data available as web services. You can access these datasets using geospatial software. Find out how to access this data. Open data is ...,,,,,,
01Synergyhttps://hackernoon.com/company/01synergy2023-01-27 17:35:00https://www.biometricupdate.com/202301/biometric-partnerships-boost-kyc-in-se-asia-ukraine-as-nigeria-and-india-see-gainsBiometric partnerships boost KYC in SE Asia Ukraine as Nigeria and India see gainshttps://www.bing.com/th?id=OVFT.3BsgpZt_46D2tEICUDOqMC&pid=NewsKYC providers are targeting businesses in underserved areas to improve access to financial services with selfie biometrics and liveness detection.,,,,,,
01Synergyhttps://hackernoon.com/company/01synergy2023-01-04 16:04:00https://www.usnews.com/news/technology/articles/2023-01-04/ericssons-cloud-software-and-services-unit-books-76-million-chargeEricsson's Cloud Software and Services Unit Books $76 Million Chargehttps://firebasestorage.googleapis.com/v0/b/hackernoon-app.appspot.com/o/images%2Fimageedit_25_7084755369.gif?alt=media&token=ca7527b0-a214-46d4-af72-1062b3df1458Ericsson's Cloud Software and Services Unit Books $76 Million Charge STOCKHOLM (Reuters) - Ericsson on Wednesday announced a 800 million crown ($76 million) fourth-quarter charge linked to ...,,,,,,
01Synergyhttps://hackernoon.com/company/01synergy2023-02-03 22:52:00https://www.law.com/newyorklawjournal/2023/02/03/keeping-pace-with-dispersed-technology-legal-compliance-and-operational-challenges/Keeping Pace With Dispersed Technology: Legal Compliance and Operational Challengeshttps://firebasestorage.googleapis.com/v0/b/hackernoon-app.appspot.com/o/images%2Fimageedit_25_7084755369.gif?alt=media&token=ca7527b0-a214-46d4-af72-1062b3df1458Ever-increasing innovation has led to a paradigm shift in the technology services market ... may include a series of policies relating to information management third-party vendors/procurement ...,,,,,,
01Synergyhttps://hackernoon.com/company/01synergy2023-01-17 23:15:00https://www.forbesindia.com/blog/technology/future-of-sustainable-manufacturing-is-technology-driven/Future of sustainable manufacturing is technology drivenhttps://firebasestorage.googleapis.com/v0/b/hackernoon-app.appspot.com/o/images%2Fimageedit_25_7084755369.gif?alt=media&token=ca7527b0-a214-46d4-af72-1062b3df1458On the face of it an interconnected factory is where information technology is ... The author is CEO and MD of Siemens Technology and Services Pvt. Ltd. The thoughts and opinions shared here ...,,,,,,
01Synergyhttps://hackernoon.com/company/01synergy2023-01-13 05:02:00https://www.straitstimes.com/asia/east-asia/massive-job-cuts-signal-turning-point-for-information-technology-sector-yomiuri-shimbunMassive job cuts signal turning point for information technology sector: Yomiuri Shimbunhttps://firebasestorage.googleapis.com/v0/b/hackernoon-app.appspot.com/o/images%2Fimageedit_25_7084755369.gif?alt=media&token=ca7527b0-a214-46d4-af72-1062b3df1458It can be said that the management of US information technology companies which have been growing rapidly through online shopping social media and other services has reached a major turning point.,,,,,,
01Synergyhttps://hackernoon.com/company/01synergy2023-01-12 16:07:00https://washingtontechnology.com/contracts/2023/01/cdc-sets-timeline-250m-professional-services-solicitation/381738/CDC sets timeline for $250M professional services solicitationhttps://firebasestorage.googleapis.com/v0/b/hackernoon-app.appspot.com/o/images%2Fimageedit_25_7084755369.gif?alt=media&token=ca7527b0-a214-46d4-af72-1062b3df1458Dexis Professional Services Camris International and Development Alternatives Inc. When you visit our website we store cookies on your browser to collect information. The information collected ...,,,,,,
01Synergyhttps://hackernoon.com/company/01synergy2023-02-01 22:18:00https://technews.tmcnet.com/news/2023/02/01/9753595.htmEseye named as a Visionary by Gartner® in the 2023 Magic Quadrant™ for Managed IoT Connectivity Services Worldwidehttps://firebasestorage.googleapis.com/v0/b/hackernoon-app.appspot.com/o/images%2Fimageedit_25_7084755369.gif?alt=media&token=ca7527b0-a214-46d4-af72-1062b3df1458Eseye a pioneer of integrated cellular IoT connectivity solutions today announced that it has been positioned by Gartner® as a Visionary in the 2023 Magic Quadrant™ for Managed IoT Connectivity Services Worldwide for its advanced offering.,,,,,,
01Synergyhttps://hackernoon.com/company/01synergy2023-01-19 09:17:00https://www.linkedin.com/pulse/managed-information-technology-services-market-2023-neal-yadavManaged Information Technology (IT) Services Market 2023 - Future Opportunities Latest Trends In-depth Analysis and Forecast To 2030https://firebasestorage.googleapis.com/v0/b/hackernoon-app.appspot.com/o/images%2Fimageedit_25_7084755369.gif?alt=media&token=ca7527b0-a214-46d4-af72-1062b3df1458The Managed Information Technology (IT) Services Market report analyses market trends based on historical data and the latest developments. It provides both qualitative and quantitative data on ...,,,,,,
01Synergyhttps://hackernoon.com/company/01synergy2023-01-25 22:12:00https://www.yahoo.com/lifestyle/lessen-acquires-sms-assist-signaling-170000775.htmlLessen Acquires SMS Assist Signaling A New Era for Property Technology and Serviceshttps://firebasestorage.googleapis.com/v0/b/hackernoon-app.appspot.com/o/images%2Fimageedit_25_7084755369.gif?alt=media&token=ca7527b0-a214-46d4-af72-1062b3df1458end-to-end solution for outsourced real estate property services announced today a strategic acquisition of SMS Assist an industry-leading facilities maintenance technology company. By merging ...,,,,,,
01Synergyhttps://hackernoon.com/company/01synergy2023-01-06 06:53:00https://washingtontechnology.com/companies/2023/01/tetra-tech-acquires-application-cyber-services-outfit/381484/Tetra Tech acquires application cyber services outfithttps://firebasestorage.googleapis.com/v0/b/hackernoon-app.appspot.com/o/images%2Fimageedit_25_7084755369.gif?alt=media&token=ca7527b0-a214-46d4-af72-1062b3df1458Tetra Tech has acquired a provider of enterprise technology and consulting services to federal agencies ... we store cookies on your browser to collect information. The information collected ...,,,,,,
"01Synergyhttps://hackernoon.com/company/01synergy2023-02-18 12:00:00https://www.cnbc.com/2023/02/18/synchron-backed-by-bezos-and-gates-tests-brain-computer-interface.htmlBrain implant startup backed by Bezos and Gates is testing mind-controlled computing on humanshttps://www.bing.com/th?id=OVFT.Br1aySDomuUG6gT7UcT_MS&pid=NewsSynchron is part of an emerging crop of companies testing technology in the brain-computer interface industry. The system is implanted through the blood vessels and allows patients to operate technology using only their minds. '""It helps them engage in ways ...",,,,,,
01Synergy,https://hackernoon.com/company/01synergy,2023-07-31 11:44:00,https://technews.tmcnet.com/news/2023/07/31/9856282.htm,AutomationEdge and eAlliance Corp announced partnership for Hyperautomation solutions,https://firebasestorage.googleapis.com/v0/b/hackernoon-app.appspot.com/o/images%2Fimageedit_25_7084755369.gif?alt=media&token=ca7527b0-a214-46d4-af72-1062b3df1458,HOUSTON July 31 2023 /PRNewswire/ -- AutomationEdge a leading Hyperautomation platform has announced strategic partnership with eAlliance Corp a cutting-edge Hyperautomation solutions provider.
01Synergy,https://hackernoon.com/company/01synergy,2023-07-17 00:11:00,https://thehill.com/policy/technology/4100297-sullivan-hackers-did-not-get-any-classified-federal-information-from-agencies/,Sullivan: Hackers ‘did not get any classified federal information’ from agencies,https://firebasestorage.googleapis.com/v0/b/hackernoon-app.appspot.com/o/images%2Fimageedit_25_7084755369.gif?alt=media&token=ca7527b0-a214-46d4-af72-1062b3df1458,National security adviser Jake Sullivan said Sunday that the Chinese hackers who breached email accounts of multiple U.S. government agencies did not get any classified federal information.
01Synergy,https://hackernoon.com/company/01synergy,2023-04-27 23:59:00,https://medicalxpress.com/tags/information+technology/,News tagged with information technology,https://firebasestorage.googleapis.com/v0/b/hackernoon-app.appspot.com/o/images%2Fimageedit_25_7084755369.gif?alt=media&token=ca7527b0-a214-46d4-af72-1062b3df1458,Researchers from Children's Hospital of Philadelphia (CHOP) and Drexel University were able to analyze 53 million patient notes from more than 1.5 million individual patients to identify ...
01Synergy,https://hackernoon.com/company/01synergy,2023-05-16 00:00:00,https://www.cnet.com/tech/services-and-software/best-web-hosting/,Best Web-Hosting Services for 2023: Top Hosting Providers,https://firebasestorage.googleapis.com/v0/b/hackernoon-app.appspot.com/o/images%2Fimageedit_25_7084755369.gif?alt=media&token=ca7527b0-a214-46d4-af72-1062b3df1458,We compared popular web-hosting services across essential criteria like security uptime and more to help you find web hosting that fits your needs. Zach began writing for CNET in November ...
01Synergy,https://hackernoon.com/company/01synergy,2023-01-04 12:35:00,https://www.pharmiweb.com/press-release/2023-01-04/biognosys-and-bruker-form-partnership-for-advanced-proteomics-cro-services-for-global-biopharma-and-biomarker-customers,Biognosys and Bruker Form Partnership for Advanced Proteomics CRO Services for Global Biopharma and Biomarker Customers,https://firebasestorage.googleapis.com/v0/b/hackernoon-app.appspot.com/o/images%2Fimageedit_25_7084755369.gif?alt=media&token=ca7527b0-a214-46d4-af72-1062b3df1458,Going forward Biognosys’ biomarker and biopharma customers will benefit from additional services and footprint in the US. Biognosys will access Bruker’s leading 4D proteomics timsTOF technology ... For more information visit www.biognosys.com.
01Synergy,https://hackernoon.com/company/01synergy,2023-07-17 06:49:00,https://www.linkedin.com/pulse/green-information-technology-services-market,Green Information Technology (IT) Services Market Size Anticipating Growth Prospects from 2023-2030,https://firebasestorage.googleapis.com/v0/b/hackernoon-app.appspot.com/o/images%2Fimageedit_25_7084755369.gif?alt=media&token=ca7527b0-a214-46d4-af72-1062b3df1458,Our report on the Global Green Information Technology (IT) Services market provides key insights into the current market trends growth opportunities and challenges in the industry. Our analysis ...
01Synergy,https://hackernoon.com/company/01synergy,2023-07-17 00:00:00,https://www.brecorder.com/news/40252876,Countries agree to extend digital services tax freeze through 2024,https://firebasestorage.googleapis.com/v0/b/hackernoon-app.appspot.com/o/images%2Fimageedit_25_7084755369.gif?alt=media&token=ca7527b0-a214-46d4-af72-1062b3df1458,PARIS: With the exception of Canada countries with digital services taxes have agreed to hold off applying them for at least another year as a global multinationals tax deal to replace them was ...
01Synergy,https://hackernoon.com/company/01synergy,2023-01-03 09:24:00,https://uk.finance.yahoo.com/news/information-services-group-inc-nasdaq-110739974.html,Information Services Group Inc. (NASDAQ:III) is a favorite amongst institutional investors who own 57%,https://firebasestorage.googleapis.com/v0/b/hackernoon-app.appspot.com/o/images%2Fimageedit_25_7084755369.gif?alt=media&token=ca7527b0-a214-46d4-af72-1062b3df1458,If you want to know who really controls Information Services Group Inc. (NASDAQ:III) then you''ll have to look at the makeup of its share registry. With 57% stake institutions possess the maximum shares in the company. That is the group stands to ...
01Synergy,https://hackernoon.com/company/01synergy,2023-04-28 08:32:00,https://www.engineeringnews.co.za/article/the-role-of-satellite-technology-and-services-in-africas-journey-of-growth-2023-04-28,The role of satellite technology and services in Africa’s journey of growth,https://firebasestorage.googleapis.com/v0/b/hackernoon-app.appspot.com/o/images%2Fimageedit_25_7084755369.gif?alt=media&token=ca7527b0-a214-46d4-af72-1062b3df1458,As a result farmers in rural areas can connect to digital services that allow them to receive valuable and accurate information such ... the power of satellite technology and services with ...
01Synergy,https://hackernoon.com/company/01synergy,2023-10-02 08:24:00,https://www.smh.com.au/technology/digital-platform-for-emergency-services-20231002-p5e97w.html,Digital platform for emergency services,https://firebasestorage.googleapis.com/v0/b/hackernoon-app.appspot.com/o/images%2Fimageedit_25_7084755369.gif?alt=media&token=ca7527b0-a214-46d4-af72-1062b3df1458,Add videos to your saved list and come back to them any time.
01Synergy,https://hackernoon.com/company/01synergy,2023-04-27 08:13:00,https://www.livemint.com/market/stock-market-news/lt-technology-services-shares-jump-8-after-q4-should-you-buy-11682581245849.html,L&T Technology Services shares jump 8% after Q4: Should you buy?,https://firebasestorage.googleapis.com/v0/b/hackernoon-app.appspot.com/o/images%2Fimageedit_25_7084755369.gif?alt=media&token=ca7527b0-a214-46d4-af72-1062b3df1458,Shares of L&T Technology Services jumped over 8 per cent in intraday trade on BSE on April 27 a day after the company released its March quarter scorecard. The company posted a 2.2 per cent ...
01Synergy,https://hackernoon.com/company/01synergy,2023-08-28 13:49:00,https://www.producebluebook.com/2023/08/28/zag-technical-services-releases-report-on-technology-in-the-food-industry/,ZAG Technical Services releases report on technology in the food industry,https://firebasestorage.googleapis.com/v0/b/hackernoon-app.appspot.com/o/images%2Fimageedit_25_7084755369.gif?alt=media&token=ca7527b0-a214-46d4-af72-1062b3df1458,August 25 2023–ZAG Technical Services (ZAG) BB #:365534 ... conduct business and create opportunities for a competitive advantage.” For more information about how technology is changing the agriculture industry and supply chain you can access ...
01Synergy,https://hackernoon.com/company/01synergy,2023-03-07 00:00:00,https://www.watertechonline.com/industry/article/14290718/integrated-water-services-acquires-hyperion-international-technologies,Integrated Water Services acquires Hyperion International Technologies,https://firebasestorage.googleapis.com/v0/b/hackernoon-app.appspot.com/o/images%2Fimageedit_25_7084755369.gif?alt=media&token=ca7527b0-a214-46d4-af72-1062b3df1458&auto=format&fit=max&w=3840,Integrated Water Services Inc. (“IWS”) a leading provider of water and wastewater treatment solutions recently acquired Hyperion International Technologies a developer of industrial control systems for the water sector.
01Synergy,https://hackernoon.com/company/01synergy,2023-02-23 12:45:00,https://www.theweek.in/wire-updates/business/2023/02/23/dcm30-landt-technology-services-limited.html,L T Technology Services and Qualcomm Selected by Thales for Enabling 5G Private Networks in Urban Railways,https://firebasestorage.googleapis.com/v0/b/hackernoon-app.appspot.com/o/images%2Fimageedit_25_7084755369.gif?alt=media&token=ca7527b0-a214-46d4-af72-1062b3df1458,L&T Technology Services Limited (BSE: 540115 ... 28 global sales offices and 91 innovation labs as of December 31 2022. For more information please visit www.LTTS.com About Thales Thales (Euronext Paris: HO) is a global leader in advanced technologies ...
01Synergy,https://hackernoon.com/company/01synergy,2023-01-11 14:30:00,https://www.yahoo.com/now/sensormatic-solutions-johnson-controls-showcase-143000639.html,Sensormatic Solutions by Johnson Controls to Showcase Digital Solutions Enabling the Future of Retail at NRF 2023,https://firebasestorage.googleapis.com/v0/b/hackernoon-app.appspot.com/o/images%2Fimageedit_25_7084755369.gif?alt=media&token=ca7527b0-a214-46d4-af72-1062b3df1458,Sensormatic Solutions the leading global retail solutions portfolio of Johnson Controls will be on-site at NRF’s Big Show showcasing its newest analytics and outcome-based solutions integrated under Sensormatic IQ
01Synergy,https://hackernoon.com/company/01synergy,2023-04-27 23:59:00,https://thediplomat.com/2009/06/technology-and-diplomacy/,Technology and Diplomacy,https://firebasestorage.googleapis.com/v0/b/hackernoon-app.appspot.com/o/images%2Fimageedit_25_7084755369.gif?alt=media&token=ca7527b0-a214-46d4-af72-1062b3df1458,NZTE’s director for information technology and services Phil Hayward says the organisation has been using videoconferencing for seven years and deployed its first units in foreign locations ...
01Synergy,https://hackernoon.com/company/01synergy,2023-07-17 16:00:00,https://www.foodengineeringmag.com/articles/101330-ra-jones-new-iftsintelligent-flexible-transfer-system,R.A. Jones’ New iFTS—Intelligent Flexible Transfer System,https://firebasestorage.googleapis.com/v0/b/hackernoon-app.appspot.com/o/images%2Fimageedit_25_7084755369.gif?alt=media&token=ca7527b0-a214-46d4-af72-1062b3df1458&auto=format&fit=max&w=3840,The company released its automated and customizable transfer system for consumer packaged goods (CPG) companies.
01Synergy,https://hackernoon.com/company/01synergy,2023-07-17 09:44:00,https://businessday.ng/companies/article/ey-gets-new-partners/,EY gets new partners,https://firebasestorage.googleapis.com/v0/b/hackernoon-app.appspot.com/o/images%2Fimageedit_25_7084755369.gif?alt=media&token=ca7527b0-a214-46d4-af72-1062b3df1458,EY Nigeria has announced the admission of four partners four associate partners and one director into its partnership fold. The partners are Williams
01Synergy,https://hackernoon.com/company/01synergy,2023-02-27 21:01:00,https://www.finanznachrichten.de/nachrichten-2023-02/58419356-chiron-team-delivering-asset-recovery-services-for-lost-crypto-assets-through-advance-technology-features-200.htm,Chiron Team Delivering Asset Recovery Services for Lost Crypto Assets Through Advance Technology Features,https://firebasestorage.googleapis.com/v0/b/hackernoon-app.appspot.com/o/images%2Fimageedit_25_7084755369.gif?alt=media&token=ca7527b0-a214-46d4-af72-1062b3df1458,Chiron''s team of skilled investigators employs cutting-edge cybersecurity technology ... For more information on Chiron Investigations'' cryptocurrency recovery services potential users can ...
01Synergy,https://hackernoon.com/company/01synergy,2023-03-07 11:34:00,https://technews.tmcnet.com/news/2023/03/07/9772045.htm,Service Express Acquires Data Center Support Provider ServIQ,https://firebasestorage.googleapis.com/v0/b/hackernoon-app.appspot.com/o/images%2Fimageedit_25_7084755369.gif?alt=media&token=ca7527b0-a214-46d4-af72-1062b3df1458&auto=format&fit=max&w=3840,ServIQ provides multivendor data center support for some of the world''s largest brands and Fortune 500 companies. In addition to over 19 years of industry experience ServIQ brings a team of talented sales
01Synergy,https://hackernoon.com/company/01synergy,2023-10-02 17:31:00,https://www.forbes.com/advisor/business/software/best-payroll-services/,9 Best Payroll Services For Small Business (2023),https://firebasestorage.googleapis.com/v0/b/hackernoon-app.appspot.com/o/images%2Fimageedit_25_7084755369.gif?alt=media&token=ca7527b0-a214-46d4-af72-1062b3df1458,Dana Miranda is a certified educator in personal finance (CEPF) who has been writing and editing since 2011 covering personal finance careers and digital media. She’s written about work and ...
01Synergy,https://hackernoon.com/company/01synergy,2023-04-28 08:42:00,https://www.nasdaq.com/articles/stephens-co.-reiterates-stewart-information-services-stc-overweight-recommendation,Stephens & Co. Reiterates Stewart Information Services (STC) Overweight Recommendation,https://firebasestorage.googleapis.com/v0/b/hackernoon-app.appspot.com/o/images%2Fimageedit_25_7084755369.gif?alt=media&token=ca7527b0-a214-46d4-af72-1062b3df1458,Fintel reports that on April 27 2023 Stephens & Co. reiterated coverage of Stewart Information Services (NYSE:STC) with a Overweight recommendation. As of April 24 2023 the average one-year ...
01Synergy,https://hackernoon.com/company/01synergy,2023-03-30 02:23:00,https://www.securityinfowatch.com/video-surveillance/article/53042492/rgb-spectrum-working-to-expand-it-solutions-base-at-isc-west-2023,RGB Spectrum working to expand it solutions base at ISC West 2023,https://firebasestorage.googleapis.com/v0/b/hackernoon-app.appspot.com/o/images%2Fimageedit_25_7084755369.gif?alt=media&token=ca7527b0-a214-46d4-af72-1062b3df1458&auto=format&fit=max&w=3840,He's active in the business every day and influences company direction and has a distinct interest in technology. The company has been ... fit since situational awareness solutions and real-time information-gathering software are something that you ...
01Synergy,https://hackernoon.com/company/01synergy,2023-03-30 12:27:00,https://technews.tmcnet.com/news/2023/03/30/9786258.htm,Parks Associates: New Energy Devices Enable Real-Time Performance Consumers are Demanding,https://firebasestorage.googleapis.com/v0/b/hackernoon-app.appspot.com/o/images%2Fimageedit_25_7084755369.gif?alt=media&token=ca7527b0-a214-46d4-af72-1062b3df1458,About Parks Associates Parks Associates a woman-founded and certified business is an internationally recognized market research and consulting company specializing in emerging consumer technology products and services. Founded in 1986 Parks Associates ...
01Synergy,https://hackernoon.com/company/01synergy,2023-02-18 12:00:00,https://www.cnbc.com/2023/02/18/synchron-backed-by-bezos-and-gates-tests-brain-computer-interface.html,Brain implant startup backed by Bezos and Gates is testing mind-controlled computing on humans,https://firebasestorage.googleapis.com/v0/b/hackernoon-app.appspot.com/o/images%2Fimageedit_25_7084755369.gif?alt=media&token=ca7527b0-a214-46d4-af72-1062b3df1458&auto=format&fit=max&w=3840,"Synchron is part of an emerging crop of companies testing technology in the brain-computer interface industry. The system is implanted through the blood vessels and allows patients to operate technology using only their minds. '""It helps them engage in ways ..."
01Synergyhttps://hackernoon.com/company/01synergy2023-09-21 11:30:00https://www.tmcnet.com/usubmit/2023/09/21/9885390.htmBuilt with Integration: Metrikus Announces Integration with ServiceNow to Enhance Workplace Efficiency Sustainability and ROI of Global Real Estatehttps://firebasestorage.googleapis.com/v0/b/hackernoon-app.appspot.com/o/images%2Fimageedit_25_7084755369.gif?alt=media&token=ca7527b0-a214-46d4-af72-1062b3df1458Metrikus today announced an integration with ServiceNow to provide clients with Metrikus'' market-leading building efficiency software and data platform. The joint effort enables ServiceNow customers to create more efficient healthier and more sustainable workplaces and drive real ROI.,,,,,,
01Synergyhttps://hackernoon.com/company/01synergy2023-02-07 15:33:00https://www.law.com/newyorklawjournal/2023/02/03/like-anything-else-in-the-law-technology-requires-balancing-risks-and-rewards/Like Anything Else in the Law Technology Requires Balancing Risks and Rewardshttps://firebasestorage.googleapis.com/v0/b/hackernoon-app.appspot.com/o/images%2Fimageedit_25_7084755369.gif?alt=media&token=ca7527b0-a214-46d4-af72-1062b3df1458Resolving these issues often leads to a slow-down in access to time-sensitive information ... a technology startup that’s radically simplifying arbitration and mediation services Rich has ...,,,,,,
01Synergyhttps://hackernoon.com/company/01synergy2023-10-12 16:01:00https://www.theinformation.com/articles/why-so-many-streaming-services-are-strugglingWhy So Many Streaming Services Are Strugglinghttps://firebasestorage.googleapis.com/v0/b/hackernoon-app.appspot.com/o/images%2Fimageedit_25_7084755369.gif?alt=media&token=ca7527b0-a214-46d4-af72-1062b3df1458Desperate to stem losses from streaming and pay down billions in debt media companies including Warner Bros. Discovery are raising prices. That’s in part because they’ve been focused almost exclusively on their content libraries. Instead they must ...,,,,,,
01Synergyhttps://hackernoon.com/company/01synergy2023-06-28 05:45:00https://www.techrepublic.com/article/syxsense-novel-unified-endpoint-management-strategy/Syxsense Unveils Novel Unified Endpoint Management Strategyhttps://www.bing.com/th?id=OVFT.rpAmRTrgJyvjVQ6I495Q6y&pid=NewsSyxsense now offers more IT and endpoint management functions including mobile device management automation remediation and zero trust.,,,,,,
01Synergyhttps://hackernoon.com/company/01synergy2023-08-22 12:46:00https://technews.tmcnet.com/news/2023/08/22/9868127.htmSeeed Studio Launches a Card-Size LoRaWAN GPS Tracker for Asset & Personnel Tracking on Kickstarterhttps://firebasestorage.googleapis.com/v0/b/hackernoon-app.appspot.com/o/images%2Fimageedit_25_7084755369.gif?alt=media&token=ca7527b0-a214-46d4-af72-1062b3df1458Seeed Studio a leading IoT hardware solution provider announces the launch of its groundbreaking card-size tracker SenseCAP T1000 on Kickstarter. Designed to meet the tracking demands in various industries,,,,,,
01Synergyhttps://hackernoon.com/company/01synergy2023-09-01 00:00:00https://www.sussex.ac.uk/study/masters/courses/management-of-information-technology-mscManagement of Information Technology MSchttps://firebasestorage.googleapis.com/v0/b/hackernoon-app.appspot.com/o/images%2Fimageedit_25_7084755369.gif?alt=media&token=ca7527b0-a214-46d4-af72-1062b3df1458Learn how to design evaluate and apply information technology systems in a business setting. You’ll take account of human organisational and strategic factors. communicating concepts designs and evaluation within a technical environment. We offer two ...,,,,,,
01Synergyhttps://hackernoon.com/company/01synergy2023-01-13 09:08:00https://www.ridgecrestca.com/news/amazon-web-services-scholarship-increase-to-cccc-students-pursuing-degree-in-information-technology-and-cybersecurity/article_677b51c4-920d-11ed-87c7-cf42289eee34.htmlAmazon Web Services Scholarship increase to CCCC students pursuing degree in information technology and cybersecurityhttps://firebasestorage.googleapis.com/v0/b/hackernoon-app.appspot.com/o/images%2Fimageedit_25_7084755369.gif?alt=media&token=ca7527b0-a214-46d4-af72-1062b3df1458Cerro Coso Community College in partnership with a grant from Amazon Web Services (AWS) and the Foundation for Community Colleges is excited to announce a new scholarship opportunity available for students enrolled in Information Technology or Cyber ...,,,,,,
01Synergyhttps://hackernoon.com/company/01synergy2023-10-25 00:00:00https://www.nature.com/subjects/information-technologyInformation technology articles from across Nature Portfoliohttps://firebasestorage.googleapis.com/v0/b/hackernoon-app.appspot.com/o/images%2Fimageedit_25_7084755369.gif?alt=media&token=ca7527b0-a214-46d4-af72-1062b3df1458A neural network can identify references that are unlikely to support an article’s claims and scour the web for better sources. Bayesian optimization is a promising approach towards a more ...,,,,,,
01Synergyhttps://hackernoon.com/company/01synergy2023-06-28 06:03:00https://markets.businessinsider.com/news/stocks/eqs-news-synlab-ag-synlab-invests-in-innovative-healthcare-centre-in-florence-1032413969EQS-News: SYNLAB AG: SYNLAB invests in innovative Healthcare Centre in Florencehttps://firebasestorage.googleapis.com/v0/b/hackernoon-app.appspot.com/o/images%2Fimageedit_25_7084755369.gif?alt=media&token=ca7527b0-a214-46d4-af72-1062b3df1458SYNLAB invests in innovative Healthcare Centre in Florence strengthening its position as leading diagnostic services provider in Italy. SYNLAB invests 8 million to build a new 40,,,,,,
"01Synergyhttps://hackernoon.com/company/01synergy2023-06-13 23:16:00https://www.reuters.com/technology/amazon-says-multiple-cloud-services-down-users-2023-06-13/Amazon cloud services back up after big outage hits thousands of usershttps://firebasestorage.googleapis.com/v0/b/hackernoon-app.appspot.com/o/images%2Fimageedit_25_7084755369.gif?alt=media&token=ca7527b0-a214-46d4-af72-1062b3df1458According to research in the past year from the cloud company Datadog more than half of organizations operating in the cloud use Lambda or rival services known as '""serverless'"" technology.",,,,,,
01Synergyhttps://hackernoon.com/company/01synergy2023-08-22 05:24:00https://www.tmcnet.com/usubmit/-new-amazon-sidewalk-socs-developer-tools-from-silicon-/2023/08/22/9867771.htmNew Amazon Sidewalk SoCs & Developer Tools from Silicon Labs Accelerate Adoptionhttps://www.bing.com/th?id=OVFT.mSdGAd9ZLk62dEi3rYX9qy&pid=NewsAmazon Sidewalk Developer''s Journey Brings Expert Support for Device Makers On March 28 2023 Amazon Sidewalk opened for developers. While Amazon Sidewalk offered the advantage of already being a stood-up network at the time it is also new and developers need to be educated on how they can best create devices for it.,,,,,,
01Synergyhttps://hackernoon.com/company/01synergy2023-08-22 01:44:00https://www.crowdfundinsider.com/2023/08/211671-synechron-a-digital-transformation-firm-focused-on-financial-services-opens-new-canada-office/Synechron a Digital Transformation Firm Focused on Financial Services Opens New Canada Officehttps://www.bing.com/th?id=OVFT.SgVzv74qkDo3-L-jXNxj3C&pid=NewsSynechron Inc. a global digital transformation consulting firm focused on the financial services and big technology organizations ... Crowdfund Insider is the leading news and information website covering the emerging global industry of disruptive ...,,,,,,
01Synergyhttps://hackernoon.com/company/01synergy2023-03-15 00:00:00https://www.oedigital.com/technologyOffshore Technology Newshttps://firebasestorage.googleapis.com/v0/b/hackernoon-app.appspot.com/o/images%2Fimageedit_25_7084755369.gif?alt=media&token=ca7527b0-a214-46d4-af72-1062b3df1458Dutch offshore survey firm Fugro and Brazil's national oil company Petrobras have completed what they say is Brazil's first-ever remote subsea inspection survey.Fugro said that the technology trial was carried out with the aim of minimizing risk and ...,,,,,,
01Synergyhttps://hackernoon.com/company/01synergy2023-10-12 01:54:00https://www.qub.ac.uk/directorates/InformationServices/Services/Security/cs-knowledge-base/privacy-protection-guide/Privacy in the Digital Age: Your Ultimate Guidehttps://firebasestorage.googleapis.com/v0/b/hackernoon-app.appspot.com/o/images%2Fimageedit_25_7084755369.gif?alt=media&token=ca7527b0-a214-46d4-af72-1062b3df1458Applications specific services and practicing sound digital hygiene all contribute to the ease with which malicious entities can access your information and determine the extent of data accessible for potential theft. Think of data broker sites as ...,,,,,,
01Synergyhttps://hackernoon.com/company/01synergy2023-01-13 23:37:00https://www.psychologytoday.com/us/blog/finding-love-the-scientific-take/202208/technology-and-loveTechnology and Lovehttps://firebasestorage.googleapis.com/v0/b/hackernoon-app.appspot.com/o/images%2Fimageedit_25_7084755369.gif?alt=media&token=ca7527b0-a214-46d4-af72-1062b3df1458Technology is an important part of relationships. We can use it to meet people (such as through dating apps) interact with people (through email texts social media platforms etc.) and improve ...,,,,,,
01Synergyhttps://hackernoon.com/company/01synergy2023-01-25 14:11:00https://www.wsj.com/articles/daktronics-reaches-agreement-to-extend-near-term-credit-facility-maturity-01674655804Daktronics Reaches Agreement to Extend Near-Term Credit Facility Maturityhttps://firebasestorage.googleapis.com/v0/b/hackernoon-app.appspot.com/o/images%2Fimageedit_25_7084755369.gif?alt=media&token=ca7527b0-a214-46d4-af72-1062b3df1458Board's Independent Strategy and Financing Review Committee Retains Financial Advisors to Explore Additional Ways to Improve the Company's Long-Term Liquidity Profile,,,,,,
"01Synergyhttps://hackernoon.com/company/01synergy2023-06-06 15:49:00https://technews.tmcnet.com/news/2023/06/06/9827615.htmDigiKey Highlights New Sensing Technologies at Sensors Converge 2023https://www.bing.com/th?id=OVFT.aTuKn3GYlqEWPF1BeksDLC&pid=News'""We''re excited to attend the 2023 Sensors Converge event and showcase the latest sensor technologies applications and innovations in our booth'"" said David Sandys senior directo",,,,,,
01Synergyhttps://hackernoon.com/company/01synergy2023-05-24 09:50:00https://www.govconwire.com/2023/05/how-gsas-technology-transformation-services-is-harnessing-change-in-tech/How GSA’s Technology Transformation Services is Harnessing Change in Tech Modernizationhttps://firebasestorage.googleapis.com/v0/b/hackernoon-app.appspot.com/o/images%2Fimageedit_25_7084755369.gif?alt=media&token=ca7527b0-a214-46d4-af72-1062b3df1458One component of GSA in particular Technology Transformation Services carries much of this mission by using modern methodologies and technologies to improve the public’s experience with the ...,,,,,,
01Synergyhttps://hackernoon.com/company/01synergy2023-05-16 13:35:00https://www.sanews.gov.za/multimedia/debate-vote-4-government-communications-and-information-servicesDebate on Vote 4: Government Communications and Information Serviceshttps://firebasestorage.googleapis.com/v0/b/hackernoon-app.appspot.com/o/images%2Fimageedit_25_7084755369.gif?alt=media&token=ca7527b0-a214-46d4-af72-1062b3df1458Media are welcome to utilise all stories pictures and other material on this site as well as from our Facebook and Twitter accounts at no cost.,,,,,,
01Synergyhttps://hackernoon.com/company/01synergy2023-10-17 23:10:00https://www.globalatlanta.com/austrian-technology-integrator-to-create-30-jobs-in-gwinnett/Austrian Technology Integrator to Create 30 Jobs in Gwinnetthttps://firebasestorage.googleapis.com/v0/b/hackernoon-app.appspot.com/o/images%2Fimageedit_25_7084755369.gif?alt=media&token=ca7527b0-a214-46d4-af72-1062b3df1458An Austria-based technology integrator is set to create 30 jobs while expanding into a 13000-square-foot facility in Gwinnett County.  Nesevo already had a small base in unincorporated Duluth but decided,,,,,,
01Synergyhttps://hackernoon.com/company/01synergy2023-07-18 10:35:00https://pc-tablet.com/5-managed-service-providers-excelling-in-cybersecurity-and-data-protection/5 Managed Service Providers Excelling in Cybersecurity and Data Protectionhttps://firebasestorage.googleapis.com/v0/b/hackernoon-app.appspot.com/o/images%2Fimageedit_25_7084755369.gif?alt=media&token=ca7527b0-a214-46d4-af72-1062b3df1458In today''s digitally interconnected world cybersecurity and data protection have become critical concerns for organizations of all sizes. With cyber threats,,,,,,
01Synergyhttps://hackernoon.com/company/01synergy2023-02-06 11:54:00https://www.zawya.com/en/press-release/events-and-conferences/leap23-announces-investments-of-more-than-9bln-to-support-future-technology-and-startups-byz8mrbiLEAP23 announces investments of more than $9bln to support future technology and startupshttps://firebasestorage.googleapis.com/v0/b/hackernoon-app.appspot.com/o/images%2Fimageedit_25_7084755369.gif?alt=media&token=ca7527b0-a214-46d4-af72-1062b3df1458Abdullah bin Amer Alswaha the Minister of Communications and Information Technology (MCIT) during a keynote address ... Huawei’s US$400 million investment in cloud infrastructure for its services in the Kingdom and the launch of a Zoom cloud area ...,,,,,,
01Synergyhttps://hackernoon.com/company/01synergy2023-06-14 15:19:00https://www.consumerreports.org/home-garden/smoke-carbon-monoxide-detectors/x-sense-sc01/m404222/Smoke & Carbon Monoxide Detectorshttps://firebasestorage.googleapis.com/v0/b/hackernoon-app.appspot.com/o/images%2Fimageedit_25_7084755369.gif?alt=media&token=ca7527b0-a214-46d4-af72-1062b3df1458Unlock to see our ratings and compare products side by side The X-Sense SC01 is part of the Smoke & Carbon Monoxide Detectors test program at Consumer Reports. In our lab tests Combination Smoke & Carbon Monoxide Detectors models like the SC01 are rated ...,,,,,,
01Synergyhttps://hackernoon.com/company/01synergy2023-01-14 07:06:00https://www.pressrepublican.com/opinion/technology-and-society-a-double-edged-sword/article_8e7489c6-8c95-11ed-8225-7772703b7980.htmlTechnology and Society: A double-edged swordhttps://firebasestorage.googleapis.com/v0/b/hackernoon-app.appspot.com/o/images%2Fimageedit_25_7084755369.gif?alt=media&token=ca7527b0-a214-46d4-af72-1062b3df1458This worked without too many hitches by using the free e-mail and Texting services on the Internet ... the Internet usually provides “Too Much Information”( aka TMI) which in turn impedes ...,,,,,,
01Synergyhttps://hackernoon.com/company/01synergy2023-07-07 16:09:00https://www.linkedin.com/pulse/talent-acquisition-staffing-technology-servicesTalent Acquisition and Staffing Technology and Services Market Growth | 2030https://firebasestorage.googleapis.com/v0/b/hackernoon-app.appspot.com/o/images%2Fimageedit_25_7084755369.gif?alt=media&token=ca7527b0-a214-46d4-af72-1062b3df1458Moreover Consumer behavior analysis and market dynamics (drivers restraints opportunities) provides crucial information for knowing the Talent Acquisition and Staffing Technology and Services ...,,,,,,
01Synergyhttps://hackernoon.com/company/01synergy2023-07-08 06:02:00https://www.waketech.edu/programs-courses/credit/credit-programs/human-services-technology/degrees-programs/a4538cHuman Services Technology: Mental Health AAShttps://firebasestorage.googleapis.com/v0/b/hackernoon-app.appspot.com/o/images%2Fimageedit_25_7084755369.gif?alt=media&token=ca7527b0-a214-46d4-af72-1062b3df1458The Human Services Technology/Mental Health concentration prepares students for job opportunities in the mental health field. The curriculum enables students to understand culturally and emotionally handicapped developmentally disabled or addicted clients ...,,,,,,
01Synergyhttps://hackernoon.com/company/01synergy2023-07-17 08:19:00https://www.technologynetworks.com/diagnostics/news/novel-biosensor-developed-to-detect-neurogenerative-disease-proteins-376238Novel Biosensor Developed To Detect Neurogenerative Disease Proteinshttps://www.bing.com/th?id=OVFT.e4zJzuZBX6JkjfcZZw3RYS&pid=NewsBy combining multiple advanced technologies into a single system EPFL researchers have made a significant step forward in diagnosing neurodegenerative diseases such as Parkinson''s disease and Alzheimer''s disease.,,,,,,
"01Synergyhttps://hackernoon.com/company/01synergy2023-07-18 07:08:00https://it.tmcnet.com/news/2023/07/18/9849452.htmSenseTime Unveils '""SenseTrust'"" AI Governance Platform for Reliable Advancement of Generative AIhttps://firebasestorage.googleapis.com/v0/b/hackernoon-app.appspot.com/o/images%2Fimageedit_25_7084755369.gif?alt=media&token=ca7527b0-a214-46d4-af72-1062b3df1458Zhang Wang Vice President and Chairman of the Al Ethics and Governance Committee of SenseTime stated '""The widespread adoption of AI is fuelled by affordable and versatile technology but ensuring systems have reliable security is a crucial component for large-scale implementation.",,,,,,
01Synergy,https://hackernoon.com/company/01synergy,2023-01-19 16:37:00,https://www.crn.com/news/managed-services/logically-s-new-ceo-the-goal-is-to-transform-into-a-true-mssp-,Logically’s New CEO: The Goal Is To ‘Transform Into A True MSSP’,https://firebasestorage.googleapis.com/v0/b/hackernoon-app.appspot.com/o/images%2Fimageedit_25_7084755369.gif?alt=media&token=ca7527b0-a214-46d4-af72-1062b3df1458&auto=format&fit=max&w=3840,At Logically he was responsible for leading managed services professional services and the project management office as well as Logically’s Security Business Unit. With 20 years of cybersecurity expertise and leadership of MSSP and MSP organizations ...
01Synergy,https://hackernoon.com/company/01synergy,2023-06-29 11:22:00,https://www.axios.com/local/des-moines/2023/06/29/odor-desmoines-darling-wiechman-pineridge-iowa,Science will bust Des Moines' foul smells,https://firebasestorage.googleapis.com/v0/b/hackernoon-app.appspot.com/o/images%2Fimageedit_25_7084755369.gif?alt=media&token=ca7527b0-a214-46d4-af72-1062b3df1458&auto=format&fit=max&w=3840,Ten monitors and a weather station will be placed in public spaces near three businesses — Darling Ingredients Wiechman Pig Company and a Pine Ridge Farms pork packing plant — that city officials believe are the biggest odor offenders.
01Synergy,https://hackernoon.com/company/01synergy,2023-06-29 06:11:00,https://www.lse.co.uk/ShareChat.html?ShareTicker=SYN&thread=D691E069-DB95-4A64-8C4A-0D47D3362F20,Synergia Energy Share Chat,https://firebasestorage.googleapis.com/v0/b/hackernoon-app.appspot.com/o/images%2Fimageedit_25_7084755369.gif?alt=media&token=ca7527b0-a214-46d4-af72-1062b3df1458,The IP address of all posts is recorded to aid in enforcing these conditions. As a user you agree to any information you have entered being stored in a database. You agree that we have the right to remove edit move or close any topic or board at any time ...
01Synergy,https://hackernoon.com/company/01synergy,2023-08-22 08:00:00,https://www.benzinga.com/pressreleases/23/08/b33977592/saison-information-systems-accelerates-just-transition-with-mission-driven-1-of-operating-income-d,Saison Information Systems Accelerates Just Transition with Mission-Driven 1% of Operating Income Donation,https://firebasestorage.googleapis.com/v0/b/hackernoon-app.appspot.com/o/images%2Fimageedit_25_7084755369.gif?alt=media&token=ca7527b0-a214-46d4-af72-1062b3df1458,"Saison Information Systems Co. Ltd. (TYO:9640 hereafter '""Saison Information Systems'"")) is proud to announce that it donated 1% of its operating income to several nonprofits that are aligned with its"
01Synergy,https://hackernoon.com/company/01synergy,2023-01-18 22:37:00,https://www.iotevolutionworld.com/iot/articles/454653-leap-connectivity-aeris-acquires-technologies-from-ericsson-support.htm,A Leap in Connectivity: Aeris Acquires Technologies from Ericsson to Support Cellular IoT,https://firebasestorage.googleapis.com/v0/b/hackernoon-app.appspot.com/o/images%2Fimageedit_25_7084755369.gif?alt=media&token=ca7527b0-a214-46d4-af72-1062b3df1458&auto=format&fit=max&w=3840,After signing a recent agreement Aeris has acquired Ericsson''s IoT Accelerator and Connected Vehicle Cloud businesses to connect more than 100 million IoT devices for 9000 enterprises across 190 countries.
01Synergy,https://hackernoon.com/company/01synergy,2023-06-07 07:57:00,https://www.wsj.com/articles/stmicroelectronics-sanan-optoelectronics-to-form-3-2-bln-china-joint-venture-95b7ed25,STMicroelectronics Sanan Optoelectronics to Form $3.2 Bln China Joint Venture,https://firebasestorage.googleapis.com/v0/b/hackernoon-app.appspot.com/o/images%2Fimageedit_25_7084755369.gif?alt=media&token=ca7527b0-a214-46d4-af72-1062b3df1458,STMicroelectronics and Sanan Optoelectronics said they are forming a semiconductor-manufacturing joint venture in China with $3.2 billion in total build-out funding.
01Synergy,https://hackernoon.com/company/01synergy,2023-07-25 06:51:00,https://archive.org/details/isbn_9781402041457,Information technology and lawyers : advanced technology in the legal domain from challenges to daily routine,https://firebasestorage.googleapis.com/v0/b/hackernoon-app.appspot.com/o/images%2Fimageedit_25_7084755369.gif?alt=media&token=ca7527b0-a214-46d4-af72-1062b3df1458,A line drawing of the Internet Archive headquarters building façade. An illustration of a magnifying glass. An illustration of a magnifying glass.
01Synergy,https://hackernoon.com/company/01synergy,2023-03-15 19:16:00,https://it.tmcnet.com/news/2023/03/15/9777681.htm,Systems Solution Inc. Opens New Company Headquarters and Depot Services in Wayne PA.,https://firebasestorage.googleapis.com/v0/b/hackernoon-app.appspot.com/o/images%2Fimageedit_25_7084755369.gif?alt=media&token=ca7527b0-a214-46d4-af72-1062b3df1458&auto=format&fit=max&w=3840,Systems Solution Inc. (SSI) a leading provider of IT solutions and consulting for business today announced that they are opening their new office in Wayne PA. After almost three decades in their King of Prussia headquarters
01Synergy,https://hackernoon.com/company/01synergy,2022-12-09 16:06:00,https://finance.yahoo.com/news/dlh-strengthens-information-technology-cyber-210000289.html,DLH Strengthens Information Technology and Cyber Capabilities through Acquisition of GRSi,https://firebasestorage.googleapis.com/v0/b/hackernoon-app.appspot.com/o/images%2Fimageedit_25_7084755369.gif?alt=media&token=ca7527b0-a214-46d4-af72-1062b3df1458,“Through this landmark transaction we elevate our information technology and engineering ... improved provider of essential services to federal customers.” DLH financed the acquisition ...
01Synergy,https://hackernoon.com/company/01synergy,2023-04-12 18:40:00,https://fedscoop.com/gsa-names-new-technology-transformation-services-deputy-director/,GSA names new Technology Transformation Services deputy director,https://firebasestorage.googleapis.com/v0/b/hackernoon-app.appspot.com/o/images%2Fimageedit_25_7084755369.gif?alt=media&token=ca7527b0-a214-46d4-af72-1062b3df1458,(SAUL LOEB/AFP via Getty Images) The General Services Administration (GSA) has appointed a new deputy director of the agency’s Technology Transformation Services division. Mukunda Penugonde joined TTS in the role on April 10 joining from the private ...
01Synergy,https://hackernoon.com/company/01synergy,2023-01-23 14:15:00,https://technews.tmcnet.com/news/2023/01/23/9747377.htm,Key Tronic Corporation Announces Second Quarter Reporting Date,https://firebasestorage.googleapis.com/v0/b/hackernoon-app.appspot.com/o/images%2Fimageedit_25_7084755369.gif?alt=media&token=ca7527b0-a214-46d4-af72-1062b3df1458,Key Tronic Corporation (Nasdaq: KTCC) announced today that it plans to report its results for the second quarter of fiscal 2023 after market close on January 31 2023. Key Tronic will host a conference call to discuss its financial results at 2:00 PM Pacific (5:00 PM Eastern) on January 31
01Synergy,https://hackernoon.com/company/01synergy,2023-07-05 10:58:00,https://www.indiatoday.in/technology/news/story/technology-financial-services-and-admin-sectors-rule-indias-job-market-linkedin-data-reveals-2402230-2023-07-05,Technology financial services and admin sectors rule India''s job market Linkedin data reveals,https://firebasestorage.googleapis.com/v0/b/hackernoon-app.appspot.com/o/images%2Fimageedit_25_7084755369.gif?alt=media&token=ca7527b0-a214-46d4-af72-1062b3df1458,Administrative and Support Services Technology Information and Media and Accommodation. These sectors offer promising opportunities for individuals with bachelor''s degrees. Even for those without a bachelor''s degree there is a rise in job prospects in ...
01Synergy,https://hackernoon.com/company/01synergy,2022-12-10 19:53:00,https://www.hstoday.us/subject-matter-areas/information-technology/gsa-appointments-include-new-director-of-technology-transformation-services/,GSA Appointments Include New Director of Technology Transformation Services,https://firebasestorage.googleapis.com/v0/b/hackernoon-app.appspot.com/o/images%2Fimageedit_25_7084755369.gif?alt=media&token=ca7527b0-a214-46d4-af72-1062b3df1458,The U.S. General Services Administration (GSA ... Most recently she supported the Chief Technology and Information Officer in the U.S. Space Force. Prior to that Antonia supported various leaders in the Department of Veterans Affairs’ Office of ...
01Synergy,https://hackernoon.com/company/01synergy,2022-12-09 05:51:00,https://www.yahoo.com/entertainment/cerecore-expands-healthcare-technology-services-120000053.html,CereCore® expands healthcare technology services into the UK,https://firebasestorage.googleapis.com/v0/b/hackernoon-app.appspot.com/o/images%2Fimageedit_25_7084755369.gif?alt=media&token=ca7527b0-a214-46d4-af72-1062b3df1458,NASHVILLE Tenn. Dec. 8 2022 /PRNewswire/ -- CereCore today announced they are expanding their healthcare information technology (IT) services including electronic patient record (EPR ...
01Synergy,https://hackernoon.com/company/01synergy,2022-12-10 11:30:00,https://mb.com.ph/2022/12/10/kapihan-sa-mb-presents-episode-that-tackles-how-technology-and-innovation-drive-the-transformation-of-a-company/,Kapihan sa MB presents episode that tackles how technology and innovation drive the transformation of a company,https://firebasestorage.googleapis.com/v0/b/hackernoon-app.appspot.com/o/images%2Fimageedit_25_7084755369.gif?alt=media&token=ca7527b0-a214-46d4-af72-1062b3df1458,The upcoming episode will also shed light on how this emerging techglomerate is strengthening the provision of public services through partnerships ... Secretary of the Department of Information and Communications Technology (DICT) Dr. David Hardoon ...
01Synergy,https://hackernoon.com/company/01synergy,2023-05-15 22:36:00,https://www.reuters.com/technology/openai-readies-new-open-source-ai-model-information-2023-05-15/,OpenAI readies new open-source AI model The Information reports,https://firebasestorage.googleapis.com/v0/b/hackernoon-app.appspot.com/o/images%2Fimageedit_25_7084755369.gif?alt=media&token=ca7527b0-a214-46d4-af72-1062b3df1458,May 15 (Reuters) - OpenAI is preparing to release a new open-source language model to the public The Information reported on Monday citing a person with knowledge of the plan. OpenAI''s ChatGPT ...
01Synergy,https://hackernoon.com/company/01synergy,2023-07-07 00:00:00,https://www.livemint.com/market/market-stats/stocks-lt-technology-services-share-price-nse-bse-s0003242,L&T Technology Services,https://firebasestorage.googleapis.com/v0/b/hackernoon-app.appspot.com/o/images%2Fimageedit_25_7084755369.gif?alt=media&token=ca7527b0-a214-46d4-af72-1062b3df1458,L&T Technology Services Limited is an India-based engineering research and development services company. The Company provides services and solutions in the areas of product software mechanical ...
01Synergy,https://hackernoon.com/company/01synergy,2023-04-12 19:38:00,https://www.nasdaq.com/articles/wednesday-sector-laggards:-services-technology-communications-4,Wednesday Sector Laggards: Services Technology & Communications,https://firebasestorage.googleapis.com/v0/b/hackernoon-app.appspot.com/o/images%2Fimageedit_25_7084755369.gif?alt=media&token=ca7527b0-a214-46d4-af72-1062b3df1458,Looking at the sectors faring worst as of midday Wednesday shares of Services companies are underperforming ... The next worst performing sector is the Technology & Communications sector higher ...
01Synergy,https://hackernoon.com/company/01synergy,2023-09-26 00:00:00,https://www.gu.se/en/research/information-technology-and-science,Information Technology and Science,https://firebasestorage.googleapis.com/v0/b/hackernoon-app.appspot.com/o/images%2Fimageedit_25_7084755369.gif?alt=media&token=ca7527b0-a214-46d4-af72-1062b3df1458,The pharmacist Tho Nguyen used to work in a clinical lab for tropical diseases in Vietnam. She realized that she was working… Research story/portrait Studying our health using the annual rings of trees Weather data is only available for about the past ...
01Synergy,https://hackernoon.com/company/01synergy,2023-01-06 07:31:00,https://www.nextgov.com/emerging-tech/2023/01/ncua-names-director-new-financial-technology-and-access-team/381457/,NCUA Names Director of New Financial Technology and Access Team,https://firebasestorage.googleapis.com/v0/b/hackernoon-app.appspot.com/o/images%2Fimageedit_25_7084755369.gif?alt=media&token=ca7527b0-a214-46d4-af72-1062b3df1458,This includes policy on fintech fintech developments and transformation initiatives in the financial services sector—like cryptocurrency blockchain and distributed ledger technology.
01Synergy,https://hackernoon.com/company/01synergy,2022-12-09 14:15:00,https://www.valdostadailytimes.com/ap/business/axis-appoints-andy-maher-as-head-of-cyber-and-technology-london/article_5d5bb9c9-e142-5f68-a1ad-f0d2cc44e280.html,AXIS Appoints Andy Maher as Head of Cyber and Technology London,https://firebasestorage.googleapis.com/v0/b/hackernoon-app.appspot.com/o/images%2Fimageedit_25_7084755369.gif?alt=media&token=ca7527b0-a214-46d4-af72-1062b3df1458,"AXIS Capital Holdings Limited ('""AXIS'"" or the “Company”) (NYSE: AXS) announced today that Andy Maher has been appointed Head of Cyber and Technology ... of products and services that the ..."
01Synergy,https://hackernoon.com/company/01synergy,2023-08-08 20:44:00,https://www.benzinga.com/pressreleases/23/08/n33645430/fsi-strategies-releases-get-help-app-for-client-support,FSi Strategies releases Get Help app for client support,https://firebasestorage.googleapis.com/v0/b/hackernoon-app.appspot.com/o/images%2Fimageedit_25_7084755369.gif?alt=media&token=ca7527b0-a214-46d4-af72-1062b3df1458,FSi Strategies a leading provider in Managed IT Services and Professional IT Services is excited to announce the release of its Get Help app designed to provide clients with
01Synergy,https://hackernoon.com/company/01synergy,2023-08-08 20:07:00,https://www.pehub.com/ares-management-backed-coolsys-buys-used-asset-recovery-solutions-provider-1gnite/,Ares Management-backed CoolSys buys used asset recovery solutions provider 1GNITE,https://firebasestorage.googleapis.com/v0/b/hackernoon-app.appspot.com/o/images%2Fimageedit_25_7084755369.gif?alt=media&token=ca7527b0-a214-46d4-af72-1062b3df1458,CoolSys which is backed by Ares Management has acquired 1GNITE a Frisco Texas-based provider of used asset recovery solutions for mid-sized and large corporations. No financial terms were disclosed. CoolSys is a provider of sustainable refrigeration HVAC energy and engineering solutions.
01Synergy,https://hackernoon.com/company/01synergy,2023-03-25 09:23:00,https://www.i-scoop.eu/information-management/,Information management and strategy – an executive guide,https://firebasestorage.googleapis.com/v0/b/hackernoon-app.appspot.com/o/images%2Fimageedit_25_7084755369.gif?alt=media&token=ca7527b0-a214-46d4-af72-1062b3df1458,In fact you don’t need to understand any technology at all. You just need to understand the essential questions answers and evolutions across the various aspects of information management and regarding the role information plays and will play in your ...
01Synergy,https://hackernoon.com/company/01synergy,2023-02-02 08:14:00,https://www.nytimes.com/2023/02/01/technology/self-driving-taxi-san-francisco.html,Self-Driving Car Services Want to Expand in San Francisco Despite Recent Hiccups,https://firebasestorage.googleapis.com/v0/b/hackernoon-app.appspot.com/o/images%2Fimageedit_25_7084755369.gif?alt=media&token=ca7527b0-a214-46d4-af72-1062b3df1458,The services are the culmination of more than 10 years of research development and testing by the two companies. After pouring billions of dollars into the technology both say they will soon ...
01Synergy,https://hackernoon.com/company/01synergy,2023-02-19 00:03:00,https://business.inquirer.net/387271/top-business-and-technology-trends-to-drive-digital-transformation-in-ph-in-2023,Top business and technology trends to drive digital transformation in PH in 2023,https://firebasestorage.googleapis.com/v0/b/hackernoon-app.appspot.com/o/images%2Fimageedit_25_7084755369.gif?alt=media&token=ca7527b0-a214-46d4-af72-1062b3df1458,This will serve as an opportunity for businesses to reassess the course of their business by leveraging the power of technology ... their ability to extract information from a variety of telemetry ...
01Synergy,https://hackernoon.com/company/01synergy,2023-06-30 18:24:00,https://www.forbes.com/sites/forbestechcouncil/2023/06/30/increased-sensorability-and-inventory-management-in-healthcare/,Increased Sensorability And Inventory Management In Healthcare,https://firebasestorage.googleapis.com/v0/b/hackernoon-app.appspot.com/o/images%2Fimageedit_25_7084755369.gif?alt=media&token=ca7527b0-a214-46d4-af72-1062b3df1458,Once the added sensorability infrastructure/backbone is in place location services are easily added on top of it allowing healthcare organizations to know where every piece of critical inventory is located at all times. From infusion devices to EKG ...
01Synergy,https://hackernoon.com/company/01synergy,2023-06-15 20:21:00,https://www.federalregister.gov/documents/2023/06/16/2023-12925/securing-the-information-and-communications-technology-and-services-supply-chain-connected-software,Securing the Information and Communications Technology and Services Supply Chain; Connected Software Applications,https://firebasestorage.googleapis.com/v0/b/hackernoon-app.appspot.com/o/images%2Fimageedit_25_7084755369.gif?alt=media&token=ca7527b0-a214-46d4-af72-1062b3df1458,For complete information about and access to our official publications and services go to About the Federal Register on NARA''s archives.gov. The OFR/GPO partnership is committed to presenting accurate and reliable regulatory information on ...
01Synergy,https://hackernoon.com/company/01synergy,2023-09-24 13:11:00,https://www.fool.com/investing/2023/09/24/3-things-about-symbiotic-that-smart-investors-know/,3 Things About Symbiotic That Smart Investors Know,https://firebasestorage.googleapis.com/v0/b/hackernoon-app.appspot.com/o/images%2Fimageedit_25_7084755369.gif?alt=media&token=ca7527b0-a214-46d4-af72-1062b3df1458&auto=format&fit=max&w=3840,Symbiotic generates most of its revenue from Walmart. It’s relying on a new joint venture with its other big backer SoftBank to diversify its top line away from Walmart. Its insiders are still net sellers as it consistently dilutes its own shares ...
01Synergy,https://hackernoon.com/company/01synergy,2023-02-17 10:02:00,https://www.businesswireindia.com/esri-signs-agreement-with-malta-providing-access-to-gis-technology-training-83101.html,Esri Signs Agreement with Malta Providing Access to GIS Technology Training,https://firebasestorage.googleapis.com/v0/b/hackernoon-app.appspot.com/o/images%2Fimageedit_25_7084755369.gif?alt=media&token=ca7527b0-a214-46d4-af72-1062b3df1458,"In 1990 the government of Malta formed the Malta Information Technology Agency ... facilitate flexible access to the latest Esri technology and services'"" said Inġ.Emanuel Darmanin CEO of ..."
01Synergyhttps://hackernoon.com/company/01synergy2023-01-05 09:10:00https://seekingalpha.com/news/3922335-tetra-tech-acquires-amyx-for-technology-and-cybersecurity-servicesTetra Tech acquires Amyx for technology and cybersecurity serviceshttps://firebasestorage.googleapis.com/v0/b/hackernoon-app.appspot.com/o/images%2Fimageedit_25_7084755369.gif?alt=media&token=ca7527b0-a214-46d4-af72-1062b3df1458“The integration of Amyx’s high-end technology applications and cybersecurity services with our subject ... “The addition of Amyx to our Federal Information Technology Division enables ...,,,,,,
"01Synergyhttps://hackernoon.com/company/01synergy2023-01-24 08:08:00https://www.benzinga.com/pressreleases/23/01/n30539408/cybeats-signs-three-year-commercial-agreement-with-fortune-500-building-technology-and-industrial-Cybeats Signs Three-Year Commercial Agreement with Fortune 500 Building Technology and Industrial Automation Companyhttps://firebasestorage.googleapis.com/v0/b/hackernoon-app.appspot.com/o/images%2Fimageedit_25_7084755369.gif?alt=media&token=ca7527b0-a214-46d4-af72-1062b3df1458This multi-year agreement will see SBOM Studio deployed by one of the world''s leading providers of building technology software and services ... '""forward-looking information'"" within the meaning ...",,,,,,
01Synergyhttps://hackernoon.com/company/01synergy2023-05-10 18:52:00https://www.sfgate.com/business/article/integrated-electrical-services-fiscal-q2-18090513.phpIntegrated Electrical Services: Fiscal Q2 Earnings Snapshothttps://firebasestorage.googleapis.com/v0/b/hackernoon-app.appspot.com/o/images%2Fimageedit_25_7084755369.gif?alt=media&token=ca7527b0-a214-46d4-af72-1062b3df1458HOUSTON (AP) — HOUSTON (AP) — Integrated Electrical Services Inc. (IESC) on Wednesday reported profit of $18.8 million in its fiscal second quarter. On a per-share basis the Houston-based company said it had net income of 92 cents. Earnings adjusted for non-recurring costs came to $1.07 per share.,,,,,,
01Synergyhttps://hackernoon.com/company/01synergy2023-06-16 19:11:00https://www.nasdaq.com/articles/friday-sector-laggards:-services-technology-communications-0Friday Sector Laggards: Services Technology & Communicationshttps://firebasestorage.googleapis.com/v0/b/hackernoon-app.appspot.com/o/images%2Fimageedit_25_7084755369.gif?alt=media&token=ca7527b0-a214-46d4-af72-1062b3df1458Looking at the sectors faring worst as of midday Friday shares of Services companies are underperforming ... The next worst performing sector is the Technology & Communications sector showing ...,,,,,,
01Synergyhttps://hackernoon.com/company/01synergy2023-02-17 09:13:00https://www.channelnewsasia.com/singapore/space-technology-geospatial-erp-gnss-mapping-climate-coastline-3285886What does space technology have to do with Singapore’s ERP system and coastline?https://firebasestorage.googleapis.com/v0/b/hackernoon-app.appspot.com/o/images%2Fimageedit_25_7084755369.gif?alt=media&token=ca7527b0-a214-46d4-af72-1062b3df1458technology to improve traffic management and transport planning and provide real-time alerts to motorists on traffic information and charging locations. Web mapping services such as Google Maps ...,,,,,,
01Synergyhttps://hackernoon.com/company/01synergy2023-04-03 00:00:00https://www.timeshighereducation.com/unijobs/listing/335295/assistant-professor-associate-professor-professor-information-technology-and-engineering/Assistant Professor / Associate Professor / Professor Information Technology and Engineeringhttps://firebasestorage.googleapis.com/v0/b/hackernoon-app.appspot.com/o/images%2Fimageedit_25_7084755369.gif?alt=media&token=ca7527b0-a214-46d4-af72-1062b3df1458Apply(This will open in a new window from which you will be automatically redirected to an external site after 5 seconds),,,,,,
01Synergyhttps://hackernoon.com/company/01synergy2023-01-25 23:15:00https://www.nigeriacommunicationsweek.com.ng/interswitch-secures-cbn-pshc-license/Interswitch Secures CBN Payments Service Holding Company Licensehttps://www.bing.com/th?id=OVFT.FDFEiYc2zAxHrOfyaUakwS&pid=NewsKindly share this postInterswitch Group one of Africa’s financial technology and integrated payments solution providers have disclosed it has received a Payments Service Holding Company (PSHC) License issued by the Central Bank of Nigeria (CBN).,,,,,,
01Synergyhttps://hackernoon.com/company/01synergy2023-02-13 20:29:00https://technews.tmcnet.com/news/2023/02/13/9759546.htmILUS Confirms the Incorporation of Its Defense Subsidiary Hyperion Defense Solutionshttps://firebasestorage.googleapis.com/v0/b/hackernoon-app.appspot.com/o/images%2Fimageedit_25_7084755369.gif?alt=media&token=ca7527b0-a214-46d4-af72-1062b3df1458ILUS co-founded Hyperion Defense Solutions (Hyperion) alongside two experienced and esteemed British military veterans Chris Derbyshire and Tim Grey. Through their combined 34 years of military service and 22 years holding senior roles in the defense sector,,,,,,
01Synergyhttps://hackernoon.com/company/01synergy2023-02-08 08:32:00https://www.computerweekly.com/feature/Is-composable-business-the-most-essential-technology-trend-to-meet-the-challenges-of-2023-and-beyondIs composable business most essential technology trend to meet challenges of 2023 and beyond?https://firebasestorage.googleapis.com/v0/b/hackernoon-app.appspot.com/o/images%2Fimageedit_25_7084755369.gif?alt=media&token=ca7527b0-a214-46d4-af72-1062b3df1458Organisations using technology based on modular ... s multiple products were then centralised in a single Akeneo product information management (PIM) system. “You didn’t need an IT degree ...,,,,,,
01Synergyhttps://hackernoon.com/company/01synergy2023-06-30 17:36:00https://www.galvnews.com/news_ap/business/ey-announces-sonya-locke-of-eds-service-solutions-llc-as-an-entrepreneur-of-the-year/article_434a02a4-984c-57bd-9657-c251c8d5f9fd.htmlEY Announces Sonya Locke of EDS Service Solutions LLC as an Entrepreneur Of The Year® 2023 Southeast Award Winnerhttps://www.bing.com/th?id=OVFT.-Dn89kMreW0Ybq4390ZQ-y&pid=NewsErnst & Young LLP (EY US) today announced that CEO Sonya Locke of EDS Service Solutions LLC was named an Entrepreneur Of The Year ® 2023 Southeast Award winner. The Entrepreneur Of The Year Awards program is one of the preeminent competitive awards for entrepreneurs and leaders of high-growth companies.,,,,,,
01Synergyhttps://hackernoon.com/company/01synergy2023-06-14 12:25:00https://www.udel.edu/udaily/2023/june/science-research-technology/Life science synergyhttps://firebasestorage.googleapis.com/v0/b/hackernoon-app.appspot.com/o/images%2Fimageedit_25_7084755369.gif?alt=media&token=ca7527b0-a214-46d4-af72-1062b3df1458For more than 20 years the Delaware Technology Park (DTP) in Newark has been one of the state’s main economic drivers bringing jobs in research and development and helping to educate and train future innovators through synergy and partnerships with the ...,,,,,,
01Synergyhttps://hackernoon.com/company/01synergy2023-08-22 01:44:00https://www.crowdfundinsider.com/2023/08/211671-synechron-a-digital-transformation-firm-focused-on-financial-services-opens-new-canada-office/Synechron a Digital Transformation Firm Focused on Financial Services Opens New Canada Officehttps://www.bing.com/th?id=OVFT.SgVzv74qkDo3-L-jXNxj3C&pid=NewsSynechron Inc. a global digital transformation consulting firm focused on the financial services and big technology organizations ... Crowdfund Insider is the leading news and information website covering the emerging global industry of disruptive ...,,,,,,
01Synergyhttps://hackernoon.com/company/01synergy2023-08-22 12:46:00https://technews.tmcnet.com/news/2023/08/22/9868127.htmSeeed Studio Launches a Card-Size LoRaWAN GPS Tracker for Asset & Personnel Tracking on Kickstarterhttps://firebasestorage.googleapis.com/v0/b/hackernoon-app.appspot.com/o/images%2Fimageedit_25_7084755369.gif?alt=media&token=ca7527b0-a214-46d4-af72-1062b3df1458Seeed Studio a leading IoT hardware solution provider announces the launch of its groundbreaking card-size tracker SenseCAP T1000 on Kickstarter. Designed to meet the tracking demands in various industries,,,,,,
01Synergyhttps://hackernoon.com/company/01synergy2023-04-17 17:17:00https://www.benzinga.com/pressreleases/23/04/n31837838/automation-anywhere-recognized-by-business-intelligence-groups-2023-excellence-with-customer-serviAutomation Anywhere Recognized by Business Intelligence Group's 2023 Excellence with Customer Service Awardhttps://firebasestorage.googleapis.com/v0/b/hackernoon-app.appspot.com/o/images%2Fimageedit_25_7084755369.gif?alt=media&token=ca7527b0-a214-46d4-af72-1062b3df1458Automation Anywhere's customer service department leverages its own intelligent automation technology to provide outstanding ... in sales and customer service last month. For more information about the Excellence in Customer Service Awards visit: https ...,,,,,,
01Synergyhttps://hackernoon.com/company/01synergy2023-01-25 00:40:00https://www.bostonglobe.com/2023/01/24/metro/this-state-senator-drafted-legislation-regulate-artificial-intelligence-technology-with-some-help-chatgpt/Two elected officials drafted legislation to regulate artificial intelligence technology — with some help from ChatGPThttps://firebasestorage.googleapis.com/v0/b/hackernoon-app.appspot.com/o/images%2Fimageedit_25_7084755369.gif?alt=media&token=ca7527b0-a214-46d4-af72-1062b3df1458For his part Cutler filed legislation that would regulate the use of AI in providing mental health services ... s Joint Committee on Advanced Information Technology the Internet and Cybersecurity.,,,,,,
01Synergyhttps://hackernoon.com/company/01synergy2023-03-20 12:15:00https://www.tmcnet.com/usubmit/-syneos-health-collaborates-with-microsoft-accelerate-ai-across-/2023/03/20/9779459.htmSyneos Health Collaborates with Microsoft to Accelerate AI Across the Clinical to Commercial Continuumhttps://firebasestorage.googleapis.com/v0/b/hackernoon-app.appspot.com/o/images%2Fimageedit_25_7084755369.gif?alt=media&token=ca7527b0-a214-46d4-af72-1062b3df1458The multi-year agreement includes collaboration with Microsoft Research and leverages developments from OpenAI. Through this collaboration Syneos Health will deliver technology and data solutions with Microsoft that accelerate clinical development and elevate commercial performance for biopharma customers.,,,,,,
01Synergyhttps://hackernoon.com/company/01synergy2023-02-03 08:01:00https://www.lawfareblog.com/global-technology-products-us-security-policy-and-spectrums-riskGlobal Technology Products U.S. Security Policy and Spectrums of Riskhttps://firebasestorage.googleapis.com/v0/b/hackernoon-app.appspot.com/o/images%2Fimageedit_25_7084755369.gif?alt=media&token=ca7527b0-a214-46d4-af72-1062b3df1458and services from previous bans on Huawei equipment usage to current Commerce Department rulemaking to review information and communications technology transactions for security risks. While the companies products and services of concern do not ...,,,,,,
01Synergyhttps://hackernoon.com/company/01synergy2023-04-03 16:30:00https://www.reviewjournal.com/news/politics-and-government/nevada/banning-tiktok-heres-everything-you-need-to-know-2755275/Banning TikTok? Here’s everything you need to knowhttps://firebasestorage.googleapis.com/v0/b/hackernoon-app.appspot.com/o/images%2Fimageedit_25_7084755369.gif?alt=media&token=ca7527b0-a214-46d4-af72-1062b3df1458The regulations or bans would target information technology and services that are deemed to have “catastrophic” effects on the security of the U.S. undermine democratic processes or steer ...,,,,,,
01Synergyhttps://hackernoon.com/company/01synergy2023-08-08 00:00:00https://www.rit.edu/study/computing-and-information-sciencesComputing and Information Sciences Degreeshttps://firebasestorage.googleapis.com/v0/b/hackernoon-app.appspot.com/o/images%2Fimageedit_25_7084755369.gif?alt=media&token=ca7527b0-a214-46d4-af72-1062b3df1458Eva Navarro López named School of Information Director Eva Navarro López has been named director of the School of Information in RIT’s Golisano College of Computing and Information Sciences.,,,,,,
01Synergyhttps://hackernoon.com/company/01synergy2023-01-27 15:22:00https://www.hawaiibusiness.com/industry-outlook-information-technology/Information Technology Outlook feat. Hawaiian Telcomhttps://firebasestorage.googleapis.com/v0/b/hackernoon-app.appspot.com/o/images%2Fimageedit_25_7084755369.gif?alt=media&token=ca7527b0-a214-46d4-af72-1062b3df1458With our expanded range of services and ... our customers’ IT and technology needs so that they can focus on running their businesses. Mahalo to this year's Industry Outlook partners for providing our readers with useful information in their respective ...,,,,,,
01Synergyhttps://hackernoon.com/company/01synergy2023-02-16 14:04:00https://technews.tmcnet.com/news/2023/02/16/9761852.htmKinettix Launches Global Field Services Solution for Enterprise IT Service Providershttps://www.bing.com/th?id=OVFT.LTac0WTpt-amd3Ho0j_Rdy&pid=NewsFieldFlex Provides Access to a Scalable On-Demand Field Service Coordination Workforce CINCINNATI Feb. 16 2023 /PRNewswire/ -- Today Kinettix the go-to global leader in providing IT field technicians and break-fix dispatches to U.,,,,,,
01Synergyhttps://hackernoon.com/company/01synergy2023-03-06 16:31:00https://adayinourshoes.com/assistive-technology/What is Assistive Technology? 15 IEP Goals for Assistive Technology and AAChttps://firebasestorage.googleapis.com/v0/b/hackernoon-app.appspot.com/o/images%2Fimageedit_25_7084755369.gif?alt=media&token=ca7527b0-a214-46d4-af72-1062b3df1458This is a reauthorization of the Assistive Technology Act that has been on the books since 1998 but its purpose and the related services have not always been apparent or well publicized to the intended recipients. The goal of the act is to provide ...,,,,,,
"01Synergyhttps://hackernoon.com/company/01synergy2023-02-18 12:00:00https://www.cnbc.com/2023/02/18/synchron-backed-by-bezos-and-gates-tests-brain-computer-interface.htmlBrain implant startup backed by Bezos and Gates is testing mind-controlled computing on humanshttps://www.bing.com/th?id=OVFT.Br1aySDomuUG6gT7UcT_MS&pid=NewsSynchron is part of an emerging crop of companies testing technology in the brain-computer interface industry. The system is implanted through the blood vessels and allows patients to operate technology using only their minds. '""It helps them engage in ways ...",,,,,,
01Synergy,https://hackernoon.com/company/01synergy,2023-10-17 16:29:00,https://www.securityinfowatch.com/cybersecurity/press-release/53075521/trust-your-supplier-signzy-partner-to-revolutionize-aipowered-digital-onboarding-identity-verification,Trust Your Supplier Signzy partner to revolutionize AI-powered digital onboarding identity verification,https://firebasestorage.googleapis.com/v0/b/hackernoon-app.appspot.com/o/images%2Fimageedit_25_7084755369.gif?alt=media&token=ca7527b0-a214-46d4-af72-1062b3df1458,Signzy’s global scale onboarding four million customers daily furthers Trust Your Supplier’s ability to provide cutting-edge digital transformation to their customers.
01Synergy,https://hackernoon.com/company/01synergy,2023-01-12 11:53:00,https://powerelectronicsworld.net/article/115947/Infineon_and_Resonac_expand_SiC_cooperation,Infineon and Resonac expand SiC cooperation,https://firebasestorage.googleapis.com/v0/b/hackernoon-app.appspot.com/o/images%2Fimageedit_25_7084755369.gif?alt=media&token=ca7527b0-a214-46d4-af72-1062b3df1458&auto=format&fit=max&w=3840,The new set of contracts will deepen the long-term partnership on SiC material. According to the agreement Resonac will supply Infineon with SiC materials for the production of SiC semiconductors covering a double-digit share of the forecasted demand for the next decade.
01Synergy,https://hackernoon.com/company/01synergy,2023-01-24 18:22:00,https://vifreepress.com/2023/01/is-technology-the-key-to-medical-resiliency-in-the-u-s-virgin-islands/,Is Technology The Key To Medical Resiliency In The U.S. Virgin Islands?,https://firebasestorage.googleapis.com/v0/b/hackernoon-app.appspot.com/o/images%2Fimageedit_25_7084755369.gif?alt=media&token=ca7527b0-a214-46d4-af72-1062b3df1458,CHARLOTTE AMALIE — The Department of Human Services (DHS) today announced that the first ... Quantitative surveys of Medicaid Providers Information Technology (IT) Professionals and Healthrelated Executives Qualitative interviews and focus groups ...
01Synergy,https://hackernoon.com/company/01synergy,2023-06-28 10:45:00,https://thehackernews.com/2023/06/5-things-cisos-need-to-know-about.html,5 Things CISOs Need to Know About Securing OT Environments,https://firebasestorage.googleapis.com/v0/b/hackernoon-app.appspot.com/o/images%2Fimageedit_25_7084755369.gif?alt=media&token=ca7527b0-a214-46d4-af72-1062b3df1458,Traditional focus on IT security has left operational technology (OT) vulnerable. New report reveals organizations turning to CISOs for OT security.
01Synergy,https://hackernoon.com/company/01synergy,2023-03-06 10:38:00,https://www.monitor.co.ug/uganda/news/education/elizabeth-rwabu-marries-technology-and-disability-4147854,Elizabeth Rwabu marries technology and disability,https://firebasestorage.googleapis.com/v0/b/hackernoon-app.appspot.com/o/images%2Fimageedit_25_7084755369.gif?alt=media&token=ca7527b0-a214-46d4-af72-1062b3df1458,The teacher is also a pioneer of technology and disability in Uganda which has raised awareness on what people with disabilities can do. “The children I taught have grown up to become important ...
01Synergy,https://hackernoon.com/company/01synergy,2023-03-07 23:59:00,https://www.finextra.com/pressarticle/96025/syndio-joins-london-stock-exchange-marketplace,Syndio joins London Stock Exchange Marketplace,https://firebasestorage.googleapis.com/v0/b/hackernoon-app.appspot.com/o/images%2Fimageedit_25_7084755369.gif?alt=media&token=ca7527b0-a214-46d4-af72-1062b3df1458,Through its landmark PayEQ and a suite of products and services Syndio provides technology and expert guidance to help companies measure achieve and sustain all facets of workplace equity - from bringing in talent fairly to compensating retaining ...
01Synergy,https://hackernoon.com/company/01synergy,2023-01-04 15:27:00,https://framinghamsource.com/index.php/2023/01/04/healey-and-driscoll-announce-hao-as-economic-development-secretary-and-snyder-as-technology-services-security-secretary/,Healey and Driscoll Announce Hao as Economic Development Secretary and Snyder as Technology Services & Security Secretary,https://firebasestorage.googleapis.com/v0/b/hackernoon-app.appspot.com/o/images%2Fimageedit_25_7084755369.gif?alt=media&token=ca7527b0-a214-46d4-af72-1062b3df1458,Jason Snyder is currently the Chief Technology Officer at Harvard ... make sure the Commonwealth’s digital information is high quality and secure and that the people of Massachusetts have access to the services they need.” “The Commonwealth of ...
01Synergy,https://hackernoon.com/company/01synergy,2023-03-20 13:08:00,https://technews.tmcnet.com/news/2023/03/20/9779638.htm,Managed IT Services Provider Biz Technology Solutions Enters Into Partnership With New Charter Technologies,https://firebasestorage.googleapis.com/v0/b/hackernoon-app.appspot.com/o/images%2Fimageedit_25_7084755369.gif?alt=media&token=ca7527b0-a214-46d4-af72-1062b3df1458,New Charter Technologies a portfolio company of Palo Alto-based private equity firm Oval Partners recently announced the partnership of Biz Technology Solutions Inc. (BTS) a managed IT provider based in Mooresville
01Synergy,https://hackernoon.com/company/01synergy,2023-01-12 18:07:00,https://www.bizjournals.com/phoenix/inno/stories/news/2023/01/12/scottsdale-unicorn-lessen-acquires-sms-assist.html,Scottsdale-based property tech unicorn Lessen stretches reach nationally with acquisition of Chicago company,https://firebasestorage.googleapis.com/v0/b/hackernoon-app.appspot.com/o/images%2Fimageedit_25_7084755369.gif?alt=media&token=ca7527b0-a214-46d4-af72-1062b3df1458&auto=format&fit=max&w=3840,The new combined technology platform allows professionals to perform work at a national level that was not previously possible the #Scottsdale firm said. #phoenix
01Synergy,https://hackernoon.com/company/01synergy,2023-08-29 06:05:00,https://www.businesstoday.in/technology/news/story/reliance-agm-new-jio-smarthome-services-launched-sale-of-airfiber-to-start-from-september-19-395926-2023-08-28,Reliance AGM: New Jio SmartHome services launched; sale of AirFiber to start from September 19,https://firebasestorage.googleapis.com/v0/b/hackernoon-app.appspot.com/o/images%2Fimageedit_25_7084755369.gif?alt=media&token=ca7527b0-a214-46d4-af72-1062b3df1458,I’m thrilled to introduce Jio Smart Home services which is poised to redefine how we experience and manage our homes’. Akash further said ‘Entertainment is changing rapidly worldwide ...
01Synergy,https://hackernoon.com/company/01synergy,2023-02-07 11:00:00,https://indianexpress.com/article/technology/bharos-opportunities-challenges-india-developers-8410901/,Why BharOS has Indian developers excited and sceptical: ‘More choice is good for consumers… but it’s a long path’,https://firebasestorage.googleapis.com/v0/b/hackernoon-app.appspot.com/o/images%2Fimageedit_25_7084755369.gif?alt=media&token=ca7527b0-a214-46d4-af72-1062b3df1458,For now BharOS’s Private App Store Services or ‘PASS’ only allows trusted apps ... India’s Electronics and Information Technology Minister Ashwini Vaishnaw recently tested the OS on what looked like a Google Pixel device. Vaishnaw admitted that ...
01Synergy,https://hackernoon.com/company/01synergy,2023-05-17 00:00:00,https://www.worldbank.org/en/events/2023/05/15/artificial-intelligence-big-data-and-policy,Artificial Intelligence Big Data and Policy,https://firebasestorage.googleapis.com/v0/b/hackernoon-app.appspot.com/o/images%2Fimageedit_25_7084755369.gif?alt=media&token=ca7527b0-a214-46d4-af72-1062b3df1458,Olivia Igbokwe-Curry Amazon Web Services Olivia Igbokwe-Curry is an experienced Government Affairs leader with a demonstrated history of working in the information technology and services industry. She''s skilled in Government Procurement State & Local ...
01Synergy,https://hackernoon.com/company/01synergy,2023-01-25 07:59:00,https://www.monitor.co.ug/uganda/oped/commentary/refugees-and-technology-a-path-to-empowerment-4098358,Refugees and technology: A path to empowerment,https://firebasestorage.googleapis.com/v0/b/hackernoon-app.appspot.com/o/images%2Fimageedit_25_7084755369.gif?alt=media&token=ca7527b0-a214-46d4-af72-1062b3df1458,Technology has the ... Uganda is by improving access to information. Many refugees in Uganda have limited access to information about their rights available services and the resources available ...
01Synergy,https://hackernoon.com/company/01synergy,2023-01-24 23:04:00,https://washingtontechnology.com/companies/2023/01/hii-elevates-new-chief-information-officer/382124/,HII elevates new chief information officer,https://firebasestorage.googleapis.com/v0/b/hackernoon-app.appspot.com/o/images%2Fimageedit_25_7084755369.gif?alt=media&token=ca7527b0-a214-46d4-af72-1062b3df1458,HII has promoted a new chief information officer from the company''s own ranks in Chris Soong a nearly 25-year technology veteran ... of the site and the services we are able to offer.
01Synergy,https://hackernoon.com/company/01synergy,2023-02-17 18:49:00,https://www.bizjournals.com/stlouis/news/2023/02/17/cass-information-systems-makes-c-suite-changes.html,Cass Information Systems makes C-suite changes,https://firebasestorage.googleapis.com/v0/b/hackernoon-app.appspot.com/o/images%2Fimageedit_25_7084755369.gif?alt=media&token=ca7527b0-a214-46d4-af72-1062b3df1458&auto=format&fit=max&w=3840,Cass Information Systems Inc. (Nasdaq: CASS) a Des Peres-based provider of invoice payment and information services announced a promotion Friday to fill its top C-suite post.
01Synergy,https://hackernoon.com/company/01synergy,2023-03-13 16:10:00,https://www.linkedin.com/pulse/role-technology-telehealth-billing-services-info-hub,The Role of Technology in Telehealth Billing Services,https://firebasestorage.googleapis.com/v0/b/hackernoon-app.appspot.com/o/images%2Fimageedit_25_7084755369.gif?alt=media&token=ca7527b0-a214-46d4-af72-1062b3df1458,When you talk of technology ... billing services? Let’s take a look. Telehealth is the practise of managing your health care and receiving medical care remotely by using internet information ...
01Synergy,https://hackernoon.com/company/01synergy,2023-02-06 01:32:00,https://www.unionleader.com/news/business/columns/man-on-the-move-information-technology-has-put-our-privacy-at-risk/article_330f384e-03c7-51fb-90d4-962906b0f2ff.html,Man on the Move: Information technology has put our privacy at risk,https://firebasestorage.googleapis.com/v0/b/hackernoon-app.appspot.com/o/images%2Fimageedit_25_7084755369.gif?alt=media&token=ca7527b0-a214-46d4-af72-1062b3df1458,IT IS REPORTED that in a meeting between Civil War generals Grant and Sherman that Grant marveled at the technology they had at their disposal. With the steamboat railroad and the telegraph ...
01Synergy,https://hackernoon.com/company/01synergy,2023-03-16 09:35:00,https://www.kentuckytoday.com/news/business/3clogic-to-showcase-new-platform-for-servicenow-at-knowledge-2023/article_df0ffe0b-00c6-5d7a-a045-8cc99ec581cd.html,3CLogic to Showcase New Platform for ServiceNow at Knowledge 2023,https://firebasestorage.googleapis.com/v0/b/hackernoon-app.appspot.com/o/images%2Fimageedit_25_7084755369.gif?alt=media&token=ca7527b0-a214-46d4-af72-1062b3df1458,CLogic the leading voice-enabling and cloud contact center solution for ServiceNow® today announced its gold-level sponsorship and participation in this year’s ServiceNow Knowledge 2023 conference hosted in Las Vegas (May 14 th -18 th ).
01Synergy,https://hackernoon.com/company/01synergy,2023-10-16 13:46:00,https://www.tmcnet.com/usubmit/2023/10/16/9899031.htm,Syniverse Named Leader in Mobile Roaming by Kaleido Intelligence for Third Straight Year,https://firebasestorage.googleapis.com/v0/b/hackernoon-app.appspot.com/o/images%2Fimageedit_25_7084755369.gif?alt=media&token=ca7527b0-a214-46d4-af72-1062b3df1458,"Syniverse '""the world''s most connected company'""® has been recognized as the leader in mobile roaming by Kaleido Intelligence for the third consecutive year and once again been named the top vendor for data and financial clearing."
01Synergy,https://hackernoon.com/company/01synergy,2023-01-04 17:56:00,https://www.law.com/therecorder/2022/12/15/mediating-technology-disputes-the-why-and-the-how/,Mediating Technology Disputes: The Why and the How,https://firebasestorage.googleapis.com/v0/b/hackernoon-app.appspot.com/o/images%2Fimageedit_25_7084755369.gif?alt=media&token=ca7527b0-a214-46d4-af72-1062b3df1458,Expediency is key in resolving technology-related disputes ... theories or unexpected factual developments exchange that information. Provide preliminary damages contentions and support.
01Synergy,https://hackernoon.com/company/01synergy,2023-01-03 09:24:00,https://finance.yahoo.com/news/information-services-group-inc-nasdaq-110739974.html,Information Services Group Inc. (NASDAQ:III) is a favorite amongst institutional investors who own 57%,https://firebasestorage.googleapis.com/v0/b/hackernoon-app.appspot.com/o/images%2Fimageedit_25_7084755369.gif?alt=media&token=ca7527b0-a214-46d4-af72-1062b3df1458,If you want to know who really controls Information Services Group Inc. (NASDAQ:III) then you''ll have to look at the makeup of its share registry. With 57% stake institutions possess the ...
01Synergy,https://hackernoon.com/company/01synergy,2023-04-28 09:47:00,https://www.publicsectorexecutive.com/articles/innovative-eo-technology-being-piloted-public-services,Innovative EO technology being piloted for public services,https://firebasestorage.googleapis.com/v0/b/hackernoon-app.appspot.com/o/images%2Fimageedit_25_7084755369.gif?alt=media&token=ca7527b0-a214-46d4-af72-1062b3df1458,The Department for Science Innovation and Technology has announced that the Geospatial Commission has launched a pilot in commercial Earth Observation for public sector bodies as it looks to unlock the use of EO in delivering services. Earth Observation ...
01Synergy,https://hackernoon.com/company/01synergy,2023-01-13 15:08:00,https://journalnow.com/business/technology/information-technology-chooses-greensboro-site-for-center/article_f62fe2ec-92b5-11ed-ac04-2f17925805a9.html,Information technology chooses Greensboro site for center,https://firebasestorage.googleapis.com/v0/b/hackernoon-app.appspot.com/o/images%2Fimageedit_25_7084755369.gif?alt=media&token=ca7527b0-a214-46d4-af72-1062b3df1458,ImpactData an information technology company said Thursday it has chosen to develop its flagship product the Dream Center at the Gateway Research Park South campus. The $130 million project is ...
01Synergy,https://hackernoon.com/company/01synergy,2023-01-13 09:04:00,https://www.siliconindia.com/news/general/lt-sells-business-division-to-subsidiary-lt-technology-services-for-rs-800-cr-nid-220959-cid-1.html,L&T sells business division to subsidiary L&T Technology Services for Rs 800 cr,https://firebasestorage.googleapis.com/v0/b/hackernoon-app.appspot.com/o/images%2Fimageedit_25_7084755369.gif?alt=media&token=ca7527b0-a214-46d4-af72-1062b3df1458,In a Rs 800 crore deal engineering services company L&T Technology Services Ltd will acquire the Smart World & Communication (SWC) business of Larsen & Toubro Ltd (L&T) the companies said on Thursday. According to L&T the revenue of the carved-out ...
01Synergy,https://hackernoon.com/company/01synergy,2023-10-27 10:16:00,https://www.bizjournals.com/sacramento/inno/stories/news/2023/10/27/thermogenesis-shared-lab-space.html,ThermoGenesis opens shared lab space for immunotherapy medical startups,https://firebasestorage.googleapis.com/v0/b/hackernoon-app.appspot.com/o/images%2Fimageedit_25_7084755369.gif?alt=media&token=ca7527b0-a214-46d4-af72-1062b3df1458&auto=format&fit=max&w=3840,By sharing access to expensive infrastructure and equipment at ThermoGenesis'' new coworking laboratory startups benefit from a fully outfitted lab without having to pay to open or equip it.
1k,https://hackernoon.com/company/1k-kirana-bazaar,2023-07-02 03:39:00,https://milehighsports.com/betmgm-mlb-bonus-code-secure-1k-first-bet-offer-for-any-game/,BetMGM MLB Bonus Code: Secure $1K First Bet Offer for Any Game,https://firebasestorage.googleapis.com/v0/b/hackernoon-app.appspot.com/o/images%2Fimageedit_25_7084755369.gif?alt=media&token=ca7527b0-a214-46d4-af72-1062b3df1458&auto=format&fit=max&w=3840,Our BetMGM MLB bonus code promotion unlocks a First Bet Offer that rewards new customers with a fully-backed bet worth up to $1000.
01Synergy,https://hackernoon.com/company/01synergy,2023-08-23 01:23:00,https://stockhead.com.au/energy/emission-control-time-is-running-out-csiro-urges-aussies-to-prioritise-the-decarbonisation-of-its-transport-sector/,Emission Control: Time is running out – CSIRO urges Aussies to prioritise the decarbonisation of its transport sector,https://firebasestorage.googleapis.com/v0/b/hackernoon-app.appspot.com/o/images%2Fimageedit_25_7084755369.gif?alt=media&token=ca7527b0-a214-46d4-af72-1062b3df1458&auto=format&fit=max&w=3840,A new CSIRO report calls for Australia to focus on hydrogen-powered transport or risk being left behind our international counterparts.
01Synergy,https://hackernoon.com/company/01synergy,2023-06-14 22:47:00,https://www.thisdaylive.com/index.php/2023/06/01/ncs-decries-low-adoption-of-information-technology-in-nigeria-calls-for-reforms,NCS Decries Low Adoption of Information Technology in Nigeria Calls for Reforms,https://firebasestorage.googleapis.com/v0/b/hackernoon-app.appspot.com/o/images%2Fimageedit_25_7084755369.gif?alt=media&token=ca7527b0-a214-46d4-af72-1062b3df1458,The Nigeria Computer Society (NCS) the umbrella body for all Information Technology (IT) professionals in Nigeria has raised the concern about low adoption of IT in Nigeria especially in the ...
01Synergy,https://hackernoon.com/company/01synergy,2023-06-14 15:55:00,https://global.chinadaily.com.cn/a/202306/14/WS6489d0bda31033ad3f7bc425.html,SenseTime unveils Go robot powered by AI,https://firebasestorage.googleapis.com/v0/b/hackernoon-app.appspot.com/o/images%2Fimageedit_25_7084755369.gif?alt=media&token=ca7527b0-a214-46d4-af72-1062b3df1458,"The Go version of '""SenseRobot'"
01Synergyhttps://hackernoon.com/company/01synergy2023-01-17 23:45:00https://www.nextgov.com/policy/2023/01/us-and-uk-hold-first-comprehensive-dialogue-technology-and-data/381777/US and UK Hold First Comprehensive Dialogue on Technology and Datahttps://firebasestorage.googleapis.com/v0/b/hackernoon-app.appspot.com/o/images%2Fimageedit_25_7084755369.gif?alt=media&token=ca7527b0-a214-46d4-af72-1062b3df1458International Commerce State The United States and the United Kingdom held their inaugural meeting for the U.S-U.K. Comprehensive Dialogue on Technology and Data on Thursday. The dialogue ...,,,,,,
01Synergyhttps://hackernoon.com/company/01synergy2023-06-07 07:18:00https://technews.tmcnet.com/news/2023/06/07/9827920.htmInfosys Grows Its Footprint in the Nordics with a New Proximity Centre in Oslo Norway to Enable Digital Transformation Programs Within the Regionhttps://www.bing.com/th?id=OVFT.xkI-gKaTG_OJxTgIrk7mzi&pid=NewsInfosys (NSE: INFY) (BSE: INFY) (NYSE: INFY) a global leader in next-generation digital services and consulting today announced a new Proximity Centre in Oslo Norway as part of its continued expansion plan in the Nordics.,,,,,,
01Synergyhttps://hackernoon.com/company/01synergy2023-06-01 00:01:00https://phys.org/tags/information+technology/News tagged with information technologyhttps://firebasestorage.googleapis.com/v0/b/hackernoon-app.appspot.com/o/images%2Fimageedit_25_7084755369.gif?alt=media&token=ca7527b0-a214-46d4-af72-1062b3df1458New research finds that Canada''s electrical and electronic waste (e-waste) has more than tripled in the last two decades the equivalent of filling the CN tower 110 times and generating close to a ...,,,,,,
01Synergyhttps://hackernoon.com/company/01synergy2023-05-26 06:16:00https://www.engadget.com/best-video-streaming-services-133000093.htmlThe best video streaming services in 2023https://firebasestorage.googleapis.com/v0/b/hackernoon-app.appspot.com/o/images%2Fimageedit_25_7084755369.gif?alt=media&token=ca7527b0-a214-46d4-af72-1062b3df1458The number of video streaming services available has increased dramatically over the past few years as everyone including Apple Disney and ESPN decides they want a piece of the pie. The days ...,,,,,,
01Synergyhttps://hackernoon.com/company/01synergy2023-05-31 02:35:00https://infotechlead.com/data-center/kio-aims-to-double-capacity-of-data-centers-78600KIO aims to double capacity of data centershttps://www.bing.com/th?id=OVFT.jcpR-p2cz18Fi1npJczdii&pid=NewsMexican firm KIO is aiming to double the capacity of its data centers over the next two years Reuters news report said.,,,,,,
01Synergyhttps://hackernoon.com/company/01synergy2022-12-08 13:17:00https://www.benzinga.com/pressreleases/22/12/b30005324/wolters-kluwer-grc-recognized-as-employer-of-the-year-for-financial-and-legal-technologyWolters Kluwer GRC recognized as Employer of the Year for financial and legal technologyhttps://firebasestorage.googleapis.com/v0/b/hackernoon-app.appspot.com/o/images%2Fimageedit_25_7084755369.gif?alt=media&token=ca7527b0-a214-46d4-af72-1062b3df1458The awards are across both the financial technology and legal technology ... is a global leader in professional information software solutions and services for the healthcare; tax and accounting ...,,,,,,
01Synergyhttps://hackernoon.com/company/01synergy2023-02-13 10:40:00https://www.devdiscourse.com/article/technology/2353232-sc-ventures-partners-with-yabx-to-expand-access-to-financial-services-in-africaSC Ventures partners with Yabx to expand access to Financial Services in Africahttps://firebasestorage.googleapis.com/v0/b/hackernoon-app.appspot.com/o/images%2Fimageedit_25_7084755369.gif?alt=media&token=ca7527b0-a214-46d4-af72-1062b3df1458SC Ventures SC Ventures is a business unit that provides a platform and catalyst for Standard Chartered to promote innovation invest in disruptive financial technology and explore alternative business models. For more information please visit ...,,,,,,
01Synergyhttps://hackernoon.com/company/01synergy2023-05-16 22:24:00https://www.aol.com/news/us-announces-criminal-cases-involving-164327846.htmlUS announces criminal cases involving flow of technology information to Russia China and Iranhttps://firebasestorage.googleapis.com/v0/b/hackernoon-app.appspot.com/o/images%2Fimageedit_25_7084755369.gif?alt=media&token=ca7527b0-a214-46d4-af72-1062b3df1458WASHINGTON (AP) — The Justice Department announced a series of criminal cases Tuesday tracing the illegal flow of sensitive technology including Apple''s software code for self-driving cars and ...,,,,,,
01Synergyhttps://hackernoon.com/company/01synergy2022-12-06 14:24:00https://www.lelezard.com/en/news-20690119.htmlPierian Selected by PreCheck Health Services to Support Hereditary Cancer Testing for Providers and Patientshttps://firebasestorage.googleapis.com/v0/b/hackernoon-app.appspot.com/o/images%2Fimageedit_25_7084755369.gif?alt=media&token=ca7527b0-a214-46d4-af72-1062b3df1458Pierian® a global leader in advanced clinical genomics technology ... information through machine learning. When applied in clinical settings the Pierian platform is paired with enabling ...,,,,,,
01Synergyhttps://hackernoon.com/company/01synergy2023-02-13 12:59:00https://www.hstoday.us/industry/industry-news/maximus-names-elisabeth-schmidt-as-senior-vice-president-for-technology-and-consulting-services/Maximus Names Elisabeth Schmidt as Senior Vice President for Technology and Consulting Serviceshttps://firebasestorage.googleapis.com/v0/b/hackernoon-app.appspot.com/o/images%2Fimageedit_25_7084755369.gif?alt=media&token=ca7527b0-a214-46d4-af72-1062b3df1458Maximus has announced that Elisabeth Schmidt has been named one of the company’s new Senior Vice Presidents for Technology and Consulting Services. In this role Schmidt will guide the company’s delivery of comprehensive solutions for federal health ...,,,,,,
01Synergyhttps://hackernoon.com/company/01synergy2023-05-30 21:34:00https://finance.yahoo.com/news/stericycle-chief-financial-officer-chief-110000546.htmlStericycle Chief Financial Officer and Chief Information Officer Janet Zelenka Wins 2023 Bronze Stevie® Award for Technology Executive of the Yearhttps://firebasestorage.googleapis.com/v0/b/hackernoon-app.appspot.com/o/images%2Fimageedit_25_7084755369.gif?alt=media&token=ca7527b0-a214-46d4-af72-1062b3df1458Zelenka executive vice president chief financial officer and chief information officer has won the 2023 Bronze Stevie ® Award for Technology ... business-to-business services company and ...,,,,,,
01Synergyhttps://hackernoon.com/company/01synergy2023-05-16 17:19:00https://news.yahoo.com/us-announces-criminal-cases-involving-164327118.htmlUS announces criminal cases involving flow of technology information to Russia China and Iranhttps://firebasestorage.googleapis.com/v0/b/hackernoon-app.appspot.com/o/images%2Fimageedit_25_7084755369.gif?alt=media&token=ca7527b0-a214-46d4-af72-1062b3df1458WASHINGTON (AP) — The Justice Department announced a series of criminal cases Tuesday tracing the illegal flow of sensitive technology including Apple''s software code for self-driving cars and materials used for missiles to foreign adversaries like ...,,,,,,
01Synergyhttps://hackernoon.com/company/01synergy2023-10-19 04:14:00https://electricenergyonline.com/article/energy/category/t-d/56/1046104/e-isac-vendor-affiliate-program-marks-one-year-of-strengthening-our-grid-s-defense.htmlE-ISAC Vendor Affiliate Program Marks One Year of Strengthening Our Grid's Defensehttps://firebasestorage.googleapis.com/v0/b/hackernoon-app.appspot.com/o/images%2Fimageedit_25_7084755369.gif?alt=media&token=ca7527b0-a214-46d4-af72-1062b3df1458One year ago the Electricity Information Sharing and Analysis Center (E-ISAC) launched its Vendor Affiliate Program to address the ongoing cyber attacks and supply chain compromises on the North Amer.,,,,,,
01Synergyhttps://hackernoon.com/company/01synergy2023-10-18 10:38:00https://markets.businessinsider.com/news/stocks/servicenow-now-new-buy-recommendation-for-this-technology-giant-1032716278ServiceNow (NOW): New Buy Recommendation for This Technology Gianthttps://firebasestorage.googleapis.com/v0/b/hackernoon-app.appspot.com/o/images%2Fimageedit_25_7084755369.gif?alt=media&token=ca7527b0-a214-46d4-af72-1062b3df1458In a report released today Bradley Sills from Bank of America Securities reiterated a Buy rating on ServiceNow (NOW – Research Report),,,,,,
01Synergyhttps://hackernoon.com/company/01synergy2023-07-05 01:57:00https://www.aclu.org/news/privacy-technology/the-aclu-is-committed-to-protecting-your-personal-informationThe ACLU is Committed to Protecting Your Personal Informationhttps://firebasestorage.googleapis.com/v0/b/hackernoon-app.appspot.com/o/images%2Fimageedit_25_7084755369.gif?alt=media&token=ca7527b0-a214-46d4-af72-1062b3df1458Why we remain committed to privacy both internally and externally As privacy and technology continue to evolve we remain committed to upholding the highest standards when handling your personal information and updating our policy to reflect that evolution.,,,,,,
01Synergyhttps://hackernoon.com/company/01synergy2023-08-13 10:57:33https://www.msn.com/en-us/news/technology/microsoft-to-introduce-stringent-rules-for-ai-services-in-agreement-update/ar-AA1fdd7mMicrosoft to Introduce Stringent Rules for AI Services in Agreement Updatehttps://firebasestorage.googleapis.com/v0/b/hackernoon-app.appspot.com/o/images%2Fimageedit_25_7084755369.gif?alt=media&token=ca7527b0-a214-46d4-af72-1062b3df1458In a move signaling its commitment to responsible AI use Microsoft Corporation is set to implement significant changes to its Services Agreement on September 30 2023. The company is actively notifying its customer base about these forthcoming alterations through email communication and other relevant channels.,,,,,,
"01Synergyhttps://hackernoon.com/company/01synergy2022-12-09 14:15:00https://www.valdostadailytimes.com/ap/business/axis-appoints-andy-maher-as-head-of-cyber-and-technology-london/article_5d5bb9c9-e142-5f68-a1ad-f0d2cc44e280.htmlAXIS Appoints Andy Maher as Head of Cyber and Technology Londonhttps://firebasestorage.googleapis.com/v0/b/hackernoon-app.appspot.com/o/images%2Fimageedit_25_7084755369.gif?alt=media&token=ca7527b0-a214-46d4-af72-1062b3df1458AXIS Capital Holdings Limited ('""AXIS'"" or the “Company”) (NYSE: AXS) announced today that Andy Maher has been appointed Head of Cyber and Technology ... of products and services that the ...",,,,,,
01Synergyhttps://hackernoon.com/company/01synergy2023-10-18 07:59:00https://www.syracuse.com/business/2023/10/company-news-sean-ohara-director-of-ai-and-machine-learning-at-src-issued-patent.htmlCompany news: Sean O’Hara director of AI and machine learning at SRC issued patenthttps://firebasestorage.googleapis.com/v0/b/hackernoon-app.appspot.com/o/images%2Fimageedit_25_7084755369.gif?alt=media&token=ca7527b0-a214-46d4-af72-1062b3df1458He is recognized as a fellow at the organization and earned degrees in electronics and communication engineering from SU.,,,,,,
01Synergyhttps://hackernoon.com/company/01synergy2023-03-07 23:59:00https://business.gov.au/Planning/Industry-information/Information-media-and-telecommunications-industryInformation media and telecommunications industryhttps://firebasestorage.googleapis.com/v0/b/hackernoon-app.appspot.com/o/images%2Fimageedit_25_7084755369.gif?alt=media&token=ca7527b0-a214-46d4-af72-1062b3df1458See statistics for Australian Industry and Technology ... Licence and Information Service (ABLIS) to find information on the licences you may need. The information media and telecommunications industry have specific Goods and Services Tax (GST) measures.,,,,,,
01Synergyhttps://hackernoon.com/company/01synergy2022-12-09 07:00:00https://www.charitytoday.co.uk/charities-must-utilise-integrated-technology-to-meet-health-and-social-services-demand/Charities must utilise integrated technology to meet health and social services demandhttps://firebasestorage.googleapis.com/v0/b/hackernoon-app.appspot.com/o/images%2Fimageedit_25_7084755369.gif?alt=media&token=ca7527b0-a214-46d4-af72-1062b3df1458WITH not-for-profit organisations being fundamental for the provision of health and social care and support services across the UK – especially ... This is where Enterprise Resource Planning (ERP) technology – a single business software architecture ...,,,,,,
01Synergyhttps://hackernoon.com/company/01synergy2022-12-08 13:04:00https://www.finanznachrichten.de/nachrichten-2022-12/57793723-cerecore-expands-healthcare-technology-services-into-the-uk-008.htmCereCore expands healthcare technology services into the UKhttps://firebasestorage.googleapis.com/v0/b/hackernoon-app.appspot.com/o/images%2Fimageedit_25_7084755369.gif?alt=media&token=ca7527b0-a214-46d4-af72-1062b3df1458NASHVILLE Tenn. Dec. 8 2022 /PRNewswire/ -- CereCore today announced they are expanding their healthcare information technology (IT) services including electronic patient record (EPR ...,,,,,,
01Synergyhttps://hackernoon.com/company/01synergy2023-01-04 16:04:00https://www.usnews.com/news/technology/articles/2023-01-04/ericssons-cloud-software-and-services-unit-books-76-million-chargeEricsson's Cloud Software and Services Unit Books $76 Million Chargehttps://firebasestorage.googleapis.com/v0/b/hackernoon-app.appspot.com/o/images%2Fimageedit_25_7084755369.gif?alt=media&token=ca7527b0-a214-46d4-af72-1062b3df1458Ericsson's Cloud Software and Services Unit Books $76 Million Charge STOCKHOLM (Reuters) - Ericsson on Wednesday announced a 800 million crown ($76 million) fourth-quarter charge linked to ...,,,,,,
01Synergyhttps://hackernoon.com/company/01synergy2023-01-05 16:17:00https://homehealthcarenews.com/2023/01/longitudinal-care-and-technologys-role/Longitudinal Care and Technology’s Rolehttps://firebasestorage.googleapis.com/v0/b/hackernoon-app.appspot.com/o/images%2Fimageedit_25_7084755369.gif?alt=media&token=ca7527b0-a214-46d4-af72-1062b3df1458When you look at longitudinal care as a patient as a central element then the way you need to start from a technology angle and from a different base how you want to provide services you need to think of the patient to have information about the ...,,,,,,
01Synergyhttps://hackernoon.com/company/01synergy2023-10-19 13:09:00https://www.fmiblog.com/2023/10/19/anticipated-surge-in-air-flow-sensors-market-projected-to-exceed-us-3-2-billion-by-2033-fueled-by-a-consistent-3-5-cagr/Anticipated Surge in Air Flow Sensors Market Projected to Exceed US$ 3.2 Billion by 2033 Fueled by a Consistent 3.5% CAGRhttps://www.bing.com/th?id=OVFT.CTAxVG6da3OGUXpF0k0OaC&pid=NewsThe Air Flow Sensors Market report unveiled by Future Market Insights—an ESOMAR Certified Market Research and Consulting Firm—presents invaluable insights and meticulous analysis of the Air Flow Sensors market.,,,,,,
01Synergyhttps://hackernoon.com/company/01synergy2023-10-18 18:37:00https://www.tmcnet.com/usubmit/-symsyn-launches-high-roi-market-debut-with-strategic-/2023/10/18/9901398.htmSymSyn Launches a High-ROI Market Debut with Strategic Equity and Promising Growthhttps://firebasestorage.googleapis.com/v0/b/hackernoon-app.appspot.com/o/images%2Fimageedit_25_7084755369.gif?alt=media&token=ca7527b0-a214-46d4-af72-1062b3df1458SymSyn is poised to unveil its paradigm-shifting concept Habi·Tech·Ture ™ into the worldwide marketplace. The Nature Cabinet System and Method is fully patented. Leveraging cutting-edge technologies and ecological design,,,,,,
01Synergyhttps://hackernoon.com/company/01synergy2023-07-26 00:00:00https://www.aaii.com/investingideas/article/73554-3-undervalued-professional-information-services-stocks-for-wednesday-july-263 Undervalued Professional Information Services Stocks for Wednesday July 26https://firebasestorage.googleapis.com/v0/b/hackernoon-app.appspot.com/o/images%2Fimageedit_25_7084755369.gif?alt=media&token=ca7527b0-a214-46d4-af72-1062b3df1458With the other premium services you can dive deep into additional metrics portfolios commentary and information about Professional Information Services stocks as well as other industrys. Choosing Which of the 3 Best Professional Information Services ...,,,,,,
01Synergyhttps://hackernoon.com/company/01synergy2022-12-06 18:26:00https://www.oneindia.com/india/india-to-become-hub-of-drone-technology-to-create-1-lakh-jobs-thakur-3496262.htmlIndia to become hub of drone technology to create 1 lakh jobs: Minister Thakurhttps://firebasestorage.googleapis.com/v0/b/hackernoon-app.appspot.com/o/images%2Fimageedit_25_7084755369.gif?alt=media&token=ca7527b0-a214-46d4-af72-1062b3df1458New Delhi Dec 06: Union Information and Broadcasting Minister ... strives to boost the demand for cutting-edge drone technology and services in a three pronged approach. Effective policy that ...,,,,,,
01Synergyhttps://hackernoon.com/company/01synergy2023-09-25 22:08:00https://apnews.com/article/bermuda-cyberattack-government-services-7b7ab914523c388140d9c3bda582e11aBermuda premier says ‘sophisticated and deliberate’ cyberattack hobbles government serviceshttps://firebasestorage.googleapis.com/v0/b/hackernoon-app.appspot.com/o/images%2Fimageedit_25_7084755369.gif?alt=media&token=ca7527b0-a214-46d4-af72-1062b3df1458But he added that it could take a couple of weeks for all services to be fully restored. “The size scope and nature of this is significant” Burt said of the attack. It wasn’t clear if sensitive information was compromised and Burt said the ...,,,,,,
01Synergyhttps://hackernoon.com/company/01synergy2023-08-27 00:11:00https://www.businesswire.com/news/home/20230826511370/en/o9 Solutions Announces Hyderabad Office and Strategic Partnership With Telangana Government to Develop World-Class Supply Chain Talenthttps://firebasestorage.googleapis.com/v0/b/hackernoon-app.appspot.com/o/images%2Fimageedit_25_7084755369.gif?alt=media&token=ca7527b0-a214-46d4-af72-1062b3df1458Solutions a leading AI powered software platform used by global manufacturers and retailers to plan their supply chains today announced that it w,,,,,,
01Synergyhttps://hackernoon.com/company/01synergy2023-07-27 12:29:00https://apnews.com/article/france-china-russia-chip-technology-smuggling-66a8a4edcaf7137e109a16d6d300cd94France is investigating suspected smuggling to China and Russia of advanced chip technologyhttps://firebasestorage.googleapis.com/v0/b/hackernoon-app.appspot.com/o/images%2Fimageedit_25_7084755369.gif?alt=media&token=ca7527b0-a214-46d4-af72-1062b3df1458French magistrates have filed preliminary charges against two Chinese nationals and two other people from France in an investigation of a leading chip supplier whose advanced technology with possible military uses was reportedly smuggled to China and ...,,,,,,
01Synergyhttps://hackernoon.com/company/01synergy2023-07-26 20:38:00https://finance.yahoo.com/news/stewart-information-services-corporation-appoints-203000702.htmlSTEWART INFORMATION SERVICES CORPORATION APPOINTS HELEN VAID AS NEW DIRECTORhttps://firebasestorage.googleapis.com/v0/b/hackernoon-app.appspot.com/o/images%2Fimageedit_25_7084755369.gif?alt=media&token=ca7527b0-a214-46d4-af72-1062b3df1458HOUSTON July 26 2023 /PRNewswire/ -- Stewart Information Services Corporation (NYSE ... Ms. Vaid also held several technology-focused roles at Hewlett Packard Enterprise.‎,,,,,,
01Synergyhttps://hackernoon.com/company/01synergy2023-03-18 10:13:00https://www.usnews.com/360-reviews/technology/streaming-services/best-live-tv-streaming-servicesBest Live TV Streaming Services of 2023https://firebasestorage.googleapis.com/v0/b/hackernoon-app.appspot.com/o/images%2Fimageedit_25_7084755369.gif?alt=media&token=ca7527b0-a214-46d4-af72-1062b3df1458YouTube TV also earns the No. 1 spot in our Best Sports Streaming Services of 2023 rating. YouTube TV’s base plan costs $64.99 per month and offers more than 85 channels including sports ...,,,,,,
01Synergyhttps://hackernoon.com/company/01synergy2022-12-13 06:09:00https://techent.tv/2022/12/13/service-providers-the-digital-link-between-industries-society-enterprise-it/Service Providers: The Digital Link Between Industries Society & Enterprise IThttps://firebasestorage.googleapis.com/v0/b/hackernoon-app.appspot.com/o/images%2Fimageedit_25_7084755369.gif?alt=media&token=ca7527b0-a214-46d4-af72-1062b3df1458Partners and Service Providers play an increasing role in bridging digital transformation goals into plans. Red Hat is weighing in on its role in industry.,,,,,,
01Synergyhttps://hackernoon.com/company/01synergy2023-10-10 18:58:00https://www.dbusiness.com/daily-news/automation-alley-in-troy-changes-format-of-intregr8-event/Automation Alley in Troy Changes Format of Intregr8 Eventhttps://www.bing.com/th?id=OVFT.yaMP-CaYq5rSE5s5vrfVey&pid=NewsIntegr8 conference hosted by Automation Alley in Troy is shifting from a one-day event to a year-long exploration.,,,,,,
01Synergyhttps://hackernoon.com/company/01synergy2023-02-15 13:30:00https://www.nextgov.com/emerging-tech/2023/01/video-game-technology-tapped-medically-train-astronauts-future-moon-and-mars-missions/382303/Video Game Technology Tapped to Medically Train Astronauts for Future Moon and Mars Missionshttps://firebasestorage.googleapis.com/v0/b/hackernoon-app.appspot.com/o/images%2Fimageedit_25_7084755369.gif?alt=media&token=ca7527b0-a214-46d4-af72-1062b3df1458The award was won by a company called Level Ex which uses video game technology to serve the ... we store cookies on your browser to collect information. The information collected might relate ...,,,,,,
01Synergyhttps://hackernoon.com/company/01synergy2023-08-11 19:10:00https://www.ou.edu/adrc/resources/policies/eit-policyElectronic and Information Technology and Multimedia Accessibility Policyhttps://firebasestorage.googleapis.com/v0/b/hackernoon-app.appspot.com/o/images%2Fimageedit_25_7084755369.gif?alt=media&token=ca7527b0-a214-46d4-af72-1062b3df1458The Standards reflect the principles of both the “State of Oklahoma’s Electronic and Information Technology Accessibility” (EITA) and the “World Wide Web Consortium’s Web Content Accessibility Guidelines” (WCAG) Level AA. The University ...,,,,,,
01Synergyhttps://hackernoon.com/company/01synergy2023-04-07 05:04:00https://www.khq.com/news/irs-shares-plan-to-improve-customer-service-and-increase-audit-focus-on-high-earners/article_9c98eaf6-d501-11ed-95b6-8f713bdec433.htmlIRS shares plan to improve customer service and increase audit focus on high earnershttps://www.bing.com/th?id=OVFT.OVih34YcpYpPeJ44aoXPzi&pid=NewsThe Internal Revenue Service announced a plan to transform the agency and improve service for taxpayers over the next decade on Wednesday.,,,,,,
01Synergyhttps://hackernoon.com/company/01synergy2023-03-30 19:11:00https://www.popularmechanics.com/military/aviation/a43129458/how-stealth-technology-works/Survival in the Skies: The Story of Stealth Technologyhttps://firebasestorage.googleapis.com/v0/b/hackernoon-app.appspot.com/o/images%2Fimageedit_25_7084755369.gif?alt=media&token=ca7527b0-a214-46d4-af72-1062b3df1458That is until defense contractor Lockheed noticed it and had his works translated into English; Ufimtsev’s work became the basis for modern-day stealth technology. Stealth Planes Still Have a ...,,,,,,
01Synergyhttps://hackernoon.com/company/01synergy2022-12-09 01:01:00https://www.adb.org/news/adb-supports-development-science-and-technology-parks-indonesiaADB Supports Development of Science and Technology Parks in Indonesiahttps://firebasestorage.googleapis.com/v0/b/hackernoon-app.appspot.com/o/images%2Fimageedit_25_7084755369.gif?alt=media&token=ca7527b0-a214-46d4-af72-1062b3df1458The project will help the STPs focus on various disciplinary fields aligned with Indonesia’s priority economic sectors such as energy (renewal energy and storage technology) transport (electric and autonomous vehicles) information and communication ...,,,,,,
01Synergyhttps://hackernoon.com/company/01synergy2022-12-07 09:36:00https://stcroixsource.com/2022/12/07/m1-enterprises-joins-rtpark-to-provide-healthcare-and-technology-training-opportunities/M1 Enterprises Joins RTPark to Provide Healthcare and Technology Training Opportunitieshttps://firebasestorage.googleapis.com/v0/b/hackernoon-app.appspot.com/o/images%2Fimageedit_25_7084755369.gif?alt=media&token=ca7527b0-a214-46d4-af72-1062b3df1458For more information about M1 Enterprises USVI LLC or its Healthcare Related Consulting Services email: Doug@M1enterprises.com To learn more about M1 healthcare and technology-related training email: mynewcareer@M1enterprises.com To learn more about the ...,,,,,,
01Synergyhttps://hackernoon.com/company/01synergy2023-02-10 21:30:00https://theonefeather.com/2023/02/10/cherokee-police-commission-discusses-public-information-and-community-reporting/Cherokee Police Commission discusses public information and community reportinghttps://firebasestorage.googleapis.com/v0/b/hackernoon-app.appspot.com/o/images%2Fimageedit_25_7084755369.gif?alt=media&token=ca7527b0-a214-46d4-af72-1062b3df1458Public information ... technology. The main topic for this meeting was deciding what items from should be considered for cataloging for a monthly dashboard for CIPD and other emergency services ...,,,,,,
01Synergyhttps://hackernoon.com/company/01synergy2023-01-18 16:57:00https://www.crowdfundinsider.com/2023/01/201060-workplace-equity-analytics-platform-syndio-teams-up-with-broadridge-financial-solutions/Workplace Equity Analytics Platform Syndio Teams Up with Broadridge Financial Solutionshttps://www.bing.com/th?id=OVFT.02N7t3UfYfoOV_hlSQpNHy&pid=NewsSyndio the workplace equity analytics platform announced a new partnership with global Fintech Broadridge Financial Solutions (NYSE: BR).,,,,,,
01Synergyhttps://hackernoon.com/company/01synergy2023-01-04 15:27:00https://framinghamsource.com/index.php/2023/01/04/healey-and-driscoll-announce-hao-as-economic-development-secretary-and-snyder-as-technology-services-security-secretary/Healey and Driscoll Announce Hao as Economic Development Secretary and Snyder as Technology Services & Security Secretaryhttps://firebasestorage.googleapis.com/v0/b/hackernoon-app.appspot.com/o/images%2Fimageedit_25_7084755369.gif?alt=media&token=ca7527b0-a214-46d4-af72-1062b3df1458Jason Snyder is currently the Chief Technology Officer at Harvard ... make sure the Commonwealth’s digital information is high quality and secure and that the people of Massachusetts have access to the services they need.” “The Commonwealth of ...,,,,,,
01Synergyhttps://hackernoon.com/company/01synergy2023-01-05 09:10:00https://seekingalpha.com/news/3922335-tetra-tech-acquires-amyx-for-technology-and-cybersecurity-servicesTetra Tech acquires Amyx for technology and cybersecurity serviceshttps://firebasestorage.googleapis.com/v0/b/hackernoon-app.appspot.com/o/images%2Fimageedit_25_7084755369.gif?alt=media&token=ca7527b0-a214-46d4-af72-1062b3df1458“The integration of Amyx’s high-end technology applications and cybersecurity services with our subject ... “The addition of Amyx to our Federal Information Technology Division enables ...,,,,,,
01Synergyhttps://hackernoon.com/company/01synergy2023-08-15 18:55:00https://multichannelmerchant.com/operations/getting-smart-about-automated-intralogistics/Getting Smart About Automated Intralogisticshttps://www.bing.com/th?id=OVFT.dkYv_-r85adtAMajalmD9S&pid=NewsSavvy shippers are introducing automated intralogistics to deliver an enhanced customer experience to gain competitive advantage.,,,,,,
01Synergyhttps://hackernoon.com/company/01synergy2023-02-27 21:11:00https://nypost.com/2023/02/27/trackers-with-sensing-tech-could-interfere-with-implantable-cardiac-devices-study/Trackers with sensing tech could interfere with implantable cardiac devices: studyhttps://www.bing.com/th?id=OVFT.oYs4FpWX8sWefShSg5ULQS&pid=NewsMany people use fitness trackers such as smartwatches as part of achieving a healthy lifestyle — but some cardiac patients should be aware of the risks. Some smart scales smart rings and wearable fitness devices that use “bioimpedance,,,,,,
01Synergyhttps://hackernoon.com/company/01synergy2023-02-11 14:32:00https://finance.yahoo.com/news/information-technology-coalition-inc-announces-220200881.htmlInformation Technology Coalition Inc. Announces Major Rebrand and Name Now Doing Business as ITC Federal (ITC)https://firebasestorage.googleapis.com/v0/b/hackernoon-app.appspot.com/o/images%2Fimageedit_25_7084755369.gif?alt=media&token=ca7527b0-a214-46d4-af72-1062b3df1458Feb. 10 2023 /PRNewswire/ -- Information Technology ... investments in streamlining and maturing our services to stay current with our customers'' technology demands. ITC''s core offerings include ...,,,,,,
01Synergyhttps://hackernoon.com/company/01synergy2023-02-13 22:55:00https://www.nytimes.com/2023/02/13/technology/technology-spending-resilient.htmlBeyond Silicon Valley Spending on Technology Is Resilienthttps://firebasestorage.googleapis.com/v0/b/hackernoon-app.appspot.com/o/images%2Fimageedit_25_7084755369.gif?alt=media&token=ca7527b0-a214-46d4-af72-1062b3df1458At Elevance Health a big insurer and health services provider the ever-larger role of information technology is apparent. Eighty percent of the communication contacts with the more than 45 ...,,,,,,
01Synergyhttps://hackernoon.com/company/01synergy2023-10-10 20:08:00https://www.mysanantonio.com/news/local/article/automated-navy-vessels-18416968.phpAustin-based defense company raises $55M for automated naval shipshttps://www.bing.com/th?id=OVFT.xFU5V9ptnMnlgp6uf48sTy&pid=NewsAutonomous or self-driving cars have become a hot topic in Austin government in recent months. While the cars continue to cause headaches in the Texas capital an Austin-based defense company is moving past the blacktop in creating the next wave of robotic vehicles.,,,,,,
01Synergyhttps://hackernoon.com/company/01synergy2023-02-10 12:37:00https://techbullion.com/trending-sports-technology-innovations-improving-sports-services/Trending Sports Technology Innovations Improving Sports Serviceshttps://firebasestorage.googleapis.com/v0/b/hackernoon-app.appspot.com/o/images%2Fimageedit_25_7084755369.gif?alt=media&token=ca7527b0-a214-46d4-af72-1062b3df1458Technology has been transforming the sports industry from redefining how we train to developing new equipment and medical technology. With the emergence of virtual reality artificial intelligence and data analytics sports technology is revolutionizing ...,,,,,,
01Synergyhttps://hackernoon.com/company/01synergy2023-04-28 12:42:00https://www.lse.co.uk/ShareChat.asp?ShareTicker=SYN&thread=29D319F6-2559-4514-A6F4-898ADC9172D1Synergia Energy Share Chathttps://firebasestorage.googleapis.com/v0/b/hackernoon-app.appspot.com/o/images%2Fimageedit_25_7084755369.gif?alt=media&token=ca7527b0-a214-46d4-af72-1062b3df1458The IP address of all posts is recorded to aid in enforcing these conditions. As a user you agree to any information you have entered being stored in a database. You agree that we have the right to remove edit move or close any topic or board at any time ...,,,,,,
01Synergyhttps://hackernoon.com/company/01synergy2023-04-13 23:59:00https://www.wku.edu/online/bach-programs/cit/B.S. in Computer Information Technologyhttps://firebasestorage.googleapis.com/v0/b/hackernoon-app.appspot.com/o/images%2Fimageedit_25_7084755369.gif?alt=media&token=ca7527b0-a214-46d4-af72-1062b3df1458The 100% online Bachelor of Science in Computer Information Technology (CIT) program at WKU can help you prepare for many exciting career options. CIT has become an integral part of modern life and business. Among its most important functions are the ...,,,,,,
01Synergyhttps://hackernoon.com/company/01synergy2023-01-06 06:53:00https://washingtontechnology.com/companies/2023/01/tetra-tech-acquires-application-cyber-services-outfit/381484/Tetra Tech acquires application cyber services outfithttps://firebasestorage.googleapis.com/v0/b/hackernoon-app.appspot.com/o/images%2Fimageedit_25_7084755369.gif?alt=media&token=ca7527b0-a214-46d4-af72-1062b3df1458Tetra Tech has acquired a provider of enterprise technology and consulting services to federal agencies ... we store cookies on your browser to collect information. The information collected ...,,,,,,
01Synergyhttps://hackernoon.com/company/01synergy2023-08-11 19:04:00https://www.nasdaq.com/articles/friday-sector-laggards:-technology-communications-services-6Friday Sector Laggards: Technology & Communications Serviceshttps://firebasestorage.googleapis.com/v0/b/hackernoon-app.appspot.com/o/images%2Fimageedit_25_7084755369.gif?alt=media&token=ca7527b0-a214-46d4-af72-1062b3df1458The worst performing sector as of midday Friday is the Technology & Communications sector ... The next worst performing sector is the Services sector showing a 0.4% loss. Among large Services ...,,,,,,
01Synergyhttps://hackernoon.com/company/01synergy2023-01-04 17:56:00https://www.law.com/therecorder/2022/12/15/mediating-technology-disputes-the-why-and-the-how/Mediating Technology Disputes: The Why and the Howhttps://firebasestorage.googleapis.com/v0/b/hackernoon-app.appspot.com/o/images%2Fimageedit_25_7084755369.gif?alt=media&token=ca7527b0-a214-46d4-af72-1062b3df1458Expediency is key in resolving technology-related disputes ... theories or unexpected factual developments exchange that information. Provide preliminary damages contentions and support.,,,,,,
01Synergyhttps://hackernoon.com/company/01synergy2023-08-02 04:22:00https://washingtontechnology.com/companies/2023/08/mantech-acquire-digital-transformation-services-provider/389021/ManTech to acquire digital transformation services providerhttps://firebasestorage.googleapis.com/v0/b/hackernoon-app.appspot.com/o/images%2Fimageedit_25_7084755369.gif?alt=media&token=ca7527b0-a214-46d4-af72-1062b3df1458“This signals a major move into consulting services for us” ManTech CEO Matt Tait told Washington Technology ... cookies on your browser to collect information. The information collected ...,,,,,,
"01Synergyhttps://hackernoon.com/company/01synergy2023-04-13 23:59:00https://www.cambridgenetwork.co.uk/sectors/information-technology-and-telecomsInformation Technology and Telecomshttps://firebasestorage.googleapis.com/v0/b/hackernoon-app.appspot.com/o/images%2Fimageedit_25_7084755369.gif?alt=media&token=ca7527b0-a214-46d4-af72-1062b3df1458'""I''m a Software Developer; now what?'"" Imagine you’ve found somewhere you want to stay long-term — the projects are varied the tech stack is exciting and the people are interesting. But what next? Whether you’re a Software Developer Test Engineer ...",,,,,,
01Synergyhttps://hackernoon.com/company/01synergy2023-09-26 00:00:00https://www.computerweekly.com/resources/IT-for-financial-servicesIT for financial serviceshttps://firebasestorage.googleapis.com/v0/b/hackernoon-app.appspot.com/o/images%2Fimageedit_25_7084755369.gif?alt=media&token=ca7527b0-a214-46d4-af72-1062b3df1458The government tax collection agency is stepping up its efforts to prevent contractors falling victim to non-compliant umbrella firms with three new names added to its list of known tax avoidance ...,,,,,,
01Synergyhttps://hackernoon.com/company/01synergy2023-01-05 09:10:00https://seekingalpha.com/news/3922335-tetra-tech-acquires-amyx-for-technology-and-cybersecurity-servicesTetra Tech acquires Amyx for technology and cybersecurity serviceshttps://firebasestorage.googleapis.com/v0/b/hackernoon-app.appspot.com/o/images%2Fimageedit_25_7084755369.gif?alt=media&token=ca7527b0-a214-46d4-af72-1062b3df1458“The integration of Amyx’s high-end technology applications and cybersecurity services with our subject ... “The addition of Amyx to our Federal Information Technology Division enables ...,,,,,,
01Synergyhttps://hackernoon.com/company/01synergy2023-01-17 13:02:00https://www.provideocoalition.com/isocell-hp2-samsungs-new-sensor-has-faster-auto-focusing/ISOCELL HP2: Samsung’s new sensor has faster auto-focusinghttps://www.bing.com/th?id=OVFT.4-SBUPrArQj23h64aK-TRy&pid=NewsCapable of fast auto-focusing even in low-lit settings the new ISOCELL HP2 sensor from Samsung with improved technology  allows for detailed and seamless photos in any light condition While Samsung’s sensors have been praised for the images they capture,,,,,,
01Synergyhttps://hackernoon.com/company/01synergy2023-01-22 12:00:00https://seekingalpha.com/article/4571381-servicenow-dxc-technology-platform-partnership-strengthsServiceNow And DXC Technology: Platform And Partnership Strengthshttps://www.bing.com/th?id=OVFT.DoigGm6uTY4ASugh-fJ8uC&pid=NewsServiceNow (NOW) and DXC Technology (DXC) stocks have outperformed the Vanguard Information Technology ETF. See why I have buy rating on DXC and NOW stocks.,,,,,,
01Synergyhttps://hackernoon.com/company/01synergy2023-01-04 11:28:00https://www.marketwatch.com/press-release/laboratory-information-services-market-2023-expected-to-reach-highest-growth-rate-industry-size-and-share-with-trends-forecast-to-2027-2023-01-04Laboratory Information Services Market 2023 Expected to Reach Highest Growth Rate Industry Size and Share with Trends Forecast to 2027https://firebasestorage.googleapis.com/v0/b/hackernoon-app.appspot.com/o/images%2Fimageedit_25_7084755369.gif?alt=media&token=ca7527b0-a214-46d4-af72-1062b3df1458Jan 04 2023 (The Expresswire) -- Global “Laboratory Information Services Market” Research 2023 offers extensive insights on market segmentations geographical regions with latest industry ...,,,,,,
01Synergyhttps://hackernoon.com/company/01synergy2023-01-06 06:53:00https://washingtontechnology.com/companies/2023/01/tetra-tech-acquires-application-cyber-services-outfit/381484/Tetra Tech acquires application cyber services outfithttps://firebasestorage.googleapis.com/v0/b/hackernoon-app.appspot.com/o/images%2Fimageedit_25_7084755369.gif?alt=media&token=ca7527b0-a214-46d4-af72-1062b3df1458Tetra Tech has acquired a provider of enterprise technology and consulting services to federal agencies ... we store cookies on your browser to collect information. The information collected ...,,,,,,
01Synergyhttps://hackernoon.com/company/01synergy2022-12-19 08:36:00https://businessday.ng/news/article/revenue-oyo-leverage-technology-to-block-leakages/Revenue: Oyo leverage technology to block leakageshttps://www.bing.com/th?id=OVFT.AOwLUqE8lncVmp-5UtyfJS&pid=NewsThe Oyo state Government has revealed that it is switching to technology to drive revenue collection in order to curb every form of revenue leakage in,,,,,,
01Synergyhttps://hackernoon.com/company/01synergy2022-12-09 07:00:00https://www.charitytoday.co.uk/charities-must-utilise-integrated-technology-to-meet-health-and-social-services-demand/Charities must utilise integrated technology to meet health and social services demandhttps://firebasestorage.googleapis.com/v0/b/hackernoon-app.appspot.com/o/images%2Fimageedit_25_7084755369.gif?alt=media&token=ca7527b0-a214-46d4-af72-1062b3df1458WITH not-for-profit organisations being fundamental for the provision of health and social care and support services across the UK – especially ... This is where Enterprise Resource Planning (ERP) technology – a single business software architecture ...,,,,,,
01Synergyhttps://hackernoon.com/company/01synergy2023-02-23 14:56:00https://www.yahoo.com/now/logistics-startup-slync-raises-24m-140059177.htmlLogistics startup Slync raises $24M attempts to distance itself from disgraced founderhttps://www.bing.com/th?id=OVFT.ARQ9a372TXfgyL3uHz7bEi&pid=NewsWe reached out to the company for more information and Greg Kefer ... We have moved on with our new CEO John Urban and are focused on delivering next-generation technology to the global logistics industry. Kefer disclosed that Goldman Sachs led ...,,,,,,
01Synergyhttps://hackernoon.com/company/01synergy2023-09-26 00:04:00https://www.bloomberg.com/news/articles/2023-09-26/bermuda-public-services-remain-disrupted-after-cyberattackBermuda Public Services Remain Disrupted After Cyberattackhttps://firebasestorage.googleapis.com/v0/b/hackernoon-app.appspot.com/o/images%2Fimageedit_25_7084755369.gif?alt=media&token=ca7527b0-a214-46d4-af72-1062b3df1458Bermuda is working to restore public services that were halted after last week’s “sophisticated and deliberate” cyberattack on its government systems the island’s premier E. David Burt ...,,,,,,
01Synergyhttps://hackernoon.com/company/01synergy2023-01-16 16:53:00https://it.tmcnet.com/news/2023/01/16/9743547.htmSensormatic Solutions by Johnson Controls collaborates with Zliide to reimagine self-checkouthttps://firebasestorage.googleapis.com/v0/b/hackernoon-app.appspot.com/o/images%2Fimageedit_25_7084755369.gif?alt=media&token=ca7527b0-a214-46d4-af72-1062b3df1458Sensormatic Solutions the leading global retail solutions portfolio of Johnson Controls today announced its collaboration with Zliide a technology company that seeks to bring physical stores into the next era through convenience and digitalization.,,,,,,
01Synergyhttps://hackernoon.com/company/01synergy2023-02-23 16:01:00https://it.tmcnet.com/news/2023/02/23/9765450.htmSignet FCU and OMNICOMMANDER® Renew Their Partnership to Launch a State-Of-The-Art Digital Branchhttps://firebasestorage.googleapis.com/v0/b/hackernoon-app.appspot.com/o/images%2Fimageedit_25_7084755369.gif?alt=media&token=ca7527b0-a214-46d4-af72-1062b3df1458Signet FCU have renewed their partnership to launch a modern world-class Digital Branch™ with a custom online form feature. OMNICOMMANDER provides award-winning Digital Branch designs tailored for financial institutions seeking to enhance their visitors'' experience,,,,,,
01Synergyhttps://hackernoon.com/company/01synergy2023-08-11 20:02:00https://www.bethel.edu/its/Information Technology Serviceshttps://firebasestorage.googleapis.com/v0/b/hackernoon-app.appspot.com/o/images%2Fimageedit_25_7084755369.gif?alt=media&token=ca7527b0-a214-46d4-af72-1062b3df1458Information Technology Services works to connect Bethel to the world facilitating teaching and learning and helping our community utilize technology. We work in a variety of areas from assisting customers at the Help Desk to maintaining our website and ...,,,,,,
01Synergyhttps://hackernoon.com/company/01synergy2022-12-15 12:15:00https://www.euromoney.com/article/2b0o8ydh3ixa3cnawgwe8/treasury/pay-by-bank-services-face-standardization-headwindsPay-by-bank services face standardization headwindshttps://www.bing.com/th?id=OVFT.DJbsHvrRHIFr6JKl74wxQy&pid=NewsAccount-to-account payments have become a priority area for regulators but industry participants argue that rule makers need to do more to support wider use of pay-by-bank services.,,,,,,
01Synergyhttps://hackernoon.com/company/01synergy2023-01-04 16:04:00https://www.usnews.com/news/technology/articles/2023-01-04/ericssons-cloud-software-and-services-unit-books-76-million-chargeEricsson's Cloud Software and Services Unit Books $76 Million Chargehttps://firebasestorage.googleapis.com/v0/b/hackernoon-app.appspot.com/o/images%2Fimageedit_25_7084755369.gif?alt=media&token=ca7527b0-a214-46d4-af72-1062b3df1458Ericsson's Cloud Software and Services Unit Books $76 Million Charge STOCKHOLM (Reuters) - Ericsson on Wednesday announced a 800 million crown ($76 million) fourth-quarter charge linked to ...,,,,,,
01Synergyhttps://hackernoon.com/company/01synergy2023-02-10 20:42:00https://www.insidermonkey.com/blog/stewart-information-services-corporation-nysestc-q4-2022-earnings-call-transcript-1118488/Stewart Information Services Corporation (NYSE:STC) Q4 2022 Earnings Call Transcripthttps://firebasestorage.googleapis.com/v0/b/hackernoon-app.appspot.com/o/images%2Fimageedit_25_7084755369.gif?alt=media&token=ca7527b0-a214-46d4-af72-1062b3df1458Operator: Hello and thank you for joining the Stewart Information Services Fourth ... made excellent progress on our deployment of technology and services that provide greater connectivity ...,,,,,,
01Synergyhttps://hackernoon.com/company/01synergy2023-08-11 18:48:00https://www.linkedin.com/pulse/healthcare-information-technology-softwareHealthcare Information Technology Software Market Share Trends | 2023-2030 | Regional Status and Prospecthttps://firebasestorage.googleapis.com/v0/b/hackernoon-app.appspot.com/o/images%2Fimageedit_25_7084755369.gif?alt=media&token=ca7527b0-a214-46d4-af72-1062b3df1458Products and Services Provided 3.4 Healthcare Information Technology Software Mergers and Acquisitions 3.5 Healthcare Information Technology Software New Entrants and Expansion Plans 6.1 ...,,,,,,
01Synergyhttps://hackernoon.com/company/01synergy2023-01-12 14:05:00https://www.yahoo.com/now/applied-information-integrates-school-zone-140500018.htmlApplied Information Integrates School Zone Safety Beacons Emergency Vehicles and Other Traffic Control Devices into Waze to Improve Roadway Safetyhttps://firebasestorage.googleapis.com/v0/b/hackernoon-app.appspot.com/o/images%2Fimageedit_25_7084755369.gif?alt=media&token=ca7527b0-a214-46d4-af72-1062b3df1458Applied Information Inc. the leading provider of intelligent transportation technology announced today that its Internet of Things (IoT) connected traffic control devices and emergency vehicles can now display alerts on the Waze app providing drivers,,,,,,
01Synergyhttps://hackernoon.com/company/01synergy2022-12-14 14:02:00https://www.tmcnet.com/usubmit/2022/12/14/9730197.htmIridium and Smithsonian's Movement of Life Initiative Team Up to Help Protect Endangered and Threatened Specieshttps://firebasestorage.googleapis.com/v0/b/hackernoon-app.appspot.com/o/images%2Fimageedit_25_7084755369.gif?alt=media&token=ca7527b0-a214-46d4-af72-1062b3df1458Iridium Communications Inc. (Nasdaq: IRDM) announced it has created a first-of-its-kind program in support of the Smithsonian Institution''s Movement of Life Initiative which advances conservation through the science of animal tracking.,,,,,,
01Synergyhttps://hackernoon.com/company/01synergy2022-12-06 13:08:00https://apnews.com/article/earnings-ac4750f6464cfb51267200568f055940Integrated Electrical Services: Fiscal Q4 Earnings Snapshothttps://firebasestorage.googleapis.com/v0/b/hackernoon-app.appspot.com/o/images%2Fimageedit_25_7084755369.gif?alt=media&token=ca7527b0-a214-46d4-af72-1062b3df1458Integrated Electrical Services Inc. (IESC) on Tuesday reported fiscal fourth-quarter net income of $16.2 million. On a per-share basis the Houston-based company said it had profit of 72 cents.,,,,,,
01Synergyhttps://hackernoon.com/company/01synergy2023-02-10 15:11:00https://seekingalpha.com/news/3934664-information-services-provides-fy-2023-outlookInformation Services provides FY 2023 outlookhttps://firebasestorage.googleapis.com/v0/b/hackernoon-app.appspot.com/o/images%2Fimageedit_25_7084755369.gif?alt=media&token=ca7527b0-a214-46d4-af72-1062b3df1458Net income between $27M-32M; EBITDA between $58M-63M; Adjusted EBITDA between $65M-70M. The company anticipates revenue consistency in 2023 driven by its two core segments Registry Operations ...,,,,,,
01Synergyhttps://hackernoon.com/company/01synergy2023-08-27 05:38:00https://www.lse.co.uk/ShareChat.html?ShareTicker=SYN&thread=1761B9E9-406E-4695-9A01-A04F945D286CSynergia Energy Share Chathttps://firebasestorage.googleapis.com/v0/b/hackernoon-app.appspot.com/o/images%2Fimageedit_25_7084755369.gif?alt=media&token=ca7527b0-a214-46d4-af72-1062b3df1458The IP address of all posts is recorded to aid in enforcing these conditions. As a user you agree to any information you have entered being stored in a database. You agree that we have the right to remove edit move or close any topic or board at any time ...,,,,,,
01Synergyhttps://hackernoon.com/company/01synergy2023-01-13 05:02:00https://www.straitstimes.com/asia/east-asia/massive-job-cuts-signal-turning-point-for-information-technology-sector-yomiuri-shimbunMassive job cuts signal turning point for information technology sector: Yomiuri Shimbunhttps://firebasestorage.googleapis.com/v0/b/hackernoon-app.appspot.com/o/images%2Fimageedit_25_7084755369.gif?alt=media&token=ca7527b0-a214-46d4-af72-1062b3df1458It can be said that the management of US information technology companies which have been growing rapidly through online shopping social media and other services has reached a major turning point.,,,,,,
01Synergyhttps://hackernoon.com/company/01synergy2023-08-08 21:04:00https://www.fool.com/investing/2023/08/08/why-automation-stock-symbotic-surged-48-in-july/Why Automation Stock Symbotic Surged 48% in Julyhttps://www.bing.com/th?id=OVFT.6Bu4YyMAqSsBcP8_YyMV2i&pid=NewsSymbotic formed a joint venture called GreenBox with Japanese multinational company SoftBank Group in July. Symbotic will have a 35% stake in the venture and sell warehouse automation systems worth $7.5 billion to GreenBox over a six-year period starting from fiscal 2024. Symbotic''s financial year ends Sept. 24.,,,,,,
01Synergyhttps://hackernoon.com/company/01synergy2023-03-25 09:23:00https://www.i-scoop.eu/information-management/Information management and strategy – an executive guidehttps://firebasestorage.googleapis.com/v0/b/hackernoon-app.appspot.com/o/images%2Fimageedit_25_7084755369.gif?alt=media&token=ca7527b0-a214-46d4-af72-1062b3df1458In fact you don’t need to understand any technology at all. You just need to understand the essential questions answers and evolutions across the various aspects of information management and regarding the role information plays and will play in your ...,,,,,,
01Synergyhttps://hackernoon.com/company/01synergy2023-05-04 11:05:00https://technews.tmcnet.com/news/2023/05/04/9807625.htmOne Equity Partners Completes Simultaneous Acquisition of Kirey Group and Synergyc With the Clear Goal to Create a Pan-European IT Service Championhttps://firebasestorage.googleapis.com/v0/b/hackernoon-app.appspot.com/o/images%2Fimageedit_25_7084755369.gif?alt=media&token=ca7527b0-a214-46d4-af72-1062b3df1458helping them execute on transformative information technology projects. Learn more at www.kireygroup.com. Synergyc is a progressive growth-oriented professional Services and Consulting company servicing blue-chip enterprises. Synergyc is focused on ...,,,,,,
01Synergyhttps://hackernoon.com/company/01synergy2023-01-13 07:18:00https://www.businesswire.com/news/home/20230111006044/en/Lessen-Acquires-SMS-Assist-Signaling-A-New-Era-for-Property-Technology-and-Services/?feedref=JjAwJuNHiystnCoBq_hl-Q-tiwWZwkcswR1UZtV7eGe24xL9TZOyQUMS3J72mJlQ7fxFuNFTHSunhvli30RlBNXya2izy9YOgHlBiZQk2LOzmn6JePCpHPCiYGaEx4DL1Rq8pNwkf3AarimpDzQGuQ==Lessen Acquires SMS Assist Signaling A New Era for Property Technology and Serviceshttps://firebasestorage.googleapis.com/v0/b/hackernoon-app.appspot.com/o/images%2Fimageedit_25_7084755369.gif?alt=media&token=ca7527b0-a214-46d4-af72-1062b3df1458end-to-end solution for outsourced real estate property services announced today a strategic acquisition of SMS Assist an industry-leading facilities maintenance technology company. By merging ...,,,,,,
01Synergyhttps://hackernoon.com/company/01synergy2023-02-23 10:51:00https://www.joplinglobe.com/region/national_business/l-t-technology-services-and-qualcomm-selected-by-thales-for-enabling-5g-private-networks-in/article_a791d1aa-f05a-52e5-a912-01d31827740b.htmlL&T Technology Services and Qualcomm Selected by Thales for Enabling 5G Private Networks in Urban Railwayshttps://firebasestorage.googleapis.com/v0/b/hackernoon-app.appspot.com/o/images%2Fimageedit_25_7084755369.gif?alt=media&token=ca7527b0-a214-46d4-af72-1062b3df1458L&T Technology Services Limited (BSE ... sales offices and 91 innovation labs as of December 31 2022. For more information please visit www.LTTS.com Thales (Euronext Paris: HO) is a global ...,,,,,,
01Synergyhttps://hackernoon.com/company/01synergy2023-07-25 17:08:00https://archive.org/details/isbn_0964838214Global information technology and socio-economic developmenthttps://firebasestorage.googleapis.com/v0/b/hackernoon-app.appspot.com/o/images%2Fimageedit_25_7084755369.gif?alt=media&token=ca7527b0-a214-46d4-af72-1062b3df1458A line drawing of the Internet Archive headquarters building façade. An illustration of a magnifying glass. An illustration of a magnifying glass.,,,,,,
01Synergyhttps://hackernoon.com/company/01synergy2023-08-15 16:01:00https://www.benzinga.com/pressreleases/23/08/b33862464/eclypsium-expands-leadership-team-with-new-executive-hires-reinforcing-commitment-to-supply-chain-Eclypsium Expands Leadership Team With New Executive Hires Reinforcing Commitment to Supply Chain Securityhttps://firebasestorage.googleapis.com/v0/b/hackernoon-app.appspot.com/o/images%2Fimageedit_25_7084755369.gif?alt=media&token=ca7527b0-a214-46d4-af72-1062b3df1458Eclypsium® the supply chain security company protecting critical hardware firmware and software products and technologies today announced the addition of two new executives to the company''s leadership team.,,,,,,
01Synergyhttps://hackernoon.com/company/01synergy2022-12-01 21:15:00https://stockhouse.com/news/press-releases/2022/12/01/microchip-technology-to-present-at-the-raymond-james-technology-investorMicrochip Technology to Present at the Raymond James Technology Investor Conferencehttps://firebasestorage.googleapis.com/v0/b/hackernoon-app.appspot.com/o/images%2Fimageedit_25_7084755369.gif?alt=media&token=ca7527b0-a214-46d4-af72-1062b3df1458Copies of SEC filings can be obtained for free at the SEC''s website (www.sec.gov) or from commercial document retrieval services. Microchip Technology Incorporated ... dependable delivery and quality. For more information visit the Microchip website ...,,,,,,
01Synergyhttps://hackernoon.com/company/01synergy2022-12-02 07:19:00https://businessday.ng/interview/women-in-business/article/monisola-adanijo-md-co-founder-naveen-healthcare-naveen-technology-services/Monisola Adanijo – MD/Co-Founder Naveen Healthcare & Naveen Technology Serviceshttps://firebasestorage.googleapis.com/v0/b/hackernoon-app.appspot.com/o/images%2Fimageedit_25_7084755369.gif?alt=media&token=ca7527b0-a214-46d4-af72-1062b3df1458She is also an educator and CME lecture provider. She makes health information easy to understand and teaches strategies so individuals can manage their risk factors and live a healthy life contributing to good health and well-being. CVDs are notorious for ...,,,,,,
01Synergyhttps://hackernoon.com/company/01synergy2023-07-25 06:51:00https://archive.org/details/isbn_9781402041457Information technology and lawyers : advanced technology in the legal domain from challenges to daily routinehttps://firebasestorage.googleapis.com/v0/b/hackernoon-app.appspot.com/o/images%2Fimageedit_25_7084755369.gif?alt=media&token=ca7527b0-a214-46d4-af72-1062b3df1458A line drawing of the Internet Archive headquarters building façade. An illustration of a magnifying glass. An illustration of a magnifying glass.,,,,,,
01Synergyhttps://hackernoon.com/company/01synergy2023-01-02 04:39:00https://www.financialexpress.com/education-2/educational-trends-that-will-make-2023-a-powerhouse-of-skilling-and-technology/2933075/Educational trends that will make 2023 a powerhouse of skilling and technologyhttps://firebasestorage.googleapis.com/v0/b/hackernoon-app.appspot.com/o/images%2Fimageedit_25_7084755369.gif?alt=media&token=ca7527b0-a214-46d4-af72-1062b3df1458No industry is untouched by the developments that technology is building. Education is one of them and the last couple of years have witnessed the educational framework taking a diagonal shift.,,,,,,
01Synergyhttps://hackernoon.com/company/01synergy2023-08-05 13:52:00https://www.tampabay.com/news/tampa/2023/08/01/need-housing-information-tampa-launches-tenant-services-team-help/Need housing information? Tampa launches Tenant Services Team to helphttps://firebasestorage.googleapis.com/v0/b/hackernoon-app.appspot.com/o/images%2Fimageedit_25_7084755369.gif?alt=media&token=ca7527b0-a214-46d4-af72-1062b3df1458Though initially noncommittal on the idea of the advocacy office less than a week later Castor announced the launch of a housing information ... newly created Tenant Services Team absorbed ...,,,,,,
01Synergyhttps://hackernoon.com/company/01synergy2022-12-13 14:10:00https://medcitynews.com/2022/12/breaking-the-cycle-of-sick-care-how-optical-sensors-could-improve-preventive-healthcare-for-everyone/Breaking the Cycle of Sick-Care: How Optical Sensors Could Improve Preventive Healthcare for Everyonehttps://firebasestorage.googleapis.com/v0/b/hackernoon-app.appspot.com/o/images%2Fimageedit_25_7084755369.gif?alt=media&token=ca7527b0-a214-46d4-af72-1062b3df1458One technology that has tremendous potential to both broaden and improve access to preventive healthcare is wearable biosensing — more specifically the continuous non-invasive monitoring of multiple biomarkers from a smartwatch or wristband.,,,,,,
01Synergyhttps://hackernoon.com/company/01synergy2023-03-07 11:34:00https://bismarcktribune.com/lifestyles/health-med-fit/stick-on-sensor-could-warn-of-heart-failure-complications/article_374f6210-7659-5f5e-baf7-2bb5ba435f80.htmlStick-on Sensor Could Warn of Heart Failure Complicationshttps://firebasestorage.googleapis.com/v0/b/hackernoon-app.appspot.com/o/images%2Fimageedit_25_7084755369.gif?alt=media&token=ca7527b0-a214-46d4-af72-1062b3df1458A stick-on sensor may help keep people with heart failure out of the hospital new research suggests. Investigators found that when doctors had actionable information about patients’ conditions delivered remotely through this noninvasive device,,,,,,
01Synergyhttps://hackernoon.com/company/01synergy2023-03-24 00:00:00https://www.healthline.com/nutrition/gmo-pros-and-consGMOs: Pros and Cons Backed by Evidencehttps://firebasestorage.googleapis.com/v0/b/hackernoon-app.appspot.com/o/images%2Fimageedit_25_7084755369.gif?alt=media&token=ca7527b0-a214-46d4-af72-1062b3df1458“GMO” which stands for genetically modified organism refers to any organism whose DNA has been modified using genetic engineering technology ... here for more information” (34).,,,,,,
01Synergyhttps://hackernoon.com/company/01synergy2023-01-13 00:31:00https://medcitynews.com/2022/12/healthcare-access-and-equity-womens-health-and-technology-hold-the-keys/Healthcare Access and Equity: Women’s Health and Technology Hold the Keyshttps://firebasestorage.googleapis.com/v0/b/hackernoon-app.appspot.com/o/images%2Fimageedit_25_7084755369.gif?alt=media&token=ca7527b0-a214-46d4-af72-1062b3df1458We must reverse the negative trend that declining reimbursement rates are having on preventative care and overall access to services such as physical therapy. Technology is another unlock to ...,,,,,,
01Synergyhttps://hackernoon.com/company/01synergy2023-07-20 00:00:00https://www.buffalo.edu/administrative-services/managing-procurement/commonly-purchased-goods/information-technology.htmlInformation Technology (IT) Equipment and Supplieshttps://firebasestorage.googleapis.com/v0/b/hackernoon-app.appspot.com/o/images%2Fimageedit_25_7084755369.gif?alt=media&token=ca7527b0-a214-46d4-af72-1062b3df1458Contact your information technology support staff for ... Learn more about the pre-approval process for technology accessed via a web browser or vendor hosted cloud services and subscriptions. This includes e-learning platforms online testing ...,,,,,,
01Synergyhttps://hackernoon.com/company/01synergy2023-05-19 09:08:00https://www.knoxnews.com/story/money/business/2023/05/19/management-solutions-knoxville-gets-us-department-energy-contract/70217729007/Woman-owned Knoxville company gets $192M contract to help US meet 100% clean energy goalhttps://www.bing.com/th?id=OVFT.LGJDH2670pap6vCJ2VrWyy&pid=NewsA Knoxville-based company got a $192 million boost from the Department of Energy. Now it will use that to help green technologies hit the market.,,,,,,
01Synergyhttps://hackernoon.com/company/01synergy2023-05-02 14:36:00https://economictimes.indiatimes.com/markets/stocks/recos/hold-lampt-technology-services-target-price-rs-3800-sharekhan-by-bnp-paribas/articleshow/99931226.cmsHold L&T Technology Services target price Rs 3800: Sharekhan by BNP Paribashttps://firebasestorage.googleapis.com/v0/b/hackernoon-app.appspot.com/o/images%2Fimageedit_25_7084755369.gif?alt=media&token=ca7527b0-a214-46d4-af72-1062b3df1458IANSHINDI L&T Technology Services incorporated in the year 2012 is a Mid Cap company (having a market cap of Rs 39869.71 Crore) operating in IT Software sector. Sharekhan by BNP Paribas has hold call on L&T Technology Services with a target price of Rs 3800.,,,,,,
01Synergyhttps://hackernoon.com/company/01synergy2023-07-25 00:01:00https://www.techopedia.com/definition/5370/integrated-services-digital-network-isdnIntegrated Services Digital Networkhttps://firebasestorage.googleapis.com/v0/b/hackernoon-app.appspot.com/o/images%2Fimageedit_25_7084755369.gif?alt=media&token=ca7527b0-a214-46d4-af72-1062b3df1458What Does Integrated Services Digital Network Mean ... modern long-distance networking and broadband internet technologies eventually made it an obsolete technology. ISDN can simultaneously transmit all kinds of data over a single telephone line.,,,,,,
01Synergyhttps://hackernoon.com/company/01synergy2023-01-01 21:40:00https://techbullion.com/it-services-and-their-types/IT Services And Their Typeshttps://firebasestorage.googleapis.com/v0/b/hackernoon-app.appspot.com/o/images%2Fimageedit_25_7084755369.gif?alt=media&token=ca7527b0-a214-46d4-af72-1062b3df1458The potential of information technology is vital for every business worldwide ... It is not difficult to agree that IT is the foundation of almost every company. What types of IT services are required? There are many options when it comes to IT services.,,,,,,
01Synergyhttps://hackernoon.com/company/01synergy2023-08-02 15:00:00https://www.benzinga.com/pressreleases/23/08/n33524055/rcg-global-services-acquires-woodridge-software-to-expand-its-fintech-services-capabilitiesRCG Global Services Acquires Woodridge Software to Expand its FinTech Services Capabilitieshttps://firebasestorage.googleapis.com/v0/b/hackernoon-app.appspot.com/o/images%2Fimageedit_25_7084755369.gif?alt=media&token=ca7527b0-a214-46d4-af72-1062b3df1458RCG Global Services a global digital transformation services provider announced the acquisition of Woodridge Software a FinTech focused software development firm based in,,,,,,
01Synergyhttps://hackernoon.com/company/01synergy2023-05-19 17:30:59https://www.msn.com/en-us/money/news/12-information-technology-stocks-moving-in-fridays-intraday-session/ar-AA1bpZ2O12 Information Technology Stocks Moving In Friday's Intraday Sessionhttps://www.bing.com/th?id=OVFT.rjv-vjKDu7gzBH_DzkdIwS&pid=NewsGainers WISeKey Intl Hldg (NASDAQ:WKEY) stock moved upwards by 44.8% to $3.33 during Friday's regular session. Trading volume for WISeKey Intl Hldg's stock is 17.2 million as of 13:30 EST. This is 11687.,,,,,,
01Synergyhttps://hackernoon.com/company/01synergy2023-05-05 13:18:00https://www.gov.uk/government/publications/ssac-foi-releases-2023/to-provide-information-about-cloud-services-and-infrastructure-ssac-foi-responseTo provide information about Cloud services and infrastructure: SSAC FOI responsehttps://firebasestorage.googleapis.com/v0/b/hackernoon-app.appspot.com/o/images%2Fimageedit_25_7084755369.gif?alt=media&token=ca7527b0-a214-46d4-af72-1062b3df1458We’d like to set additional cookies to understand how you use GOV.UK remember your settings and improve government services. We also use cookies set by other sites to help us deliver content ...,,,,,,
01Synergyhttps://hackernoon.com/company/01synergy2022-12-08 13:04:00https://www.finanznachrichten.de/nachrichten-2022-12/57793723-cerecore-expands-healthcare-technology-services-into-the-uk-008.htmCereCore expands healthcare technology services into the UKhttps://firebasestorage.googleapis.com/v0/b/hackernoon-app.appspot.com/o/images%2Fimageedit_25_7084755369.gif?alt=media&token=ca7527b0-a214-46d4-af72-1062b3df1458NASHVILLE Tenn. Dec. 8 2022 /PRNewswire/ -- CereCore today announced they are expanding their healthcare information technology (IT) services including electronic patient record (EPR ...,,,,,,
01Synergyhttps://hackernoon.com/company/01synergy2023-01-26 06:00:00https://www.dmnews.com/top-10-pros-and-cons-of-smart-technology/Top 10 Pros and Cons of Smart Technologyhttps://firebasestorage.googleapis.com/v0/b/hackernoon-app.appspot.com/o/images%2Fimageedit_25_7084755369.gif?alt=media&token=ca7527b0-a214-46d4-af72-1062b3df1458Smart technology ... information. However the good news is that it is not the case with every internet service provider – for example ISPs like RCN provide super-secure internet services ...,,,,,,
01Synergyhttps://hackernoon.com/company/01synergy2023-03-24 00:00:00https://www.unesco.org/en/gender-equality/education/stemGirls’ and women’s education in science technology engineering and mathematics (STEM)https://firebasestorage.googleapis.com/v0/b/hackernoon-app.appspot.com/o/images%2Fimageedit_25_7084755369.gif?alt=media&token=ca7527b0-a214-46d4-af72-1062b3df1458UNESCO produced a cutting-edge global report entitled Cracking the Code: Girls’ and women’s education in science technology engineering and mathematics (STEM) mapping the status of girls and women in STEM education and identifying the factors ...,,,,,,
01Synergyhttps://hackernoon.com/company/01synergy2023-04-07 05:30:00https://www.thenewsenterprise.com/sports/high_school_sports/onyenso-to-leave-uk-plans-to-enter-transfer-portal/article_8ce49761-7b62-5e8f-8053-5439cc530bab.htmlOnyenso to leave UK plans to enter transfer portalhttps://firebasestorage.googleapis.com/v0/b/hackernoon-app.appspot.com/o/images%2Fimageedit_25_7084755369.gif?alt=media&token=ca7527b0-a214-46d4-af72-1062b3df1458Kentucky coach John Calipari consistently raved about Ugonna Onyenso last season but won’t get the chance to reap the benefits the 6-foot-11 center will have to offer next,,,,,,
01Synergyhttps://hackernoon.com/company/01synergy2023-01-03 09:24:00https://finance.yahoo.com/news/information-services-group-inc-nasdaq-110739974.htmlInformation Services Group Inc. (NASDAQ:III) is a favorite amongst institutional investors who own 57%https://firebasestorage.googleapis.com/v0/b/hackernoon-app.appspot.com/o/images%2Fimageedit_25_7084755369.gif?alt=media&token=ca7527b0-a214-46d4-af72-1062b3df1458If you want to know who really controls Information Services Group Inc. (NASDAQ:III) then you''ll have to look at the makeup of its share registry. With 57% stake institutions possess the ...,,,,,,
01Synergyhttps://hackernoon.com/company/01synergy2023-08-16 09:51:00https://www.lse.co.uk/ShareChat.html?ShareTicker=SYN&thread=85F36395-FE32-4CFF-8531-36A392143D95Synergia Energy Share Chathttps://firebasestorage.googleapis.com/v0/b/hackernoon-app.appspot.com/o/images%2Fimageedit_25_7084755369.gif?alt=media&token=ca7527b0-a214-46d4-af72-1062b3df1458The IP address of all posts is recorded to aid in enforcing these conditions. As a user you agree to any information you have entered being stored in a database. You agree that we have the right to remove edit move or close any topic or board at any time ...,,,,,,
01Synergyhttps://hackernoon.com/company/01synergy2023-04-04 21:16:00https://fcw.com/security/2023/04/watchdog-dings-energy-dept-over-cloud-security/384812/Watchdog dings Energy Dept over cloud securityhttps://www.bing.com/th?id=OVFT.mmpftKG8JsjanCaQfBE1bC&pid=NewsThe Department of Energy isn''t appropriately authorizing and monitoring many of its cloud computing services according to an inspector ... and did not store any controlled unclassified information. Additionally some of those systems were not included ...,,,,,,
01Synergyhttps://hackernoon.com/company/01synergy2023-03-21 00:00:00https://www.investopedia.com/terms/d/distributed-ledger-technology-dlt.aspDistributed Ledger Technology (DLT): Definition and How It Workshttps://firebasestorage.googleapis.com/v0/b/hackernoon-app.appspot.com/o/images%2Fimageedit_25_7084755369.gif?alt=media&token=ca7527b0-a214-46d4-af72-1062b3df1458Fujitsu a global data and information technology company ... Some people may have not have access to traditional banking services. As DLT often relies only on an internet connection individuals ...,,,,,,
01Synergyhttps://hackernoon.com/company/01synergy2023-05-16 02:18:00https://finance.yahoo.com/news/information-technology-global-market-report-132400336.htmlInformation Technology Global Market Report 2023https://firebasestorage.googleapis.com/v0/b/hackernoon-app.appspot.com/o/images%2Fimageedit_25_7084755369.gif?alt=media&token=ca7527b0-a214-46d4-af72-1062b3df1458The information technology (IT) market consists of revenues earned by entities by providing IT services such as computer networking broadcasting systems design services and information ...,,,,,,
01Synergyhttps://hackernoon.com/company/01synergy2022-12-19 18:39:00https://www.wsj.com/articles/sensormatic-solutions-by-johnson-controls-shares-2022-u-s-super-saturday-shopper-traffic-insights-01671478746Sensormatic Solutions by Johnson Controls shares 2022 U.S. Super Saturday shopper traffic insightshttps://firebasestorage.googleapis.com/v0/b/hackernoon-app.appspot.com/o/images%2Fimageedit_25_7084755369.gif?alt=media&token=ca7527b0-a214-46d4-af72-1062b3df1458Shopper traffic data indicates that visits to physical stores on Super Saturday (Dec. 17) were up 17% from the previous Saturday (Dec. 10) -- Compared to Super Saturday 2021 shopper traffic was up 0.,,,,,,
01Synergyhttps://hackernoon.com/company/01synergy2023-01-26 05:08:00https://pressofatlanticcity.com/opinion/columnists/inevitable-blessings-and-curses-of-technology-call-for-balance-by-dave-anderson/article_663cc9dd-546d-53f2-9229-599d9b781a80.htmlInevitable blessings and curses of technology call for balance by Dave Andersonhttps://firebasestorage.googleapis.com/v0/b/hackernoon-app.appspot.com/o/images%2Fimageedit_25_7084755369.gif?alt=media&token=ca7527b0-a214-46d4-af72-1062b3df1458There have been positive and negative implications of this information technology ... have “fact check” services. There could be a monthly scorecard on the “technology balancing acts.”,,,,,,
01Synergyhttps://hackernoon.com/company/01synergy2023-08-16 10:06:00https://www.england.nhs.uk/publication/supporting-clinical-decisions-with-health-information-technology/Supporting clinical decisions with health information technologyhttps://firebasestorage.googleapis.com/v0/b/hackernoon-app.appspot.com/o/images%2Fimageedit_25_7084755369.gif?alt=media&token=ca7527b0-a214-46d4-af72-1062b3df1458This guide sets the vision for clinical decision support (CDS) uptake across the NHS in England highlighting its potential to improve the quality of care outcomes and safety. It assimilates salient points from the literature and shares best practices to ...,,,,,,
01Synergyhttps://hackernoon.com/company/01synergy2023-08-29 19:33:00https://www.tmcnet.com/usubmit/2023/08/29/9871796.htmIDENTIFYSENSORS BIOLOGICS PARTNERS WITH EAST WEST MANUFACTURING TO PRODUCE DIGITAL DIAGNOSTIC DEVICEShttps://firebasestorage.googleapis.com/v0/b/hackernoon-app.appspot.com/o/images%2Fimageedit_25_7084755369.gif?alt=media&token=ca7527b0-a214-46d4-af72-1062b3df1458IdentifSensors intends to functionalize multiple biosensors to detect a wide range of diseases including respiratory illnesses such as Coronavirus Influenza and RSV. Diarrheal pathogens including Norovirus Rotavirus and Adenovirus are under development along with multiple sexually transmitted diseases.,,,,,,
01Synergyhttps://hackernoon.com/company/01synergy2023-04-13 16:30:00https://it.tmcnet.com/news/2023/04/13/9794145.htmSynopsys Introduces the Industry's First Emulation System with Unmatched Capacity to Enable Electronics Digital Twins of Advanced SoCshttps://firebasestorage.googleapis.com/v0/b/hackernoon-app.appspot.com/o/images%2Fimageedit_25_7084755369.gif?alt=media&token=ca7527b0-a214-46d4-af72-1062b3df1458More than 400 Billion Gates of Synopsys ZeBu Server 5 Emulation System Sold in First Year Accelerating Deployment of Complex SoCs and Multi-Die Systems . Key Highlights: Electron,,,,,,
01Synergyhttps://hackernoon.com/company/01synergy2023-03-31 09:05:00https://www.financialexpress.com/industry/it-services-sector-to-witness-revenue-growth-decline-by-700-900-bps-in-fiscal-2024/3028491/IT services sector to witness revenue growth decline by 700- 900 bps in fiscal 2024https://firebasestorage.googleapis.com/v0/b/hackernoon-app.appspot.com/o/images%2Fimageedit_25_7084755369.gif?alt=media&token=ca7527b0-a214-46d4-af72-1062b3df1458IT services sector will witness a decline in revenue growth by 700- 900 basis points to reach 10-12 per cent in fiscal 2024. The information technology (IT) services sector will witness a decline ...,,,,,,
"01Synergyhttps://hackernoon.com/company/01synergy2022-12-14 16:28:00https://www.benzinga.com/pressreleases/22/12/b30079692/emory-industrial-services-sells-its-midwest-division-to-premium-plant-servicesEmory Industrial Services Sells Its Midwest Division to Premium Plant Serviceshttps://firebasestorage.googleapis.com/v0/b/hackernoon-app.appspot.com/o/images%2Fimageedit_25_7084755369.gif?alt=media&token=ca7527b0-a214-46d4-af72-1062b3df1458Divestiture frees up Emory to focus its resources in Southwestern and Southeastern United States Emory Industrial Services Inc. ('""Emory'"") a market leader in a variety of industrial services robotics",,,,,,
01Synergyhttps://hackernoon.com/company/01synergy2022-12-02 04:44:00https://yourstory.com/2022/12/technology-innovation-driving-growth-arista-vault-indias-first-smart-luggage-brandHere’s how technology and innovation are driving the growth of Arista Vault India’s first smart luggage brandhttps://firebasestorage.googleapis.com/v0/b/hackernoon-app.appspot.com/o/images%2Fimageedit_25_7084755369.gif?alt=media&token=ca7527b0-a214-46d4-af72-1062b3df1458“We are backed by the Ministry of Electronics and Information Technology and were incubated ... when Prime Minister Narendra Modi launched 5G services in India Arista Vault was one of the ...,,,,,,
"01Synergyhttps://hackernoon.com/company/01synergy2022-12-01 10:25:00https://www.philstar.com/business/technology/2022/12/01/2227782/eu-warns-musk-twitter-must-obey-disinfo-rulesEU warns Musk that Twitter must obey disinfo ruleshttps://firebasestorage.googleapis.com/v0/b/hackernoon-app.appspot.com/o/images%2Fimageedit_25_7084755369.gif?alt=media&token=ca7527b0-a214-46d4-af72-1062b3df1458'""I welcome Elon Musk''s statements of intent to get Twitter 2.0 ready for the DSA'"" Breton said referring to the EU Digital Services Act ... from sharing misleading information about Covid ...",,,,,,
01Synergyhttps://hackernoon.com/company/01synergy2022-12-08 19:09:00https://hbr.org/sponsored/2022/12/changes-ahead-for-b2b-customer-service-in-a-digitally-driven-worldChanges Ahead for B2B Customer Service in a Digitally Driven Worldhttps://firebasestorage.googleapis.com/v0/b/hackernoon-app.appspot.com/o/images%2Fimageedit_25_7084755369.gif?alt=media&token=ca7527b0-a214-46d4-af72-1062b3df1458The game is changing for business-to-business(B2B) customer service organizations. Not only are B2B companies increasingly looking to customer service for growing revenue and brand value but business customers themselves are also becoming more demanding and their issues are becoming more complex—especially following the recent and ongoing global supply chain disruptions and the emergence of more intelligent product and service offerings.,,,,,,
01Synergyhttps://hackernoon.com/company/01synergy2023-01-06 22:22:00https://washingtontechnology.com/contracts/2023/01/nasa-sets-release-date-13b-it-services-solicitation/381552/NASA sets release date for $1.3B IT services solicitationhttps://firebasestorage.googleapis.com/v0/b/hackernoon-app.appspot.com/o/images%2Fimageedit_25_7084755369.gif?alt=media&token=ca7527b0-a214-46d4-af72-1062b3df1458NCAPS'' requirements cover general IT customer support information management mission support systems and the integration of several other decentralized services contracts. NASA will evaluate ...,,,,,,
01Synergyhttps://hackernoon.com/company/01synergy2023-07-31 23:17:00https://finance.yahoo.com/news/invest-vanguard-information-technology-etf-102007398.htmlShould You Invest in the Vanguard Information Technology ETF (VGT)?https://firebasestorage.googleapis.com/v0/b/hackernoon-app.appspot.com/o/images%2Fimageedit_25_7084755369.gif?alt=media&token=ca7527b0-a214-46d4-af72-1062b3df1458If you''re interested in broad exposure to the Technology - Broad segment of the equity market look no further than the Vanguard Information Technology ETF (VGT) a passively managed exchange ...,,,,,,
01Synergyhttps://hackernoon.com/company/01synergy2022-12-01 14:49:00https://www.boersennews.de/nachrichten/artikel/eqs-news-majorel-group-luxembourg-s-a-cx-technology-services-provider-ist-networks-becomes-part-of-majorel/3953519/EQS-News: Majorel Group Luxembourg S.A. : CX Technology Services provider IST Networks becomes part of Majorelhttps://firebasestorage.googleapis.com/v0/b/hackernoon-app.appspot.com/o/images%2Fimageedit_25_7084755369.gif?alt=media&token=ca7527b0-a214-46d4-af72-1062b3df1458Founded in 2002 IST is a leading CX technology services company ... among others. For more information please visit: www.istnetworks.com We design build and deliver next-generation end-to ...,,,,,,
01Synergyhttps://hackernoon.com/company/01synergy2022-11-29 22:38:00https://dailypost.ng/2022/11/29/ncc-committed-to-gender-equality-in-information-technology-space-danbatta/NCC committed to gender equality in information technology space – Danbattahttps://firebasestorage.googleapis.com/v0/b/hackernoon-app.appspot.com/o/images%2Fimageedit_25_7084755369.gif?alt=media&token=ca7527b0-a214-46d4-af72-1062b3df1458access and use of Information Technology programmes and services which will give them the needed skill to compete in the digital space. Danbatta further stated that the empowerment programme in ...,,,,,,
01Synergyhttps://hackernoon.com/company/01synergy2023-07-19 12:56:00https://www.cnbctv18.com/market/federal-bank-lt-technology-services-ltts-stocks-to-buy-technical-picks-17262571.htmThis analyst recommends buying Federal Bank and L&T Technology Serviceshttps://firebasestorage.googleapis.com/v0/b/hackernoon-app.appspot.com/o/images%2Fimageedit_25_7084755369.gif?alt=media&token=ca7527b0-a214-46d4-af72-1062b3df1458With an optimistic outlook on the current market landscape Aditya Agarwala of Invest4edu directs investors'' attention towards two standout stocks - Federal Bank in the banking sector and L&T Technology Services (LTTS) in the IT industry. Aditya Agarwala ...,,,,,,
01Synergyhttps://hackernoon.com/company/01synergy2023-05-02 13:12:00https://www.crn.com/news/managed-services/terry-richardson-on-why-he-left-amd-greenpages-technology-chops-and-the-ai-opportunityTerry Richardson On Why He Left AMD GreenPages’ Technology Chops And The AI Opportunityhttps://firebasestorage.googleapis.com/v0/b/hackernoon-app.appspot.com/o/images%2Fimageedit_25_7084755369.gif?alt=media&token=ca7527b0-a214-46d4-af72-1062b3df1458In February GreenPages acquired Toronto-based Zanaris an IT automation cloud and DevOps services firm ... Steve Burke has been reporting on the technology industry and sales channel for ...,,,,,,
"01Synergyhttps://hackernoon.com/company/01synergy2022-12-18 02:00:00https://www.marketwatch.com/press-release/user-experience-design-service-provider-services-market-detailed-analysis-of-current-scenario-with-growth-forecasts-to-2028-2022-12-17User Experience Design Service Provider Services Market Detailed Analysis of Current Scenario with Growth Forecasts to 2028https://firebasestorage.googleapis.com/v0/b/hackernoon-app.appspot.com/o/images%2Fimageedit_25_7084755369.gif?alt=media&token=ca7527b0-a214-46d4-af72-1062b3df1458Final Report will add the analysis of the impact of Russia-Ukraine War and COVID-19 on this industry. '"" User Experience Design Service Provider Services Market '"" Insights 2022 - By Applications (Individual",,,,,,
01Synergyhttps://hackernoon.com/company/01synergy2023-06-16 13:00:00https://cloudsecurityalliance.org/blog/2023/06/16/csa-s-enterprise-architecture-technology-solution-services-tss/CSA’s Enterprise Architecture: Technology Solution Services (TSS)https://firebasestorage.googleapis.com/v0/b/hackernoon-app.appspot.com/o/images%2Fimageedit_25_7084755369.gif?alt=media&token=ca7527b0-a214-46d4-af72-1062b3df1458The four technology solution domains are Presentation Services Application Services Information Services and Infrastructure Services: Presentation is the website you see when you go to an online bank the voice on the phone when you call the airline ...,,,,,,
01Synergyhttps://hackernoon.com/company/01synergy2023-02-06 18:36:00https://www.financialexpress.com/life/technology-indias-financial-services-industry-needs-hybrid-cloud-to-fuel-progressive-technology-modernization-2952702/India’s financial services industry needs hybrid cloud to fuel progressive technology modernizationhttps://firebasestorage.googleapis.com/v0/b/hackernoon-app.appspot.com/o/images%2Fimageedit_25_7084755369.gif?alt=media&token=ca7527b0-a214-46d4-af72-1062b3df1458With the customer’s power of influence widening the financial services industry in India ... SaaS vendors and fintechs. However as technology continues to evolve it introduces vulnerabilities ...,,,,,,
01Synergyhttps://hackernoon.com/company/01synergy2023-04-10 08:39:00https://www.econotimes.com/South-Koreas-Yanolja-Cloud-buys-InnSoft-US-hospitality-solutions-for-83M-1654077South Korea’s Yanolja Cloud buys InnSoft US hospitality solutions for $8.3Mhttps://www.bing.com/th?id=OVFT.z5N9vVdbUL4fItAOw0jhoi&pid=NewsYanolja Cloud an AI-based global SaaS (Software-as-a-service) company based in South Korea has bought InSoft an American hospitality solutions firm. With the acquisition it is planning to set up the best,,,,,,
01Synergyhttps://hackernoon.com/company/01synergy2023-05-10 07:48:00https://www.lse.co.uk/ShareChat.html?ShareTicker=SYN&thread=A3142547-D19E-4BD0-821C-F2DEC86DDCBBSynergia Energy Share Chathttps://firebasestorage.googleapis.com/v0/b/hackernoon-app.appspot.com/o/images%2Fimageedit_25_7084755369.gif?alt=media&token=ca7527b0-a214-46d4-af72-1062b3df1458The IP address of all posts is recorded to aid in enforcing these conditions. As a user you agree to any information you have entered being stored in a database. You agree that we have the right to remove edit move or close any topic or board at any time ...,,,,,,
01Synergyhttps://hackernoon.com/company/01synergy2023-05-10 11:53:00https://www.sfgate.com/business/article/integrated-electrical-services-fiscal-q2-18090513.phpIntegrated Electrical Services: Fiscal Q2 Earnings Snapshothttps://firebasestorage.googleapis.com/v0/b/hackernoon-app.appspot.com/o/images%2Fimageedit_25_7084755369.gif?alt=media&token=ca7527b0-a214-46d4-af72-1062b3df1458HOUSTON (AP) — HOUSTON (AP) — Integrated Electrical Services Inc. (IESC) on Wednesday reported profit of $18.8 million in its fiscal second quarter. On a per-share basis the Houston-based company said it had net income of 92 cents. Earnings adjusted for non-recurring costs came to $1.07 per share.,,,,,,
01Synergyhttps://hackernoon.com/company/01synergy2023-07-27 23:59:00https://economictimes.indiatimes.com/lt-technology-services-ltd/stocksupdate/companyid-64987.cmsL&T Technology Services Announcement under Regulation 30 (LODR)-Allotment of ESOP / ESPShttps://firebasestorage.googleapis.com/v0/b/hackernoon-app.appspot.com/o/images%2Fimageedit_25_7084755369.gif?alt=media&token=ca7527b0-a214-46d4-af72-1062b3df14585 Incremental borrowing done in FY (T)(a) 0.00 6 Mandatory borrowing to be done through debt securities in FY (T) (b) = (25% of a) 0.00 7 Actual borrowing done through debt securities in FY (T)(c) 0.00 8 Shortfall in the borrowing through debt securities ...,,,,,,
01Synergyhttps://hackernoon.com/company/01synergy2022-11-30 01:51:00https://mb.com.ph/2022/11/30/ph-to-focus-on-science-and-technology-human-capital-to-attract-fdis-stanchart/PH to focus on science and technology human capital to attract FDIs – Stancharthttps://firebasestorage.googleapis.com/v0/b/hackernoon-app.appspot.com/o/images%2Fimageedit_25_7084755369.gif?alt=media&token=ca7527b0-a214-46d4-af72-1062b3df1458Stanchart added that technology and human capital will serve as key catalysts to drive the change supported by foreign investment particularly in sectors such as manufacturing and information ... multi-currency settlement services for their foreign ...,,,,,,
01Synergyhttps://hackernoon.com/company/01synergy2023-01-09 00:00:00https://www.emirates247.com/news/emirates/rta-rolls-train-1-000-emirati-students-in-engineering-and-technology-2023-01-09-1.697130RTA rolls train 1000 Emirati students in engineering and technologyhttps://firebasestorage.googleapis.com/v0/b/hackernoon-app.appspot.com/o/images%2Fimageedit_25_7084755369.gif?alt=media&token=ca7527b0-a214-46d4-af72-1062b3df1458information technology entrepreneurship innovation and marketing. It also focused on areas of infrastructure smart cities railway operation future foresight asset management cybersecurity ...,,,,,,
01Synergyhttps://hackernoon.com/company/01synergy2023-05-04 15:11:00https://www.businesswire.com/news/home/20230504005138/en/New Investments Fuel NYMBUS'' Expansion Pioneering the Future of Financial Services and Technologyhttps://firebasestorage.googleapis.com/v0/b/hackernoon-app.appspot.com/o/images%2Fimageedit_25_7084755369.gif?alt=media&token=ca7527b0-a214-46d4-af72-1062b3df1458--(BUSINESS WIRE)--NYMBUS® a premier provider of cutting-edge financial technology ... services technology that revolutionizes and innovates how people engage with their money. For more ...,,,,,,
01Synergyhttps://hackernoon.com/company/01synergy2022-12-19 08:36:00https://businessday.ng/news/article/revenue-oyo-leverage-technology-to-block-leakages/Revenue: Oyo leverage technology to block leakageshttps://www.bing.com/th?id=OVFT.AOwLUqE8lncVmp-5UtyfJS&pid=NewsThe Oyo state Government has revealed that it is switching to technology to drive revenue collection in order to curb every form of revenue leakage in,,,,,,
01Synergyhttps://hackernoon.com/company/01synergy2022-12-08 13:17:00https://www.benzinga.com/pressreleases/22/12/b30005324/wolters-kluwer-grc-recognized-as-employer-of-the-year-for-financial-and-legal-technologyWolters Kluwer GRC recognized as Employer of the Year for financial and legal technologyhttps://firebasestorage.googleapis.com/v0/b/hackernoon-app.appspot.com/o/images%2Fimageedit_25_7084755369.gif?alt=media&token=ca7527b0-a214-46d4-af72-1062b3df1458The awards are across both the financial technology and legal technology ... is a global leader in professional information software solutions and services for the healthcare; tax and accounting ...,,,,,,
01Synergyhttps://hackernoon.com/company/01synergy2022-11-29 21:13:00https://washingtontechnology.com/companies/2022/11/treasury-selects-commercial-vendor-financial-shared-services-market/380250/?oref=wt-skybox-hpTreasury selects CGI for financial shared services markethttps://firebasestorage.googleapis.com/v0/b/hackernoon-app.appspot.com/o/images%2Fimageedit_25_7084755369.gif?alt=media&token=ca7527b0-a214-46d4-af72-1062b3df1458The Office of Management and Budget established the QSMOs in 2019 as a way to provide modernized information technology services and centralize some of the federal government’s largest scale ...,,,,,,
01Synergyhttps://hackernoon.com/company/01synergy2023-04-04 15:25:00https://technews.tmcnet.com/news/2023/04/04/9788389.htmSolvay Announces Strategic Collaboration With Ginkgo Bioworks And Expands Its R&I Footprint In The United Stateshttps://firebasestorage.googleapis.com/v0/b/hackernoon-app.appspot.com/o/images%2Fimageedit_25_7084755369.gif?alt=media&token=ca7527b0-a214-46d4-af72-1062b3df1458Solvay a leading science and materials company whose technologies bring benefits to many aspects of daily life today announced a strategic collaboration with Ginkgo Bioworks (NYSE: DNA) which is building the leading platform for cell programming and biosecurity.,,,,,,
01Synergyhttps://hackernoon.com/company/01synergy2023-01-23 19:00:00https://www.androidauthority.com/sensibo-elements-review-3267468/A smart air quality monitor is showing me everything wrong with air in my homehttps://www.bing.com/th?id=OVFT.GggAq7-iQAMKRjzVoYRbBC&pid=NewsDo you ever wonder if your indoor air quality is good? Any pollutants in your home? The Sensibo Elements aims to help you answer that.,,,,,,
01Synergyhttps://hackernoon.com/company/01synergy2023-07-19 14:45:00https://www.japantimes.co.jp/comfacts/77/Kotozna Inc. forms business alliance with Samoon Information Technology to start sales of Kotozna In-Room in Saudi Arabiahttps://firebasestorage.googleapis.com/v0/b/hackernoon-app.appspot.com/o/images%2Fimageedit_25_7084755369.gif?alt=media&token=ca7527b0-a214-46d4-af72-1062b3df1458On 12 June 2023 Kotozna Inc. (Headquarters: Minato-ku Tokyo CEO Genri Goto https://kotozna.com/en/) formalized a business partnership with Samoon Information ...,,,,,,
01Synergyhttps://hackernoon.com/company/01synergy2023-03-25 09:23:00https://www.i-scoop.eu/information-management/Information management and strategy – an executive guidehttps://firebasestorage.googleapis.com/v0/b/hackernoon-app.appspot.com/o/images%2Fimageedit_25_7084755369.gif?alt=media&token=ca7527b0-a214-46d4-af72-1062b3df1458In fact you don’t need to understand any technology at all. You just need to understand the essential questions answers and evolutions across the various aspects of information management and regarding the role information plays and will play in your ...,,,,,,
01Synergyhttps://hackernoon.com/company/01synergy2023-04-24 20:42:00https://www.tmcnet.com/usubmit/2023/04/24/9800585.htmBiz Technology Solutions and New Charter Highlight a Growing Trend in Managed IT Serviceshttps://firebasestorage.googleapis.com/v0/b/hackernoon-app.appspot.com/o/images%2Fimageedit_25_7084755369.gif?alt=media&token=ca7527b0-a214-46d4-af72-1062b3df1458One example is the recent partnership between Biz Technology Solutions (News - Alert) (BTS) and New Charter Technologies. This new partnership enables BTS to offer a wider range of expert services access to advanced technologies and the ability to scale ...,,,,,,
01Synergyhttps://hackernoon.com/company/01synergy2023-09-18 11:36:00https://www.linkedin.com/pulse/bioremediation-technology-services-consumption-marketBioremediation Technology & Services Consumption Market Size And Forecast to 2031https://firebasestorage.googleapis.com/v0/b/hackernoon-app.appspot.com/o/images%2Fimageedit_25_7084755369.gif?alt=media&token=ca7527b0-a214-46d4-af72-1062b3df1458contact information major business Animation and Bioremediation Technology & Services Consumption Market introduction etc. Animation and Bioremediation Technology & Services Consumption Market ...,,,,,,
01Synergyhttps://hackernoon.com/company/01synergy2023-03-15 18:36:00https://communicateonline.me/category/industry-insights/post-details/scale-synergy--sustainability-the-3s-that-tech-driven-businesses-should-prioritize-todayScale Synergy & Sustainability: The 3S that Tech-Driven Businesses Should Prioritize Todayhttps://www.bing.com/th?id=OVFT.N1on7ObXJGMD7nfVllUKAy&pid=NewsConcurrently buoyed by post-COVID economic activities pent-up demand and retail and travel spending tech-driven businesses shifted gears and pivoted to a different growth trajectory. At this juncture,,,,,,
01Synergyhttps://hackernoon.com/company/01synergy2023-09-08 00:00:00https://uwaterloo.ca/information-systems-technology/Welcome to the Information Systems & Technology websitehttps://firebasestorage.googleapis.com/v0/b/hackernoon-app.appspot.com/o/images%2Fimageedit_25_7084755369.gif?alt=media&token=ca7527b0-a214-46d4-af72-1062b3df1458SAS software available to faculty and staff via the IST Webstore Migrating R: drive content to SharePoint Online and/or Teams Proposed campus telephony service and pricing change,,,,,,
01Synergyhttps://hackernoon.com/company/01synergy2023-06-09 19:00:00https://www.msn.com/en-us/money/personalfinance/synchrony-syf-solidifies-ties-offers-perks-for-tcs-clients/ar-AA1clUFOSynchrony (SYF) Solidifies Ties Offers Perks for TCS Clientshttps://firebasestorage.googleapis.com/v0/b/hackernoon-app.appspot.com/o/images%2Fimageedit_25_7084755369.gif?alt=media&token=ca7527b0-a214-46d4-af72-1062b3df1458Synchrony Financial SYF recently extended its consumer financing partnership with the renowned U.S. specialty retailer of organizing solutions custom spaces and in-home services ... Horizon Technology Finance’s earnings outpaced estimates in each ...,,,,,,
"01Synergyhttps://hackernoon.com/company/01synergy2023-03-21 12:05:00https://www.victoriaadvocate.com/g-p-and-ukg-announce-technology-integration-partnership/article_cc6bb730-67b7-5f17-a78e-676111b5e4df.htmlG-P and UKG Announce Technology Integration Partnershiphttps://firebasestorage.googleapis.com/v0/b/hackernoon-app.appspot.com/o/images%2Fimageedit_25_7084755369.gif?alt=media&token=ca7527b0-a214-46d4-af72-1062b3df1458Partnership will provide joint customers with new functionalities and solutions that reduce cost errors and time. '""At G-P strategically partnering with the right providers is an invaluable part ...",,,,,,
01Synergy,https://hackernoon.com/company/01synergy,2023-01-26 06:00:00,https://www.columbiamissourian.com/innovations/science_and_technology/wearable-technology-integrating-science-and-medicine-into-sports-training/article_cfb91b82-7d6c-11ed-9a6c-ef73e087bcd3.html,Wearable technology: Integrating science and medicine into sports training,https://firebasestorage.googleapis.com/v0/b/hackernoon-app.appspot.com/o/images%2Fimageedit_25_7084755369.gif?alt=media&token=ca7527b0-a214-46d4-af72-1062b3df1458,Today elite athletes are wearing sensors watches rings and patches that convey in-the-moment data and information about ... s micro-size wearable sports technology that athletes are using ...
01Synergy,https://hackernoon.com/company/01synergy,2023-05-10 13:16:00,https://technews.tmcnet.com/news/2023/05/10/9811591.htm,ILUS Defence Subsidiary Hyperion Defence Solutions Signs Exclusive Global Distribution Agreement for Revolutionary IED Detection Technology,https://firebasestorage.googleapis.com/v0/b/hackernoon-app.appspot.com/o/images%2Fimageedit_25_7084755369.gif?alt=media&token=ca7527b0-a214-46d4-af72-1062b3df1458,ILUS International Inc. (OTC: ILUS) is a Mergers and Acquisitions company focused on acquiring and growing companies in the public safety industrial defence and renewable sectors. The company’s defence subsidiary
01Synergy,https://hackernoon.com/company/01synergy,2023-07-29 00:00:00,https://www.hcltech.com/,HCLTech: Supercharging Progress | Digital Engineering and Cloud,https://firebasestorage.googleapis.com/v0/b/hackernoon-app.appspot.com/o/images%2Fimageedit_25_7084755369.gif?alt=media&token=ca7527b0-a214-46d4-af72-1062b3df1458,But there’s still a lot left to do From hyper-personalization to contactless experiences the future of CX promises to be exciting with a focus on both efficiency and empathetic human interactions To bring together the best of technology and our people ...
01Synergy,https://hackernoon.com/company/01synergy,2022-12-06 18:30:00,https://www.capitalfm.co.ke/news/2022/12/african-countries-agree-to-harness-technology-for-empowerment-of-women-and-girls/,African Countries Agree to harness technology for empowerment of women and girls,https://firebasestorage.googleapis.com/v0/b/hackernoon-app.appspot.com/o/images%2Fimageedit_25_7084755369.gif?alt=media&token=ca7527b0-a214-46d4-af72-1062b3df1458,social as well as financial services” she said. Further she noted that while technology and innovation are being hailed as crucial means to accelerate the achievement of the Sustainable Development Goals the statistics on access beneficiaries and who ...
01Synergy,https://hackernoon.com/company/01synergy,2023-08-30 11:38:00,https://www.bizjournals.com/atlanta/inno/stories/news/2023/08/30/birminghams-dash-solutions-buys-kyckglobal.html,Dash Solutions makes Atlanta-based acquisition,https://firebasestorage.googleapis.com/v0/b/hackernoon-app.appspot.com/o/images%2Fimageedit_25_7084755369.gif?alt=media&token=ca7527b0-a214-46d4-af72-1062b3df1458&auto=format&fit=max&w=3840,A Birmingham-based payments and engagement technology provider has acquired an Atlanta-based company. Dash Solutions acquired KyckGlobal a financial technology company and payments platform according to an Aug. 29 announcement. KyckGlobal was founded by ...
01Synergy,https://hackernoon.com/company/01synergy,2023-08-29 21:21:00,https://markets.businessinsider.com/news/stocks/logicsource-announces-emerging-healthcare-leadership-team-1032590611,LogicSource Announces Emerging Healthcare Leadership Team,https://firebasestorage.googleapis.com/v0/b/hackernoon-app.appspot.com/o/images%2Fimageedit_25_7084755369.gif?alt=media&token=ca7527b0-a214-46d4-af72-1062b3df1458&auto=format&fit=max&w=3840,These include complex categories like marketing packaging corporate services facilities information technology distribution and logistics and more for which organizations often lack the capacity focus and scale to achieve best-in-class buying.
01Synergy,https://hackernoon.com/company/01synergy,2023-05-10 12:08:00,https://www.tmcnet.com/usubmit/-syneos-health-be-acquired-a-private-investment-consortium-/2023/05/10/9811263.htm,Syneos Health to be Acquired by a Private Investment Consortium for Approximately $7.1 Billion,https://firebasestorage.googleapis.com/v0/b/hackernoon-app.appspot.com/o/images%2Fimageedit_25_7084755369.gif?alt=media&token=ca7527b0-a214-46d4-af72-1062b3df1458,The purchase price represents a 24% premium to Syneos Health’s unaffected closing stock price on February 13 2023 the last trading day prior to media speculation regarding the Company. “This agreement is the culmination of a comprehensive review of opportunities available to Syneos Health
01Synergy,https://hackernoon.com/company/01synergy,2022-12-13 06:09:00,https://techent.tv/2022/12/13/service-providers-the-digital-link-between-industries-society-enterprise-it/,Service Providers: The Digital Link Between Industries Society & Enterprise IT,https://firebasestorage.googleapis.com/v0/b/hackernoon-app.appspot.com/o/images%2Fimageedit_25_7084755369.gif?alt=media&token=ca7527b0-a214-46d4-af72-1062b3df1458,Partners and Service Providers play an increasing role in bridging digital transformation goals into plans. Red Hat is weighing in on its role in industry.
01Synergy,https://hackernoon.com/company/01synergy,2023-07-03 11:23:00,https://www.tmcnet.com/usubmit/2023/07/03/9842678.htm,FASTER MORE COST-EFFECTIVE APP DEVELOPMENT WITH SERVICENOW,https://firebasestorage.googleapis.com/v0/b/hackernoon-app.appspot.com/o/images%2Fimageedit_25_7084755369.gif?alt=media&token=ca7527b0-a214-46d4-af72-1062b3df1458,ServiceNow''s Creator Workflows low code App Engine allows companies to build apps and workflows quicker smarter and much more cost effectively. ServiceNow has been featured in the July issue of Technology Magazine.
01Synergy,https://hackernoon.com/company/01synergy,2023-06-30 05:08:00,https://www.lse.co.uk/ShareChat.html?ShareTicker=SYN&thread=7C0403D9-A368-4A92-B03B-50328C5E23AF,Synergia Energy Share Chat,https://firebasestorage.googleapis.com/v0/b/hackernoon-app.appspot.com/o/images%2Fimageedit_25_7084755369.gif?alt=media&token=ca7527b0-a214-46d4-af72-1062b3df1458,The IP address of all posts is recorded to aid in enforcing these conditions. As a user you agree to any information you have entered being stored in a database. You agree that we have the right to remove edit move or close any topic or board at any time ...
01Synergy,https://hackernoon.com/company/01synergy,2023-08-15 00:00:00,https://www.wku.edu/cit/,Computer Information Technology,https://firebasestorage.googleapis.com/v0/b/hackernoon-app.appspot.com/o/images%2Fimageedit_25_7084755369.gif?alt=media&token=ca7527b0-a214-46d4-af72-1062b3df1458,Computer Information Technology is an integral part of modern life and business. CIT professionals play a critical role in facilitating the digital transformation of businesses and enhancing consumer experiences. Our CIT program is offered 100% online ...
01Synergy,https://hackernoon.com/company/01synergy,2023-04-08 23:37:00,https://finance.yahoo.com/news/hywin-launches-wealthtech-platform-enhance-093000432.html,Hywin Launches WealthTech Platform to Enhance its Services for High-Net-Worth Clients through Data Analytics by Leveraging IBM Technology,https://firebasestorage.googleapis.com/v0/b/hackernoon-app.appspot.com/o/images%2Fimageedit_25_7084755369.gif?alt=media&token=ca7527b0-a214-46d4-af72-1062b3df1458,“We chose IBM because they share our agile development philosophy” commented Hua Zhu Hywin’s Chief Technology ... customized services and to build a more integrated information ecosystem ...
01Synergy,https://hackernoon.com/company/01synergy,2023-04-07 04:21:00,https://www.linkedin.com/advice/0/what-some-latest-trends-innovations-vpn-technology-services,What are some of the latest trends and innovations in VPN technology and services?,https://firebasestorage.googleapis.com/v0/b/hackernoon-app.appspot.com/o/images%2Fimageedit_25_7084755369.gif?alt=media&token=ca7527b0-a214-46d4-af72-1062b3df1458,It is also important to consider how much a VPN respects your privacy and if they log share or sell your personal information ... or software is. VPN technology and services are constantly ...
01Synergy,https://hackernoon.com/company/01synergy,2023-04-10 14:00:00,https://www.benzinga.com/pressreleases/23/04/b31726669/synoptek-appoints-ian-au-yeung-as-chief-revenue-officer,Synoptek Appoints Ian Au-Yeung as Chief Revenue Officer,https://firebasestorage.googleapis.com/v0/b/hackernoon-app.appspot.com/o/images%2Fimageedit_25_7084755369.gif?alt=media&token=ca7527b0-a214-46d4-af72-1062b3df1458,Global Business and IT Advisory Firm Taps Seasoned IT Executive to Accelerate Growth Synoptek a leading global business and digital transformation advisory and managed services is pleased to welcome
10Clouds,https://hackernoon.com/company/10clouds,2023-09-29 00:00:00,https://www.buffalo.edu/administrative-services/managing-procurement/commonly-purchased-goods/information-technology.html,Information Technology (IT) Equipment and Supplies,https://firebasestorage.googleapis.com/v0/b/hackernoon-app.appspot.com/o/images%2Fimageedit_25_7084755369.gif?alt=media&token=ca7527b0-a214-46d4-af72-1062b3df1458,Contact your information technology support staff for ... Learn more about the pre-approval process for technology accessed via a web browser or vendor hosted cloud services and subscriptions. This includes e-learning platforms online testing ...
10Clouds,https://hackernoon.com/company/10clouds,2023-05-27 09:55:00,https://www.yahoo.com/news/zane-state-offering-college-tech-095516622.html,Zane State offering college tech prep,https://firebasestorage.googleapis.com/v0/b/hackernoon-app.appspot.com/o/images%2Fimageedit_25_7084755369.gif?alt=media&token=ca7527b0-a214-46d4-af72-1062b3df1458&auto=format&fit=max&w=3840,ZANESVILLE − Zane State College has partnered with Ohio College Tech Prep to build and foster relationships between education and community businesses in the region. Tech Prep Coordinator Tara Adornetto spearheads this effort.
10Clouds,https://hackernoon.com/company/10clouds,2023-05-11 00:00:00,https://www.enr.com/topics/588-information-technology,Information technology,https://firebasestorage.googleapis.com/v0/b/hackernoon-app.appspot.com/o/images%2Fimageedit_25_7084755369.gif?alt=media&token=ca7527b0-a214-46d4-af72-1062b3df1458,In early December 2021 the Denver International Airport made headlines across the U.S. after a hot water pipe broke a month before a major terminal expansion project was expected to complete.
10Clouds,https://hackernoon.com/company/10clouds,2023-03-28 00:54:00,https://hbr.org/2023/03/robots-are-changing-the-face-of-customer-service,Robots Are Changing the Face of Customer Service,https://firebasestorage.googleapis.com/v0/b/hackernoon-app.appspot.com/o/images%2Fimageedit_25_7084755369.gif?alt=media&token=ca7527b0-a214-46d4-af72-1062b3df1458,Summary. Thanks to the Covid-19 pandemic service robot technology has been on the rise in the past few years. Robots like Hilton’s “Connie” and Softbank’s “Pepper” are already ...
10Clouds,https://hackernoon.com/company/10clouds,2023-03-30 19:11:00,https://www.popularmechanics.com/military/aviation/a43129458/how-stealth-technology-works/,Survival in the Skies: The Story of Stealth Technology,https://firebasestorage.googleapis.com/v0/b/hackernoon-app.appspot.com/o/images%2Fimageedit_25_7084755369.gif?alt=media&token=ca7527b0-a214-46d4-af72-1062b3df1458,That is until defense contractor Lockheed noticed it and had his works translated into English; Ufimtsev’s work became the basis for modern-day stealth technology. Stealth Planes Still Have a ...
10Clouds,https://hackernoon.com/company/10clouds,2023-06-09 16:44:00,https://www.forbes.com/advisor/business/software/best-email-hosting-services/,Best Email Hosting Services (June 2023),https://firebasestorage.googleapis.com/v0/b/hackernoon-app.appspot.com/o/images%2Fimageedit_25_7084755369.gif?alt=media&token=ca7527b0-a214-46d4-af72-1062b3df1458,While there are plenty of free email services available for users and business many of them lack specialized features like central management that lend themselves well for office use. We ...
10Clouds,https://hackernoon.com/company/10clouds,2023-06-23 11:21:00,https://es-us.finanzas.yahoo.com/news/week-tech-news-10-stories-112200545.html,This Week in Tech News: 10 Stories You Need to See,https://firebasestorage.googleapis.com/v0/b/hackernoon-app.appspot.com/o/images%2Fimageedit_25_7084755369.gif?alt=media&token=ca7527b0-a214-46d4-af72-1062b3df1458,With thousands of press releases published each week it can be difficult to keep up with everything on PR Newswire. To help journalists covering the business technology industry stay on top of the week''s most newsworthy and popular releases
01Synergy,https://hackernoon.com/company/01synergy,2023-04-10 11:23:00,https://cointelegraph.com/news/symbiosis-integrates-zksync-natural-evolution-of-scaling-solutions,Symbiosis integrates zkSync: ‘Natural evolution' of scaling solutions,https://firebasestorage.googleapis.com/v0/b/hackernoon-app.appspot.com/o/images%2Fimageedit_25_7084755369.gif?alt=media&token=ca7527b0-a214-46d4-af72-1062b3df1458,DeFi automated market maker Symbiosis integrates zkSync to improve transaction speeds and lower fees of its 'any-to-any' token swap and liquidity provider platform.
01Synergy,https://hackernoon.com/company/01synergy,2023-05-10 09:54:00,https://technews.tmcnet.com/news/2023/05/10/9811196.htm,Options Announces Achievement of Microsoft Infrastructure Solutions Partner Status,https://firebasestorage.googleapis.com/v0/b/hackernoon-app.appspot.com/o/images%2Fimageedit_25_7084755369.gif?alt=media&token=ca7527b0-a214-46d4-af72-1062b3df1458,Options Technology the leading provider of cloud-enabled managed services to the global capital markets today announced its achievement of Microsoft Solutions Partner designation for Infrastructure.
01Synergy,https://hackernoon.com/company/01synergy,2023-08-14 12:58:00,https://technews.tmcnet.com/news/2023/08/14/9863898.htm,SIOS Technology Announces Partnership with ACP IT Solutions Expanding the Benefits of its High-Availability Software Solutions,https://firebasestorage.googleapis.com/v0/b/hackernoon-app.appspot.com/o/images%2Fimageedit_25_7084755369.gif?alt=media&token=ca7527b0-a214-46d4-af72-1062b3df1458,SIOS Technology Corp . an industry leader in application high availability (HA) and disaster recovery (DR) today announced it has partnered with ACP IT Solutions GmbH Dresden that supports customers throughout Germany
01Synergy,https://hackernoon.com/company/01synergy,2023-04-25 08:39:00,https://markets.businessinsider.com/news/stocks/infosys-launches-the-live-operations-platform-in-collaboration-with-servicenow-to-boost-customer-experience-for-telecom-providers-1032257310,Infosys Launches the Live Operations Platform in Collaboration with ServiceNow to Boost Customer Experience for Telecom Providers,https://firebasestorage.googleapis.com/v0/b/hackernoon-app.appspot.com/o/images%2Fimageedit_25_7084755369.gif?alt=media&token=ca7527b0-a214-46d4-af72-1062b3df1458&auto=format&fit=max&w=3840,The platform will also help telecom service providers optimize operational cost and meet business KPIsBENGALURU India April 25 2023
01Synergy,https://hackernoon.com/company/01synergy,2023-04-10 04:23:00,https://www.reuters.com/article/southkorea-president-strategy-idUSFWN36B00M,S.Korea''s Yoon calls strategy meeting to boost rechargeable batteries semiconductor sectors,https://firebasestorage.googleapis.com/v0/b/hackernoon-app.appspot.com/o/images%2Fimageedit_25_7084755369.gif?alt=media&token=ca7527b0-a214-46d4-af72-1062b3df1458,South Korean President Yoon Suk Yeol ordered on Monday a national strategy meeting to boost the competitiveness of the nation''s rechargeable battery and semiconductor sectors a presidential spokesperson said.
01Synergy,https://hackernoon.com/company/01synergy,2023-02-28 15:27:00,https://technews.tmcnet.com/news/2023/02/28/9768181.htm,ServiceChannel Introduces New Price Score for Sourcing Contractors in Provider Search Tool,https://firebasestorage.googleapis.com/v0/b/hackernoon-app.appspot.com/o/images%2Fimageedit_25_7084755369.gif?alt=media&token=ca7527b0-a214-46d4-af72-1062b3df1458,The new Price and Engagement Scores combined with existing Quality and Speed Scores give business operators an objective comprehensive view of vendor cost and performance to help them find the top contractors for their facilities maintenance needs.
01Synergy,https://hackernoon.com/company/01synergy,2023-04-24 18:29:00,https://www.benzinga.com/pressreleases/23/04/g31966236/key-tronic-corporation-announces-third-quarter-reporting-date,Key Tronic Corporation Announces Third Quarter Reporting Date,https://firebasestorage.googleapis.com/v0/b/hackernoon-app.appspot.com/o/images%2Fimageedit_25_7084755369.gif?alt=media&token=ca7527b0-a214-46d4-af72-1062b3df1458,Key Tronic Corporation (NASDAQ:KTCC) announced today that it plans to report its results for the third quarter of fiscal 2023 after market close on May 2
01Synergy,https://hackernoon.com/company/01synergy,2023-04-09 05:33:00,https://indianexpress.com/article/technology/tech-news-technology/apple-reportedly-plans-to-cut-out-key-services-on-iphones-with-old-software-8546618/,Apple reportedly plans to cut out key services on iPhones running older software,https://firebasestorage.googleapis.com/v0/b/hackernoon-app.appspot.com/o/images%2Fimageedit_25_7084755369.gif?alt=media&token=ca7527b0-a214-46d4-af72-1062b3df1458,In the consumer tech world Apple is known for offering extended software support for its devices to keep them secure where most Apple devices will get at least five years of major OS updates from the launch date. While most users promptly install ...
01Synergy,https://hackernoon.com/company/01synergy,2023-03-24 00:00:00,https://www.healthline.com/nutrition/gmo-pros-and-cons,GMOs: Pros and Cons Backed by Evidence,https://firebasestorage.googleapis.com/v0/b/hackernoon-app.appspot.com/o/images%2Fimageedit_25_7084755369.gif?alt=media&token=ca7527b0-a214-46d4-af72-1062b3df1458,“GMO” which stands for genetically modified organism refers to any organism whose DNA has been modified using genetic engineering technology ... here for more information” (34).
01Synergy,https://hackernoon.com/company/01synergy,2023-03-01 01:33:00,https://www.insurancebusinessmag.com/au/news/breaking-news/youi-announces-new-boss-as-ceo-retires-437888.aspx,Youi announces new boss as CEO retires,https://firebasestorage.googleapis.com/v0/b/hackernoon-app.appspot.com/o/images%2Fimageedit_25_7084755369.gif?alt=media&token=ca7527b0-a214-46d4-af72-1062b3df1458&auto=format&fit=max&w=3840,Insurance company Youi Holdings Limited (Youi) has announced a new CEO. In a media release the Queensland headquartered firm said Nathaniel Simpson (pictured above) will take on the role from July 01.
01Synergy,https://hackernoon.com/company/01synergy,2023-02-27 22:55:00,https://wfin.com/fox-health-news/wearable-fitness-trackers-with-sensing-technology-could-interfere-with-implantable-cardiac-devices-study/,Wearable fitness trackers with sensing technology could interfere with implantable cardiac devices: study,https://firebasestorage.googleapis.com/v0/b/hackernoon-app.appspot.com/o/images%2Fimageedit_25_7084755369.gif?alt=media&token=ca7527b0-a214-46d4-af72-1062b3df1458,"Many people use fitness trackers such as smartwatches as part of achieving a healthy lifestyle -- but some cardiac patients should be aware of the risks. Some smart scales smart rings and wearable fitness devices that use '""bioimpedance"
01Synergyhttps://hackernoon.com/company/01synergy2023-10-04 16:22:00https://www.automation.com/en-us/articles/october-2023/thyssenkrupp-samotics-sustainability-steelthyssenkrupp Selects Samotics to Increase Reliability and Sustainability of Its Steel Manufacturing Processhttps://www.bing.com/th?id=OVFT.f-t1wFGOgUYkWNUPOPyoXy&pid=NewsSamotics’ SAM4 technology achieves this by using a technique called ... Its capabilities range from custom material solutions to material-related services. Samotics is a leading provider of real-time actionable insights to optimize performance and ...,,,,,,
01Synergyhttps://hackernoon.com/company/01synergy2023-07-27 12:29:00https://apnews.com/article/france-china-russia-chip-technology-smuggling-66a8a4edcaf7137e109a16d6d300cd94France is investigating suspected smuggling to China and Russia of advanced chip technologyhttps://firebasestorage.googleapis.com/v0/b/hackernoon-app.appspot.com/o/images%2Fimageedit_25_7084755369.gif?alt=media&token=ca7527b0-a214-46d4-af72-1062b3df1458French magistrates have filed preliminary charges against two Chinese nationals and two other people from France in an investigation of a leading chip supplier whose advanced technology with possible military uses was reportedly smuggled to China and ...,,,,,,
01Synergyhttps://hackernoon.com/company/01synergy2023-03-30 19:11:00https://www.popularmechanics.com/military/aviation/a43129458/how-stealth-technology-works/Survival in the Skies: The Story of Stealth Technologyhttps://firebasestorage.googleapis.com/v0/b/hackernoon-app.appspot.com/o/images%2Fimageedit_25_7084755369.gif?alt=media&token=ca7527b0-a214-46d4-af72-1062b3df1458That is until defense contractor Lockheed noticed it and had his works translated into English; Ufimtsev’s work became the basis for modern-day stealth technology. Stealth Planes Still Have a ...,,,,,,
01Synergyhttps://hackernoon.com/company/01synergy2023-05-04 05:55:00https://www.businesswireindia.com/solidigm-synergytm-20-software-offers-new-features-to-optimize-and-personalize-storage-performance-84348.htmlSolidigm Synergy™ 2.0 Software Offers New Features to Optimize and Personalize Storage Performancehttps://firebasestorage.googleapis.com/v0/b/hackernoon-app.appspot.com/o/images%2Fimageedit_25_7084755369.gif?alt=media&token=ca7527b0-a214-46d4-af72-1062b3df1458Solidigm Synergy™ 2.0 Software Offers New Features to Optimize and Personalize Storage Performance.  A free software suite that is,,,,,,
01Synergyhttps://hackernoon.com/company/01synergy2023-09-07 00:00:00https://www.computerweekly.com/resources/IT-for-financial-servicesIT for financial serviceshttps://firebasestorage.googleapis.com/v0/b/hackernoon-app.appspot.com/o/images%2Fimageedit_25_7084755369.gif?alt=media&token=ca7527b0-a214-46d4-af72-1062b3df1458It’s not just enterprises that changed their operating models during and after Covid but also the suppliers that took them on the journey HCLTech Europe’s head explains Continue Reading,,,,,,
01Synergyhttps://hackernoon.com/company/01synergy2023-06-09 19:05:00https://www.barrons.com/market-data/stocks/688479/financials?countrycode=cn&mod=quotesYonyou Auto Information Technology (Shanghai) Co. Ltd.https://firebasestorage.googleapis.com/v0/b/hackernoon-app.appspot.com/o/images%2Fimageedit_25_7084755369.gif?alt=media&token=ca7527b0-a214-46d4-af72-1062b3df1458Source: FactSet Indexes: Index quotes may be real-time or delayed as per exchange requirements; refer to time stamps for information on any delays. Source: FactSet Markets Diary: Data on U.S. Overview page represent trading in all U.S. markets and updates ...,,,,,,
"01Synergyhttps://hackernoon.com/company/01synergy2023-08-07 03:43:00https://www.newswit.com/en/ifoy1y795iofmwc2587a4hz3q8pku8kgSANY Engineering Vehicles Unveils New Range of Intelligent New Energy Dump Truckshttps://firebasestorage.googleapis.com/v0/b/hackernoon-app.appspot.com/o/images%2Fimageedit_25_7084755369.gif?alt=media&token=ca7527b0-a214-46d4-af72-1062b3df1458SANY Engineering Vehicles Business Division ('""SANY Engineering Vehicles'"") a department of SANY Group ('""SANY'"") focusing on the production of new energy vehicles has unveiled its entire range of new products",,,,,,
01Synergyhttps://hackernoon.com/company/01synergy2023-06-15 09:06:00https://www.lse.co.uk/ShareChat.html?ShareTicker=SYN&thread=E2420504-C3B6-4584-A631-FC2695833074Synergia Energy Share Chathttps://firebasestorage.googleapis.com/v0/b/hackernoon-app.appspot.com/o/images%2Fimageedit_25_7084755369.gif?alt=media&token=ca7527b0-a214-46d4-af72-1062b3df1458The IP address of all posts is recorded to aid in enforcing these conditions. As a user you agree to any information you have entered being stored in a database. You agree that we have the right to remove edit move or close any topic or board at any time ...,,,,,,
01Synergyhttps://hackernoon.com/company/01synergy2023-08-09 16:47:00https://www.lse.co.uk/ShareChat.html?ShareTicker=SYN&thread=3C3FB51B-740E-4FA4-A2D8-2125BF5C017FSynergia Energy Share Chathttps://firebasestorage.googleapis.com/v0/b/hackernoon-app.appspot.com/o/images%2Fimageedit_25_7084755369.gif?alt=media&token=ca7527b0-a214-46d4-af72-1062b3df1458The IP address of all posts is recorded to aid in enforcing these conditions. As a user you agree to any information you have entered being stored in a database. You agree that we have the right to remove edit move or close any topic or board at any time ...,,,,,,
01Synergyhttps://hackernoon.com/company/01synergy2023-04-24 12:17:00https://technews.tmcnet.com/news/2023/04/24/9800020.htmSynopsys TSMC and Ansys Strengthen Ecosystem Collaboration to Advance Multi-Die Systemshttps://firebasestorage.googleapis.com/v0/b/hackernoon-app.appspot.com/o/images%2Fimageedit_25_7084755369.gif?alt=media&token=ca7527b0-a214-46d4-af72-1062b3df1458Accelerating the integration of heterogeneous dies to enable the next level of system scalability and functionality Synopsys Inc. (Nasdaq: SNPS) has strengthened its collaboration with TSMC and Ansys for multi-die system design and manufacturing.,,,,,,
01Synergyhttps://hackernoon.com/company/01synergy2023-02-28 13:03:48https://www.msn.com/en-in/money/topstories/systango-technologies-2-other-sme-ipos-to-open-for-subscription-in-march-full-details/ar-AA182jcXSystango Technologies 2 other SME IPOs to open for subscription in March; full detailshttps://www.bing.com/th?id=OVFT.nBqWbNGK-uZnOtxAkCByWi&pid=NewsThe starting two weeks in March would see three SMEs coming up with their IPOs. This would be in addition to the two SME IPOs namely Resgen and Itcons e-solutions which are underway,,,,,,
01Synergyhttps://hackernoon.com/company/01synergy2023-10-05 12:10:00https://www.tmcnet.com/usubmit/2023/10/05/9893451.htmSensedia Shares Navigating Complex Internal and External Fintech Ecosystems through API Managementhttps://firebasestorage.googleapis.com/v0/b/hackernoon-app.appspot.com/o/images%2Fimageedit_25_7084755369.gif?alt=media&token=ca7527b0-a214-46d4-af72-1062b3df1458MIAMI Oct. 5 2023 /PRNewswire/ -- Sensedia a global API solutions leader for companies adopting a more digital connected and open strategy released an article on how fintechs can navigate the ever-increasing complexity of internal and external ecosystems through API management.,,,,,,
01Synergyhttps://hackernoon.com/company/01synergy2023-10-04 23:00:00https://www.yakimaherald.com/news/local/education/perry-tech-to-open-campus-in-sunnyside-in-2024/article_ba40485e-6306-11ee-b917-23603d528eef.htmlPerry Tech to open campus in Sunnyside in 2024https://www.bing.com/th?id=OVFT.sBUndUZRSLp0A47lIRsxjS&pid=NewsPerry Technical Institute will offer classes in Sunnyside for the first time when it opens Perry Tech Sunnyside in January 2024.,,,,,,
01Synergyhttps://hackernoon.com/company/01synergy2023-09-19 00:00:00https://www.cambridgenetwork.co.uk/sectors/information-technology-and-telecomsInformation Technology and Telecomshttps://firebasestorage.googleapis.com/v0/b/hackernoon-app.appspot.com/o/images%2Fimageedit_25_7084755369.gif?alt=media&token=ca7527b0-a214-46d4-af72-1062b3df1458electronRx writes...Apple announced the launch of the iPhone 15 on 12th September to worldwide fanfare. The manufacturer hailed the new mobile phone as a ‘huge leap forward’ for the brand with new attractive design features including colour ...,,,,,,
01Synergyhttps://hackernoon.com/company/01synergy2023-08-01 00:00:00https://www.sussex.ac.uk/study/masters/courses/management-of-information-technology-mscManagement of Information Technology MSchttps://firebasestorage.googleapis.com/v0/b/hackernoon-app.appspot.com/o/images%2Fimageedit_25_7084755369.gif?alt=media&token=ca7527b0-a214-46d4-af72-1062b3df1458Learn how to design evaluate and apply information technology systems in a business setting. You’ll take account of human organisational and strategic factors. communicating concepts designs and evaluation within a technical environment. We offer two ...,,,,,,
01Synergyhttps://hackernoon.com/company/01synergy2023-09-06 13:51:00https://www.benzinga.com/pressreleases/23/09/34279546/g-suite-technology-services-market-research-report-2023-2030-117-pages-reportG Suite Technology Services Market Research Report 2023-2030 | 117 Pages Reporthttps://firebasestorage.googleapis.com/v0/b/hackernoon-app.appspot.com/o/images%2Fimageedit_25_7084755369.gif?alt=media&token=ca7527b0-a214-46d4-af72-1062b3df1458Moreover Consumer behavior analysis and market dynamics (drivers restraints opportunities) provides crucial information for knowing the G Suite Technology Services market. Get a Sample Copy of ...,,,,,,
01Synergyhttps://hackernoon.com/company/01synergy2023-05-26 06:16:00https://www.engadget.com/best-video-streaming-services-133000093.htmlThe best video streaming services in 2023https://firebasestorage.googleapis.com/v0/b/hackernoon-app.appspot.com/o/images%2Fimageedit_25_7084755369.gif?alt=media&token=ca7527b0-a214-46d4-af72-1062b3df1458The number of video streaming services available has increased dramatically over the past few years as everyone including Apple Disney and ESPN decides they want a piece of the pie. The days ...,,,,,,
01Synergyhttps://hackernoon.com/company/01synergy2023-06-07 12:28:00https://www.cic.gc.ca/ENGLISH/newcomers/services/index.aspFind free newcomer services near youhttps://firebasestorage.googleapis.com/v0/b/hackernoon-app.appspot.com/o/images%2Fimageedit_25_7084755369.gif?alt=media&token=ca7527b0-a214-46d4-af72-1062b3df1458We’ve made our settlement services available to all Ukrainian temporary residents and their dependants in Canada until March 31 2023. Learn about what to do before and after you travel to Canada or explore our settlement content on your own.,,,,,,
01Synergyhttps://hackernoon.com/company/01synergy2023-07-25 06:15:00https://www.federalregister.gov/documents/2019/05/17/2019-10538/securing-the-information-and-communications-technology-and-services-supply-chain?mc_cid=4b7636934d&mc_eid=UNIQID&mc_cid=4b7636934d&mc_eid=UNIQIDSecuring the Information and Communications Technology and Services Supply Chainhttps://firebasestorage.googleapis.com/v0/b/hackernoon-app.appspot.com/o/images%2Fimageedit_25_7084755369.gif?alt=media&token=ca7527b0-a214-46d4-af72-1062b3df1458I DONALD J. TRUMP President of the United States of America find that foreign adversaries are increasingly creating and exploiting vulnerabilities in information and communications technology and services which store and communicate vast amounts of ...,,,,,,
01Synergyhttps://hackernoon.com/company/01synergy2023-03-10 08:42:00https://www.msstate.edu/newsroom/article/2023/03/breckenridge-leads-msus-information-technology-services-interim-cttoBreckenridge leads MSU’s Information Technology Services as interim CTTOhttps://firebasestorage.googleapis.com/v0/b/hackernoon-app.appspot.com/o/images%2Fimageedit_25_7084755369.gif?alt=media&token=ca7527b0-a214-46d4-af72-1062b3df1458STARKVILLE Miss.—An alumnus of Mississippi State’s Bagley College of Engineering now is providing interim oversight of the university’s Information Technology Services division. William B. “Trey” Breckenridge III who currently directs MSU’s ...,,,,,,
01Synergyhttps://hackernoon.com/company/01synergy2023-07-04 14:06:00https://www.assetservicingtimes.com/assetservicesnews/peoplemovesarticle.php?article_id=14551&navigationaction=home&page=1&newssection=People%20MovesSionic welcomes Tina Wilkinsonhttps://firebasestorage.googleapis.com/v0/b/hackernoon-app.appspot.com/o/images%2Fimageedit_25_7084755369.gif?alt=media&token=ca7527b0-a214-46d4-af72-1062b3df1458Wilkinson has previously served in senior roles at financial services company Allianz asset management company Threadneedle and BNP Paribas Asset Management,,,,,,
01Synergyhttps://hackernoon.com/company/01synergy2023-08-17 11:04:00https://financialit.net/news/infrastructure/synechron-announces-opening-its-montreal-canada-nearshore-delivery-centreSynechron Announces the Opening of its Montreal Canada Nearshore Delivery Centrehttps://firebasestorage.googleapis.com/v0/b/hackernoon-app.appspot.com/o/images%2Fimageedit_25_7084755369.gif?alt=media&token=ca7527b0-a214-46d4-af72-1062b3df1458Synechron Inc. a leading global digital transformation consulting firm focused on financial services and big technology organizations announces the opening of its new Canada Delivery Center located in the heart of the Montreal financial district.,,,,,,
01Synergyhttps://hackernoon.com/company/01synergy2023-09-21 16:15:00https://www.tmcnet.com/usubmit/2023/09/21/9885803.htmKeysight and Synopsys Partner for IoT Device Cybersecurityhttps://firebasestorage.googleapis.com/v0/b/hackernoon-app.appspot.com/o/images%2Fimageedit_25_7084755369.gif?alt=media&token=ca7527b0-a214-46d4-af72-1062b3df1458The global IoT device market is experiencing notable growth due to the rise in adoption of IoT devices and is projected to reach a market value of $413.7 billion by 2031. According to Palo Alto Networks IoT Threat Report,,,,,,
"01Synergyhttps://hackernoon.com/company/01synergy2023-06-08 18:12:00https://www.tmcnet.com/usubmit/-teledyne-aces-cab-air-monitoring-system-wins-crystal-/2023/06/08/9829589.htmTeledyne ACES Cabin Air Monitoring System Wins Crystal Cabin Award in Health and Safety Categoryhttps://firebasestorage.googleapis.com/v0/b/hackernoon-app.appspot.com/o/images%2Fimageedit_25_7084755369.gif?alt=media&token=ca7527b0-a214-46d4-af72-1062b3df1458'""We are honored to be the recipient of such a prestigious industry award'"" said Mehrdad Radmehr President of Teledyne Controls. '""Passengers have become more concerned about cabin air quality and yet most aircraft today do not have onboard air monitoring systems",,,,,,
01Synergy,https://hackernoon.com/company/01synergy,2023-08-07 20:20:00,https://www.bizjournals.com/pittsburgh/inno/stories/news/2023/08/07/robotics-list-pittsburgh.html,Robotics List shows continued strength of AI automation in the Pittsburgh region,https://firebasestorage.googleapis.com/v0/b/hackernoon-app.appspot.com/o/images%2Fimageedit_25_7084755369.gif?alt=media&token=ca7527b0-a214-46d4-af72-1062b3df1458&auto=format&fit=max&w=3840,The robotics and AI industry continues to thrive in Pittsburgh as evidenced by this year’s List of Robotics and AI Companies.
01Synergy,https://hackernoon.com/company/01synergy,2022-12-03 12:02:00,https://news.webindia123.com/news/articles/Business/20221203/4010441.html,The Institution of Engineering and Technology (IET) successfully concludes IET Future Tech Congress 2022,https://firebasestorage.googleapis.com/v0/b/hackernoon-app.appspot.com/o/images%2Fimageedit_25_7084755369.gif?alt=media&token=ca7527b0-a214-46d4-af72-1062b3df1458,said Pankaj Vyas CEO & MD Siemens Technology and Services Pvt. Ltd. at the IET ... and Ministry of Electronics and Information Technology and E V Ramana Reddy-Add Chief Sec Dept of Electronics ...
01Synergy,https://hackernoon.com/company/01synergy,2023-07-25 17:08:00,https://archive.org/details/isbn_0964838214,Global information technology and socio-economic development,https://firebasestorage.googleapis.com/v0/b/hackernoon-app.appspot.com/o/images%2Fimageedit_25_7084755369.gif?alt=media&token=ca7527b0-a214-46d4-af72-1062b3df1458,A line drawing of the Internet Archive headquarters building façade. An illustration of a magnifying glass. An illustration of a magnifying glass.
01Synergy,https://hackernoon.com/company/01synergy,2023-08-05 13:52:00,https://www.tampabay.com/news/tampa/2023/08/01/need-housing-information-tampa-launches-tenant-services-team-help/,Need housing information? Tampa launches Tenant Services Team to help,https://firebasestorage.googleapis.com/v0/b/hackernoon-app.appspot.com/o/images%2Fimageedit_25_7084755369.gif?alt=media&token=ca7527b0-a214-46d4-af72-1062b3df1458,Though initially noncommittal on the idea of the advocacy office less than a week later Castor announced the launch of a housing information ... newly created Tenant Services Team absorbed ...
01Synergy,https://hackernoon.com/company/01synergy,2023-08-08 10:00:00,https://www.benzinga.com/pressreleases/23/08/n33620230/oppenheimer-co-inc-gathers-innovators-for-26th-annual-technology-internet-communications-conferenc,Oppenheimer & Co. Inc. Gathers Innovators for 26th Annual Technology Internet & Communications Conference,https://firebasestorage.googleapis.com/v0/b/hackernoon-app.appspot.com/o/images%2Fimageedit_25_7084755369.gif?alt=media&token=ca7527b0-a214-46d4-af72-1062b3df1458,Virtual Event Brings Together Approximately 1000 Attendees for one-on-one Meetings with Management Teams of Leading Companies Sectors Include Analytics Cloud Collaboration & Work Automation Cybersecurity
01Synergy,https://hackernoon.com/company/01synergy,2023-03-15 04:26:00,https://www.digitimes.com/news/a20230314PD220/chips+components-memory-chips-sk-hynix-ssd.html,SK Hynix reportedly to exert control over Solidigm,https://firebasestorage.googleapis.com/v0/b/hackernoon-app.appspot.com/o/images%2Fimageedit_25_7084755369.gif?alt=media&token=ca7527b0-a214-46d4-af72-1062b3df1458,Industry speculation has begun to circulate in South Korea that SK Hynix is seeking greater control over Solidigm including product and technology planning ... Some subscribers prefer to save their log-in information so they do not have to enter their ...
01Synergy,https://hackernoon.com/company/01synergy,2023-03-15 16:23:00,https://it.tmcnet.com/news/2023/03/15/9777476.htm,Enhance Your Gaming Experience with Syntech''s Newest Official Launch the 6-in-1 Multifunctional Docking Station,https://firebasestorage.googleapis.com/v0/b/hackernoon-app.appspot.com/o/images%2Fimageedit_25_7084755369.gif?alt=media&token=ca7527b0-a214-46d4-af72-1062b3df1458,Syntech global digital accessories industry leader has announced the release of its latest recent product——the 6-in-1 Multifunctional Docking Station. This docking station is compatible with the portable gaming device Valve Steam Deck and is aimed to enhance the overall gaming experience.
01Synergy,https://hackernoon.com/company/01synergy,2023-08-02 11:00:00,https://timesofindia.indiatimes.com/business/india-business/alten-acquires-accord-global-technology-solutions-an-engineering-services-company-based-out-of-india/articleshow/102338504.cms,ALTEN acquires Accord Global Technology Solutions an engineering services company based out of India,https://firebasestorage.googleapis.com/v0/b/hackernoon-app.appspot.com/o/images%2Fimageedit_25_7084755369.gif?alt=media&token=ca7527b0-a214-46d4-af72-1062b3df1458,ALTEN Group (“ALTEN”) headquartered in Paris France and a market leader in engineering and technology consulting services has recently completed the strategic acquisition of Accord Global ...
01Synergy,https://hackernoon.com/company/01synergy,2023-06-08 15:42:00,https://www.galvnews.com/news_ap/business/options-named-microsoft-solutions-partner-for-security/article_806d69f3-5ed0-53ec-82fe-0900d3b49515.html,Options Named Microsoft Solutions Partner for Security,https://firebasestorage.googleapis.com/v0/b/hackernoon-app.appspot.com/o/images%2Fimageedit_25_7084755369.gif?alt=media&token=ca7527b0-a214-46d4-af72-1062b3df1458&auto=format&fit=max&w=3840,Options Technology the leading provider of cloud-enabled managed services to the global capital markets today announced its achievement of Microsoft Solutions Partner designation for Security.
01Synergy,https://hackernoon.com/company/01synergy,2023-08-10 20:49:00,https://www.wsj.com/articles/provider-of-smart-sensors-for-older-buildings-files-for-bankruptcy-7d3d721a,Provider of Smart Sensors for Older Buildings Files for Bankruptcy,https://firebasestorage.googleapis.com/v0/b/hackernoon-app.appspot.com/o/images%2Fimageedit_25_7084755369.gif?alt=media&token=ca7527b0-a214-46d4-af72-1062b3df1458&auto=format&fit=max&w=3840,InteliGlas an artificial intelligence-powered software provider says a legal fight with a key shareholder co-founder and former executive is behind its chapter 11 filing.
01Synergy,https://hackernoon.com/company/01synergy,2023-08-03 00:00:00,https://www.buffalo.edu/administrative-services/managing-procurement/commonly-purchased-goods/information-technology.html,Information Technology (IT) Equipment and Supplies,https://firebasestorage.googleapis.com/v0/b/hackernoon-app.appspot.com/o/images%2Fimageedit_25_7084755369.gif?alt=media&token=ca7527b0-a214-46d4-af72-1062b3df1458,Contact your information technology support staff for ... Learn more about the pre-approval process for technology accessed via a web browser or vendor hosted cloud services and subscriptions. This includes e-learning platforms online testing ...
01Synergy,https://hackernoon.com/company/01synergy,2022-12-21 21:08:00,https://www.avnetwork.com/news/k2-joins-salas-obrien-expanding-technology-and-acoustic-design-services,K2 Joins Salas O’Brien Expanding Technology and Acoustic Design Services,https://firebasestorage.googleapis.com/v0/b/hackernoon-app.appspot.com/o/images%2Fimageedit_25_7084755369.gif?alt=media&token=ca7527b0-a214-46d4-af72-1062b3df1458,multi-disciplinary services like acoustical design electronic safety and security system design and customized audiovisual solutions. K2’s capabilities and portfolio complement Salas O’Brien’s existing technology and acoustics team which grew ...
01Synergy,https://hackernoon.com/company/01synergy,2023-08-07 09:59:00,https://spacenews.com/xenesis-to-send-optical-terminal-to-iss-platform/,Xenesis to send optical terminal to ISS platform,https://firebasestorage.googleapis.com/v0/b/hackernoon-app.appspot.com/o/images%2Fimageedit_25_7084755369.gif?alt=media&token=ca7527b0-a214-46d4-af72-1062b3df1458&auto=format&fit=max&w=3840,Xenesis is preparing to install an optical communications hub to increase data downlink capacity for customers of Bartolomeo Airbus’ external research platform on the International Space Station.
01Synergy,https://hackernoon.com/company/01synergy,2022-12-13 16:56:00,https://www.securityinfowatch.com/integrators/document/21289760/state-of-the-security-industry-2022-an-integrators-perspective,State of the Security Industry 2022 - An Integrator's Perspective,https://firebasestorage.googleapis.com/v0/b/hackernoon-app.appspot.com/o/images%2Fimageedit_25_7084755369.gif?alt=media&token=ca7527b0-a214-46d4-af72-1062b3df1458&auto=format&fit=max&w=3840,Security Business magazine report is the result of a comprehensive research survey of the industry’s top security systems integrators and consultants looking to assess the state of business in the se
01Synergy,https://hackernoon.com/company/01synergy,2022-12-21 15:54:00,https://www.bctechnology.com/news/search-results.cfm?company_list=Trulioo%20Information%20Services%20Inc.&posted=last2628000&f=e&arcsrch=45607,Trulioo Information Services Inc.,https://firebasestorage.googleapis.com/v0/b/hackernoon-app.appspot.com/o/images%2Fimageedit_25_7084755369.gif?alt=media&token=ca7527b0-a214-46d4-af72-1062b3df1458,Vancouver BC December 21 2022--Trulioo a leading global digital identity verification platform is partnering with Beedie Luminaries to support post-secondary students within the program who are pursuing their studies in science technology ...
01Synergy,https://hackernoon.com/company/01synergy,2023-05-31 23:01:00,https://www.theguardian.com/technology/2023/jun/01/amazon-uk-services-main-division-pay-no-corporation-tax-for-second-year-in-row-tax-credit-government-super-deduction-scheme,Amazon’s main UK division pays no corporation tax for second year in a row,https://firebasestorage.googleapis.com/v0/b/hackernoon-app.appspot.com/o/images%2Fimageedit_25_7084755369.gif?alt=media&token=ca7527b0-a214-46d4-af72-1062b3df1458,Amazon UK Services received tax credit of £7.7m for investment in infrastructure under Rishi Sunak’s super-deduction scheme Amazon’s main UK division has paid no corporation tax for the ...
01Synergy,https://hackernoon.com/company/01synergy,2023-06-06 00:00:00,https://www.coloradocollege.edu/offices/mail/student-information/index.html,Student Information,https://firebasestorage.googleapis.com/v0/b/hackernoon-app.appspot.com/o/images%2Fimageedit_25_7084755369.gif?alt=media&token=ca7527b0-a214-46d4-af72-1062b3df1458,"Your Worner box information will be listed under '""Addresses and Phones ... Bring a photo ID during mailroom hours (M-F 8:30 a.m. - 4 p.m.) to pick up any mail & packages. Mail Services urges caution when sending perishables (i.e. food) to students."
01Synergyhttps://hackernoon.com/company/01synergy2023-08-04 17:55:00https://www.seattlepi.com/business/article/integrated-electrical-services-fiscal-q3-18278847.phpIntegrated Electrical Services: Fiscal Q3 Earnings Snapshothttps://firebasestorage.googleapis.com/v0/b/hackernoon-app.appspot.com/o/images%2Fimageedit_25_7084755369.gif?alt=media&token=ca7527b0-a214-46d4-af72-1062b3df1458HOUSTON (AP) — HOUSTON (AP) — Integrated Electrical Services Inc. (IESC) on Friday reported profit of $16.6 million in its fiscal third quarter. On a per-share basis the Houston-based company said it had net income of 81 cents. Earnings adjusted for non-recurring costs were $1.08 per share.,,,,,,
01Synergyhttps://hackernoon.com/company/01synergy2023-05-10 09:36:00https://www.businesswire.com/news/home/20230510005126/en/Wultra-and-iProov-Partner-to-Bring-Biometric-Technology-to-Banks-and-Financial-Services-Technology-Providers/Wultra and iProov Partner to Bring Biometric Technology to Banks and Financial Services Technology Providershttps://firebasestorage.googleapis.com/v0/b/hackernoon-app.appspot.com/o/images%2Fimageedit_25_7084755369.gif?alt=media&token=ca7527b0-a214-46d4-af72-1062b3df1458who actively encouraged us to add iProov technology to our stack.” “Financial services providers are a prime target for cybercriminals' most sophisticated attacks. Our recent Threat Report ...,,,,,,
01Synergyhttps://hackernoon.com/company/01synergy2023-02-28 23:44:00https://www.lsureveille.com/news/no-evidence-to-suggest-lsu-internet-outages-caused-by-cyberattack-according-to-technology-services/article_a8187d02-b7aa-11ed-b842-f798601ca2d7.htmlNo evidence to suggest LSU internet outages caused by cyberattack according to technology serviceshttps://firebasestorage.googleapis.com/v0/b/hackernoon-app.appspot.com/o/images%2Fimageedit_25_7084755369.gif?alt=media&token=ca7527b0-a214-46d4-af72-1062b3df1458There''s no evidence to suggest the internet outages across LSU''s campus Monday and Tuesday were caused by a cybersecurity incident according to an email from LSU Information Technology Services. The sudden outages caused disruptions to classes and exams ...,,,,,,
01Synergyhttps://hackernoon.com/company/01synergy2023-04-26 14:33:00https://www.benzinga.com/pressreleases/23/04/r32012640/nexdigm-named-in-isg-provider-lens-for-procurement-bpo-and-transformation-servicesNexdigm Named in ISG Provider Lens™ for Procurement BPO and Transformation Serviceshttps://firebasestorage.googleapis.com/v0/b/hackernoon-app.appspot.com/o/images%2Fimageedit_25_7084755369.gif?alt=media&token=ca7527b0-a214-46d4-af72-1062b3df1458Nexdigm has been named in the Information Services Group (ISG) Lens Provider™ for Procurement BPO and Transformation Services Quadrant Report 2023. In their assessment ISG,,,,,,
01Synergyhttps://hackernoon.com/company/01synergy2023-04-09 07:01:00https://www.marketwatch.com/press-release/talent-acquisition-and-staffing-technology-and-services-market-facts-and-figures-by-2031-2023-04-08Talent Acquisition and Staffing Technology and Services Market Facts and Figures By 2031https://firebasestorage.googleapis.com/v0/b/hackernoon-app.appspot.com/o/images%2Fimageedit_25_7084755369.gif?alt=media&token=ca7527b0-a214-46d4-af72-1062b3df1458A variety of methodologies and analyses are used in the research to ensure accurate and comprehensive information about the Talent Acquisition and Staffing Technology and Services Market.,,,,,,
01Synergyhttps://hackernoon.com/company/01synergy2023-02-28 09:10:00https://www.yahoo.com/now/synechron-enables-innovative-data-solutions-091000105.htmlSynechron Enables Innovative Data Solutions for Driving Revenue and Growth With the Launch of its Data Monetization Accelerator Programhttps://www.bing.com/th?id=OVFT.FEYX0u2kSXV0iQM8J-F8NS&pid=NewsSynechron Inc. a leading global digital transformation consulting firm today announced the launch of its Data Monetization Accelerator program. The program offers a suite of building block solutions that aims to help retail and commercial banks,,,,,,
01Synergyhttps://hackernoon.com/company/01synergy2023-06-01 00:01:00https://phys.org/tags/information+technology/News tagged with information technologyhttps://firebasestorage.googleapis.com/v0/b/hackernoon-app.appspot.com/o/images%2Fimageedit_25_7084755369.gif?alt=media&token=ca7527b0-a214-46d4-af72-1062b3df1458New research finds that Canada''s electrical and electronic waste (e-waste) has more than tripled in the last two decades the equivalent of filling the CN tower 110 times and generating close to a ...,,,,,,
01Synergyhttps://hackernoon.com/company/01synergy2023-09-26 15:00:11https://www.msn.com/en-us/news/technology/servicenows-new-release-of-low-code-platform-with-generative-ai/ar-AA1hjhhlServiceNow's New Release of Low-Code Platform With Generative AIhttps://www.bing.com/th?id=OVFT.SHbR748WvsBNWE_2g9Oily&pid=NewsServiceNow has launched a recent version of its low-code platform designed to enhance workflow productivity and offer new automation tools […] The post ServiceNow’s New Release of Low-Code Platform With Generative AI appeared first on ReadWrite.,,,,,,
01Synergyhttps://hackernoon.com/company/01synergy2023-02-23 16:08:00https://www.asiaasset.com/post/26925-gicindusrt-gte-230223Singapore’s GIC US firm to buy Nasdaq-listed INDUS Realty for US$868 millionhttps://www.bing.com/th?id=OVFT.RSpQzqKOplasGAhQKTk1zS&pid=NewsUpon completion of the transaction INDUS’ common stock will no longer be listed on Nasdaq and INDUS will become a privately-held company Singapore sovereign wealth fund GIC Pte Ltd and US private investment firm Centerbridge Partners are buying Nasdaq-listed INDUS Realty Trust for US$868 million and taking it private.,,,,,,
01Synergyhttps://hackernoon.com/company/01synergy2023-07-27 23:59:00https://www.cambridgenetwork.co.uk/sectors/information-technology-and-telecomsInformation Technology and Telecomshttps://firebasestorage.googleapis.com/v0/b/hackernoon-app.appspot.com/o/images%2Fimageedit_25_7084755369.gif?alt=media&token=ca7527b0-a214-46d4-af72-1062b3df145824 July 2023 AudioTelligence breaks new ground in Assistive Tech with Earbud Assistive Listening Case AudioTelligence announces its innovative new product concept which for the first time integrates assistive listening technology into an earbud charging case.,,,,,,
01Synergyhttps://hackernoon.com/company/01synergy2023-07-26 16:49:00https://www.reuters.com/technology/dish-network-offer-wireless-services-amazon-prime-users-2023-07-26/Dish Network partners with Amazon to offer wireless serviceshttps://firebasestorage.googleapis.com/v0/b/hackernoon-app.appspot.com/o/images%2Fimageedit_25_7084755369.gif?alt=media&token=ca7527b0-a214-46d4-af72-1062b3df1458The Boost Infinite Unlimited SIM kit will be available to Amazon Prime subscribers at $25 a month for unlimited talk text and data services. Dish and Amazon did not disclose their financial ...,,,,,,
01Synergyhttps://hackernoon.com/company/01synergy2023-05-11 09:45:00https://www.insidermonkey.com/blog/12-best-information-technology-services-stocks-to-buy-1145218/12 Best Information Technology Services Stocks to Buyhttps://firebasestorage.googleapis.com/v0/b/hackernoon-app.appspot.com/o/images%2Fimageedit_25_7084755369.gif?alt=media&token=ca7527b0-a214-46d4-af72-1062b3df1458In this article we will take a look at the 12 best information technology services stocks to buy. To see more such companies go directly to 5 Best Information Technology Services Stocks to Buy.,,,,,,
01Synergyhttps://hackernoon.com/company/01synergy2023-06-14 22:47:00https://www.thisdaylive.com/index.php/2023/06/01/ncs-decries-low-adoption-of-information-technology-in-nigeria-calls-for-reformsNCS Decries Low Adoption of Information Technology in Nigeria Calls for Reformshttps://firebasestorage.googleapis.com/v0/b/hackernoon-app.appspot.com/o/images%2Fimageedit_25_7084755369.gif?alt=media&token=ca7527b0-a214-46d4-af72-1062b3df1458The Nigeria Computer Society (NCS) the umbrella body for all Information Technology (IT) professionals in Nigeria has raised the concern about low adoption of IT in Nigeria especially in the ...,,,,,,
01Synergyhttps://hackernoon.com/company/01synergy2023-08-09 17:30:00https://www.foodengineeringmag.com/articles/101409-zag-technical-services-announces-executive-promotionZAG Technical Services Announces Executive Promotionhttps://www.bing.com/th?id=OVFT.5BLLRTsZRHGrXbZKihs-dy&pid=NewsEric Regnier formerly IT manager has been promoted to vice president of operations at ZAG Technical Services.,,,,,,
01Synergyhttps://hackernoon.com/company/01synergy2023-07-25 06:51:00https://archive.org/details/isbn_9781402041457Information technology and lawyers : advanced technology in the legal domain from challenges to daily routinehttps://firebasestorage.googleapis.com/v0/b/hackernoon-app.appspot.com/o/images%2Fimageedit_25_7084755369.gif?alt=media&token=ca7527b0-a214-46d4-af72-1062b3df1458A line drawing of the Internet Archive headquarters building façade. An illustration of a magnifying glass. An illustration of a magnifying glass.,,,,,,
01Synergyhttps://hackernoon.com/company/01synergy2023-07-25 17:08:00https://archive.org/details/isbn_0964838214Global information technology and socio-economic developmenthttps://firebasestorage.googleapis.com/v0/b/hackernoon-app.appspot.com/o/images%2Fimageedit_25_7084755369.gif?alt=media&token=ca7527b0-a214-46d4-af72-1062b3df1458A line drawing of the Internet Archive headquarters building façade. An illustration of a magnifying glass. An illustration of a magnifying glass.,,,,,,
01Synergyhttps://hackernoon.com/company/01synergy2023-03-03 22:02:00https://biztechmagazine.com/article/2023/03/services-and-solutions-companies-have-choices-network-monitoringWith Services and Solutions Companies Have Choices for Network Monitoringhttps://www.bing.com/th?id=OVFT.Q3eQoABO_wqwpQKR00MOLy&pid=NewsWhichever way businesses accomplish it network visibility is essential for helping IT departments to ensure uptime and security. Mark Leary research director for network analytics and automation at IDC,,,,,,
01Synergyhttps://hackernoon.com/company/01synergy2023-08-10 05:04:00https://www.campaignasia.com/article/elons-x-introduces-new-sensitivity-controls-in-a-bid-to-win-back-jilted-advert/485733Elon’s ‘X’ introduces new sensitivity controls in a bid to win back jilted advertisershttps://www.bing.com/th?id=OVFT.uaghoof3HoivDoZBxE3aPS&pid=NewsThe social media platform is doing everything it can to lure back flailing ad revenue as Musk recently revealed a 50% drop in numbers following concerns from buyers regarding safety content and much more.,,,,,,
01Synergyhttps://hackernoon.com/company/01synergy2023-02-28 12:32:00https://www.information-age.com/5-kubernetes-technology-vendors-hot-right-now-123501806/5 Kubernetes technology vendors hot right nowhttps://firebasestorage.googleapis.com/v0/b/hackernoon-app.appspot.com/o/images%2Fimageedit_25_7084755369.gif?alt=media&token=ca7527b0-a214-46d4-af72-1062b3df1458Kubernetes is a technology that has created a whole new ecosystem around itself and it is now a key plank in the DevOps movement when it comes to developing new applications and services and improving business operations Antony Savvas attended the recent ...,,,,,,
01Synergyhttps://hackernoon.com/company/01synergy2023-03-03 22:02:00https://biztechmagazine.com/article/2023/03/services-and-solutions-companies-have-choices-network-monitoringWith Services and Solutions Companies Have Choices for Network Monitoringhttps://www.bing.com/th?id=OVFT.Q3eQoABO_wqwpQKR00MOLy&pid=NewsWhichever way businesses accomplish it network visibility is essential for helping IT departments to ensure uptime and security. Mark Leary research director for network analytics and automation at IDC,,,,,,
01Synergyhttps://hackernoon.com/company/01synergy2023-08-28 00:01:00https://phys.org/tags/information+technology/News tagged with information technologyhttps://firebasestorage.googleapis.com/v0/b/hackernoon-app.appspot.com/o/images%2Fimageedit_25_7084755369.gif?alt=media&token=ca7527b0-a214-46d4-af72-1062b3df1458A new study at BESSY II analyzes the formation of skyrmions in ferrimagnetic thin films of dysprosium and cobalt in real time and with high spatial resolution. This is an important step towards ...,,,,,,
01Synergyhttps://hackernoon.com/company/01synergy2023-06-21 19:40:00https://it.tmcnet.com/news/2023/06/21/9836399.htmZerify Announces Partnership with Global IT Solutions Aggregator TD SYNNEXhttps://firebasestorage.googleapis.com/v0/b/hackernoon-app.appspot.com/o/images%2Fimageedit_25_7084755369.gif?alt=media&token=ca7527b0-a214-46d4-af72-1062b3df1458Zerify Inc. (OTC PINK: ZRFY) the 22-year-old cybersecurity company focused on Secure Video Conferencing & Endpoint Security today announced a new partnership with TD SYNNEX a leading global IT distributor and solutions aggregator.,,,,,,
10Pearlshttps://hackernoon.com/company/10pearls2023-03-09 20:42:22https://www.msn.com/en-us/news/technology/how-911-and-112-triangulate-your-calls-and-pinpoint-your-location/ar-AA18qD1nHow 911 and 112 Triangulate Your Calls and Pinpoint Your Locationhttps://www.bing.com/th?id=OVFT.x5gDMFxj5rRW0T6RNWI3cy&pid=NewsLearn how 911 and 112 use triangulation to pinpoint your location during emergency calls without you needing to provide it.,,,,,,
01Synergyhttps://hackernoon.com/company/01synergy2023-06-01 05:05:00https://www.cnbc.com/select/best-credit-monitoring-services/The best credit monitoring services that can help you spot fraud earlyhttps://firebasestorage.googleapis.com/v0/b/hackernoon-app.appspot.com/o/images%2Fimageedit_25_7084755369.gif?alt=media&token=ca7527b0-a214-46d4-af72-1062b3df1458Credit monitoring services can provide you with early notice of potential fraud on your credit report so you can take steps to protect your personal information. While these services can''t ...,,,,,,
01Synergyhttps://hackernoon.com/company/01synergy2023-08-28 00:01:00https://www.wsfa.com/2023/08/28/department-air-force-information-technology-cyberpower-conference-brings-thousands-montgomery/Department of Air Force Information Technology and Cyberpower Conference brings thousands to Montgomeryhttps://firebasestorage.googleapis.com/v0/b/hackernoon-app.appspot.com/o/images%2Fimageedit_25_7084755369.gif?alt=media&token=ca7527b0-a214-46d4-af72-1062b3df1458MONTGOMERY Ala. (WSFA) - Thousands of airmen and cyber leaders from around the world are in Montgomery this week attending the Department of the Air Force Information Technology and Cyberpower ...,,,,,,
01Synergyhttps://hackernoon.com/company/01synergy2023-04-12 00:00:00https://www.rit.edu/study/computing-and-information-technologies-bsComputing and Information Technologieshttps://firebasestorage.googleapis.com/v0/b/hackernoon-app.appspot.com/o/images%2Fimageedit_25_7084755369.gif?alt=media&token=ca7527b0-a214-46d4-af72-1062b3df1458Information technology is found in every aspect of our lives: the workplace our homes the way we communicate and in much of the entertainment we consume. IT professionals therefore are in great demand and highly valued. IT professionals are solution ...,,,,,,
01Synergyhttps://hackernoon.com/company/01synergy2023-04-10 13:03:00https://www.waketech.edu/about-wake-tech/administrative-offices/information-technology-servicesInformation Technology Serviceshttps://firebasestorage.googleapis.com/v0/b/hackernoon-app.appspot.com/o/images%2Fimageedit_25_7084755369.gif?alt=media&token=ca7527b0-a214-46d4-af72-1062b3df1458ITS strives to support student learning facilitate faculty teaching and enhance college operations through the efficient use of information technology. The department is divided into five units that are organized around the unique needs of a community ...,,,,,,
01Synergyhttps://hackernoon.com/company/01synergy2023-04-21 06:23:00https://www.computerweekly.com/blog/Write-side-up-by-Freeform-Dynamics/Manage-services-not-systemsThe key to future IT success is the switch to managing services not systemshttps://firebasestorage.googleapis.com/v0/b/hackernoon-app.appspot.com/o/images%2Fimageedit_25_7084755369.gif?alt=media&token=ca7527b0-a214-46d4-af72-1062b3df1458Put together all this enables IT to flex systems to ensure that users be they internal external or other computer systems get the quality of service they need most notably in terms of responsiveness.,,,,,,
01Synergyhttps://hackernoon.com/company/01synergy2023-10-19 04:14:00https://electricenergyonline.com/article/energy/category/t-d/56/1046104/e-isac-vendor-affiliate-program-marks-one-year-of-strengthening-our-grid-s-defense.htmlE-ISAC Vendor Affiliate Program Marks One Year of Strengthening Our Grid's Defensehttps://firebasestorage.googleapis.com/v0/b/hackernoon-app.appspot.com/o/images%2Fimageedit_25_7084755369.gif?alt=media&token=ca7527b0-a214-46d4-af72-1062b3df1458One year ago the Electricity Information Sharing and Analysis Center (E-ISAC) launched its Vendor Affiliate Program to address the ongoing cyber attacks and supply chain compromises on the North Amer.,,,,,,
01Synergyhttps://hackernoon.com/company/01synergy2023-05-25 15:30:00https://www.law.com/2023/05/25/why-law-firms-should-be-using-siem-logs-to-manage-data-security-threats/Why Law Firms Should Be Using SIEM Logs to Manage Data Security Threatshttps://firebasestorage.googleapis.com/v0/b/hackernoon-app.appspot.com/o/images%2Fimageedit_25_7084755369.gif?alt=media&token=ca7527b0-a214-46d4-af72-1062b3df1458To effectively safeguard their data and networks law firms need to deploy advanced security tools that can help detect and respond to threats in real time. One such tool is security information and event management (SIEM) software.,,,,,,
01Synergyhttps://hackernoon.com/company/01synergy2023-08-09 22:08:00https://markets.businessinsider.com/news/stocks/solutionreach-appoints-ken-ernsting-as-chief-executive-officer-1032536496Solutionreach Appoints Ken Ernsting as Chief Executive Officerhttps://firebasestorage.googleapis.com/v0/b/hackernoon-app.appspot.com/o/images%2Fimageedit_25_7084755369.gif?alt=media&token=ca7527b0-a214-46d4-af72-1062b3df1458Experienced healthcare technology industry veteran to lead Solutionreach through the company''s next phase of growthLEHI Utah Aug. 9 2023,,,,,,
01Synergyhttps://hackernoon.com/company/01synergy2023-08-09 14:19:00https://it.tmcnet.com/news/2023/08/09/9861771.htmService Provider Router Market to Total $77 Billion over the Next Five Years According to Dell''Oro Grouphttps://firebasestorage.googleapis.com/v0/b/hackernoon-app.appspot.com/o/images%2Fimageedit_25_7084755369.gif?alt=media&token=ca7527b0-a214-46d4-af72-1062b3df1458According to a recently published report by Dell''Oro Group the trusted source for market information about the telecommunications security networks and data center industries the cumulative revenues spent on Service Provider (SP) Router and Switch equipment are projected to approach $77 billion over the next five years.,,,,,,
01Synergyhttps://hackernoon.com/company/01synergy2023-03-13 10:25:00https://www.tmcnet.com/usubmit/-key-partnership-boosts-opensynergys-blue-sdk-/2023/03/13/9775385.htmKey partnership boosts OpenSynergy's Blue SDKhttps://firebasestorage.googleapis.com/v0/b/hackernoon-app.appspot.com/o/images%2Fimageedit_25_7084755369.gif?alt=media&token=ca7527b0-a214-46d4-af72-1062b3df1458OpenSynergy a software company specializing in embedded automotive systems has appointed Knowit a leading Swedish consultancy firm as the distributor for Blue SDK with primary markets of US and Europe.,,,,,,
01Synergyhttps://hackernoon.com/company/01synergy2023-02-28 23:44:00https://www.lsureveille.com/news/no-evidence-to-suggest-lsu-internet-outages-caused-by-cyberattack-according-to-technology-services/article_a8187d02-b7aa-11ed-b842-f798601ca2d7.htmlNo evidence to suggest LSU internet outages caused by cyberattack according to technology serviceshttps://firebasestorage.googleapis.com/v0/b/hackernoon-app.appspot.com/o/images%2Fimageedit_25_7084755369.gif?alt=media&token=ca7527b0-a214-46d4-af72-1062b3df1458There''s no evidence to suggest the internet outages across LSU''s campus Monday and Tuesday were caused by a cybersecurity incident according to an email from LSU Information Technology Services. The sudden outages caused disruptions to classes and exams ...,,,,,,
01Synergyhttps://hackernoon.com/company/01synergy2023-02-28 16:17:00https://www.information-age.com/kubernetes-vs-docker-pros-and-cons-123501812/Kubernetes vs Docker – pros and conshttps://firebasestorage.googleapis.com/v0/b/hackernoon-app.appspot.com/o/images%2Fimageedit_25_7084755369.gif?alt=media&token=ca7527b0-a214-46d4-af72-1062b3df1458And if anything Kubernetes has greatly improved software and services development when using Docker or any other containers technology. ‘87% of organisations plan to deploy Kubernetes in mission-critical environments over the next three years’ Easy ...,,,,,,
01Synergyhttps://hackernoon.com/company/01synergy2023-03-16 21:48:00https://www.commercialintegrator.com/markets/education/extron-av-control-system-helps-syracuse-university-auditorium-convert-to-multifunctional-space/Extron AV Control System Helps Syracuse University Auditorium Convert to Multifunctional Spacehttps://www.bing.com/th?id=OVFT._qK9FkbEscc80RPOobv38y&pid=NewsAn Extron AV control system allows Syracuse University to transform its classroom-style lecture hall into a multifunctional space.,,,,,,
01Synergyhttps://hackernoon.com/company/01synergy2023-03-15 17:35:00https://www.tmcnet.com/usubmit/-systems-solution-inc-opens-new-company-headquarters-depot-/2023/03/15/9777681.htmSystems Solution Inc. Opens New Company Headquarters and Depot Services in Wayne PA.https://www.bing.com/th?id=OVFT.bpNnhHMAy7KOQ6_A-UrWBi&pid=NewsSystems Solution Inc. (SSI) a leading provider of IT solutions and consulting for business today announced that they are opening their new office in Wayne PA. After almost three decades in their King of Prussia headquarters,,,,,,
01Synergyhttps://hackernoon.com/company/01synergy2023-04-13 10:48:00https://www.bloomberg.com/news/articles/2023-04-13/infosys-sales-outlook-disappoints-after-slowdown-fears-mountInfosys Sales Outlook Disappoints After Slowdown Fears Mounthttps://www.bing.com/th?id=OVFT.bOuCavktPMfVfe-wsP5WOC&pid=NewsInfosys Ltd. forecast sales that lagged estimates underscoring how clients are tightening IT budgets to weather an economic slowdown.,,,,,,
01Synergyhttps://hackernoon.com/company/01synergy2023-02-28 10:53:00https://www.dqindia.com/national-science-day-2023-pertinence-of-science-and-technology-in-21st-century/National Science Day 2023: Pertinence of science and technology in 21st centuryhttps://firebasestorage.googleapis.com/v0/b/hackernoon-app.appspot.com/o/images%2Fimageedit_25_7084755369.gif?alt=media&token=ca7527b0-a214-46d4-af72-1062b3df1458India has been a global leader in the field of science and technology and represents a bright future to the world in this field. We are making rapid progress in the fields of space exploration information ... tutoring services and e-learning materials ...,,,,,,
01Synergyhttps://hackernoon.com/company/01synergy2023-03-15 18:36:00https://communicateonline.me/category/industry-insights/post-details/scale-synergy--sustainability-the-3s-that-tech-driven-businesses-should-prioritize-todayScale Synergy & Sustainability: The 3S that Tech-Driven Businesses Should Prioritize Todayhttps://www.bing.com/th?id=OVFT.N1on7ObXJGMD7nfVllUKAy&pid=NewsConcurrently buoyed by post-COVID economic activities pent-up demand and retail and travel spending tech-driven businesses shifted gears and pivoted to a different growth trajectory. At this juncture,,,,,,
01Synergyhttps://hackernoon.com/company/01synergy2023-03-29 00:19:00https://www.marketwatch.com/press-release/big-data-technology-services-market-r-and-d-till-2030-2023-03-28Big Data Technology & Services Market [ R and D ] till 2030https://firebasestorage.googleapis.com/v0/b/hackernoon-app.appspot.com/o/images%2Fimageedit_25_7084755369.gif?alt=media&token=ca7527b0-a214-46d4-af72-1062b3df1458Mar 28 2023 (The Expresswire) -- “Big Data Technology and Services Market” Are a Collection of Information and Analysis Obtained From Diverse Sources to Aid Businesses in Comprehending the ...,,,,,,
01Synergyhttps://hackernoon.com/company/01synergy2023-02-18 12:00:00https://www.cnbc.com/2023/02/18/synchron-backed-by-bezos-and-gates-tests-brain-computer-interface.htmlBrain implant startup backed by Bezos and Gates is testing mind-controlled computing on humanshttps://www.bing.com/th?id=OVFT.Br1aySDomuUG6gT7UcT_MS&pid=NewsSynchron's BCI is implanted through the blood vessels and allows patients to operate technology using only their minds.,,,,,,
01Synergyhttps://hackernoon.com/company/01synergy2023-02-15 13:30:00https://www.nextgov.com/emerging-tech/2023/01/video-game-technology-tapped-medically-train-astronauts-future-moon-and-mars-missions/382303/Video Game Technology Tapped to Medically Train Astronauts for Future Moon and Mars Missionshttps://firebasestorage.googleapis.com/v0/b/hackernoon-app.appspot.com/o/images%2Fimageedit_25_7084755369.gif?alt=media&token=ca7527b0-a214-46d4-af72-1062b3df1458The award was won by a company called Level Ex which uses video game technology to serve the ... we store cookies on your browser to collect information. The information collected might relate ...,,,,,,
01Synergyhttps://hackernoon.com/company/01synergy2023-03-28 14:25:00https://venturebeat.com/business/sarna-receives-funding-from-simplex-ventures-motivate-ventures-and-wedbush-to-disrupt-digital-brokerage-space/Sarna Receives Funding from Simplex Ventures Motivate Ventures and Wedbush to Disrupt Digital Brokerage Spacehttps://firebasestorage.googleapis.com/v0/b/hackernoon-app.appspot.com/o/images%2Fimageedit_25_7084755369.gif?alt=media&token=ca7527b0-a214-46d4-af72-1062b3df1458“The importance of finding investors with an understanding and history of success with investments in financial technology and services cannot be overstated. We are looking forward to working ...,,,,,,
01Synergyhttps://hackernoon.com/company/01synergy2023-02-08 12:23:00https://www.arabianbusiness.com/industries/technology/dewa-to-add-chatgpt-technology-to-customer-servicesDEWA to add ChatGPT technology to customer serviceshttps://firebasestorage.googleapis.com/v0/b/hackernoon-app.appspot.com/o/images%2Fimageedit_25_7084755369.gif?alt=media&token=ca7527b0-a214-46d4-af72-1062b3df1458DEWA will introduce ChatGPT technology to its customer service channels DEWA will add ChatGPT technology to its services in a world-first for a utility company. Saeed Mohammed Al Tayer CEO of Dubai Electricity and Water Authority (DEWA) announced that ...,,,,,,
01Synergyhttps://hackernoon.com/company/01synergy2023-08-29 07:09:00https://indianexpress.com/article/technology/tech-news-technology/new-zealand-plans-digital-services-tax-for-multinationals-from-2025-8914318/New Zealand plans digital services tax for multinationals from 2025https://firebasestorage.googleapis.com/v0/b/hackernoon-app.appspot.com/o/images%2Fimageedit_25_7084755369.gif?alt=media&token=ca7527b0-a214-46d4-af72-1062b3df1458New Zealand said on Tuesday it would introduce legislation for a digital services tax on large multinational companies from 2025 after talks for a global rollout did not reach consensus at the Organization for Economic Cooperation and Development (OECD).,,,,,,
"01Synergyhttps://hackernoon.com/company/01synergy2023-08-30 14:35:00https://www.finanznachrichten.de/nachrichten-2023-08/59982348-converge-technology-solutions-corp-converge-launches-coffee-and-converge-to-showcase-depth-of-its-solutions-and-services-008.htmConverge Technology Solutions Corp.: Converge launches '""Coffee and Converge'"" to showcase depth of its solutions and serviceshttps://firebasestorage.googleapis.com/v0/b/hackernoon-app.appspot.com/o/images%2Fimageedit_25_7084755369.gif?alt=media&token=ca7527b0-a214-46d4-af72-1062b3df1458Showcasing how customers across financial services ... the unique business and technology requirements for all clients in the public and private sectors. For more information visit convergetp.com.",,,,,,
01Synergyhttps://hackernoon.com/company/01synergy2023-06-21 17:08:00https://phys.org/news/2023-06-sensor-chip-advances-rapid-cost-effective.htmlNew sensor chip advances rapid cost-effective disease diagnosticshttps://www.bing.com/th?id=OVFT.bTeJ-Qbh-TAatAJ78hfa5y&pid=NewsTexas A&M AgriLife Research scientists and collaborators at Iowa State University have developed a sensor chip that can detect many disease pathogens with 10 times the sensitivity of currently available methods.,,,,,,
01Synergyhttps://hackernoon.com/company/01synergy2023-02-13 22:55:00https://www.nytimes.com/2023/02/13/technology/technology-spending-resilient.htmlBeyond Silicon Valley Spending on Technology Is Resilienthttps://firebasestorage.googleapis.com/v0/b/hackernoon-app.appspot.com/o/images%2Fimageedit_25_7084755369.gif?alt=media&token=ca7527b0-a214-46d4-af72-1062b3df1458At Elevance Health a big insurer and health services provider the ever-larger role of information technology is apparent. Eighty percent of the communication contacts with the more than 45 ...,,,,,,
01Synergyhttps://hackernoon.com/company/01synergy2023-08-10 16:23:00https://www.dbta.com/Editorial/News-Flashes/Syxsense-Brings-Natural-Language-Processing-to-Endpoint-Management-and-Security-Automation-with-Cortex-Copilot-160012.aspxSyxsense Brings Natural Language Processing to Endpoint Management and Security Automation with Cortex Copilothttps://firebasestorage.googleapis.com/v0/b/hackernoon-app.appspot.com/o/images%2Fimageedit_25_7084755369.gif?alt=media&token=ca7527b0-a214-46d4-af72-1062b3df1458Syxsense a provider of unified security and endpoint management (USEM) solutions is releasing Cortex Copilot a new AI engine that allows IT and security administrators to simplify and speed up the process of creating endpoint management and security workflow automation.,,,,,,
01Synergyhttps://hackernoon.com/company/01synergy2023-02-09 01:23:00https://www.computerweekly.com/news/365530259/UK-government-sets-up-dedicated-department-for-science-and-technologyUK government sets up dedicated department for science and technologyhttps://firebasestorage.googleapis.com/v0/b/hackernoon-app.appspot.com/o/images%2Fimageedit_25_7084755369.gif?alt=media&token=ca7527b0-a214-46d4-af72-1062b3df1458“A dedicated Department for Science Innovation and Technology will drive the innovation that will deliver improved public services create new and better-paid jobs and grow the economy” said ...,,,,,,
01Synergyhttps://hackernoon.com/company/01synergy2023-02-08 11:22:00https://www.zawya.com/en/press-release/companies-news/dewa-is-the-first-utility-in-the-world-to-enrich-its-services-with-chatgpt-technology-hrpzmq9fDEWA is the first utility in the world to enrich its services with ChatGPT technologyhttps://firebasestorage.googleapis.com/v0/b/hackernoon-app.appspot.com/o/images%2Fimageedit_25_7084755369.gif?alt=media&token=ca7527b0-a214-46d4-af72-1062b3df1458Dubai UAE: HE Saeed Mohammed Al Tayer MD & CEO of Dubai Electricity and Water Authority (DEWA) announced that DEWA is working to enrich its services with ChatGPT technology supported ... agree that your use of the information within this article is ...,,,,,,
01Synergyhttps://hackernoon.com/company/01synergy2023-08-31 03:34:00https://economictimes.indiatimes.com/lt-technology-services-ltd/stocksupdate/companyid-64987.cmsL&T Technology Services Announcement under Regulation 30 (LODR)-Newspaper Publicationhttps://firebasestorage.googleapis.com/v0/b/hackernoon-app.appspot.com/o/images%2Fimageedit_25_7084755369.gif?alt=media&token=ca7527b0-a214-46d4-af72-1062b3df14585 Incremental borrowing done in FY (T)(a) 0.00 6 Mandatory borrowing to be done through debt securities in FY (T) (b) = (25% of a) 0.00 7 Actual borrowing done through debt securities in FY (T)(c) 0.00 8 Shortfall in the borrowing through debt securities ...,,,,,,
01Synergyhttps://hackernoon.com/company/01synergy2023-06-19 11:15:00https://www.tmcnet.com/usubmit/-self-service-supermarket-sensor-market-reach-107-billion-/2023/06/19/9834746.htmSelf Service Supermarket Sensor Market to Reach $10.7 Billion Globally by 2032 at 12.6% CAGR: Allied Market Researchhttps://www.bing.com/th?id=OVFT.UmHxl88r5Wiooeh4A3QyKC&pid=NewsAn increase in the demand for quality customer experience in supermarkets is the factor expected to drive the growth of the global self service supermarket sensor market in the forecast period from 2023 to 2032.,,,,,,
01Synergyhttps://hackernoon.com/company/01synergy2023-06-21 13:45:00https://technews.tmcnet.com/news/2023/06/21/9836800.htmSinch takes customer messaging to the next level with AI-powered Smart Conversations for Conversation APIhttps://firebasestorage.googleapis.com/v0/b/hackernoon-app.appspot.com/o/images%2Fimageedit_25_7084755369.gif?alt=media&token=ca7527b0-a214-46d4-af72-1062b3df1458With the increasing demand from vertical sectors such as retail and financial services for valuable insights time-saving solutions cost reduction and personalized interactions Sinch recognized the requirement for an AI-powered tool.,,,,,,
01Synergyhttps://hackernoon.com/company/01synergy2023-04-12 14:44:00https://www.timesnownews.com/technology-science/this-company-is-combining-logistics-with-technology-to-bring-seamless-services-to-its-customers-aims-to-target-rs-350-crore-in-revenue-this-year-article-99409274We sit down with Aakanksha Bhargava CEO PM Relocations Pvt. Ltd.https://firebasestorage.googleapis.com/v0/b/hackernoon-app.appspot.com/o/images%2Fimageedit_25_7084755369.gif?alt=media&token=ca7527b0-a214-46d4-af72-1062b3df1458What services as ... their Customer’s Information Safe This year our focus is more towards developing and growing the B2C segment of the business via generating online leads. With the changing times and inclination towards technology we are now trying ...,,,,,,
01Synergyhttps://hackernoon.com/company/01synergy2023-09-12 16:52:00https://www.jagranjosh.com/articles/cbse-class-12-information-technology-syllabus-2023-24-pdf-download-1693760943-1CBSE Class 12 Information Technology Syllabus 2023-24: Download Class 12th Information Technology Syllabus PDFhttps://firebasestorage.googleapis.com/v0/b/hackernoon-app.appspot.com/o/images%2Fimageedit_25_7084755369.gif?alt=media&token=ca7527b0-a214-46d4-af72-1062b3df1458Skills can be downloaded from the CBSE website.,,,,,,
01Synergyhttps://hackernoon.com/company/01synergy2023-06-19 11:25:00https://www.devdiscourse.com/article/business/2493582-retail-tech-leader-ginesys-unveils-real-time-synchronization-between-its-erp-and-desktop-posRetail Tech Leader Ginesys Unveils Real-Time Synchronization between its ERP and Desktop POShttps://www.bing.com/th?id=OVFT.mcfBBPmCukMtNj-_nVnW0S&pid=NewsGinesys a leading technology solutions provider for retail businesses has announced the launch of ''Live Sync'' a new feature that enables real-time two-way data synchronization with its ERP solution.,,,,,,
01Synergyhttps://hackernoon.com/company/01synergy2023-04-11 05:27:00https://www.bloomberg.com/news/articles/2023-04-11/china-to-mandate-security-reviews-for-new-chatgpt-like-servicesChina Mandates Security Reviews for AI Services Like ChatGPThttps://firebasestorage.googleapis.com/v0/b/hackernoon-app.appspot.com/o/images%2Fimageedit_25_7084755369.gif?alt=media&token=ca7527b0-a214-46d4-af72-1062b3df1458China plans to require a security review of generative AI services before they’re allowed to operate casting uncertainty over ChatGPT-like bots unveiled by the country’s largest tech ...,,,,,,
01Synergyhttps://hackernoon.com/company/01synergy2023-04-09 05:33:00https://indianexpress.com/article/technology/tech-news-technology/apple-reportedly-plans-to-cut-out-key-services-on-iphones-with-old-software-8546618/Apple reportedly plans to cut out key services on iPhones running older softwarehttps://firebasestorage.googleapis.com/v0/b/hackernoon-app.appspot.com/o/images%2Fimageedit_25_7084755369.gif?alt=media&token=ca7527b0-a214-46d4-af72-1062b3df1458In the consumer tech world Apple is known for offering extended software support for its devices to keep them secure where most Apple devices will get at least five years of major OS updates from the launch date. While most users promptly install ...,,,,,,
01Synergyhttps://hackernoon.com/company/01synergy2023-08-28 00:01:00https://phys.org/tags/information+technology/News tagged with information technologyhttps://firebasestorage.googleapis.com/v0/b/hackernoon-app.appspot.com/o/images%2Fimageedit_25_7084755369.gif?alt=media&token=ca7527b0-a214-46d4-af72-1062b3df1458A new study at BESSY II analyzes the formation of skyrmions in ferrimagnetic thin films of dysprosium and cobalt in real time and with high spatial resolution. This is an important step towards ...,,,,,,
01Synergyhttps://hackernoon.com/company/01synergy2023-06-15 07:07:00https://www.thisdaylive.com/index.php/2023/06/01/ncs-decries-low-adoption-of-information-technology-in-nigeria-calls-for-reformsNCS Decries Low Adoption of Information Technology in Nigeria Calls for Reformshttps://firebasestorage.googleapis.com/v0/b/hackernoon-app.appspot.com/o/images%2Fimageedit_25_7084755369.gif?alt=media&token=ca7527b0-a214-46d4-af72-1062b3df1458The Nigeria Computer Society (NCS) the umbrella body for all Information Technology (IT) professionals in Nigeria has raised the concern about low adoption of IT in Nigeria especially in the ...,,,,,,
01Synergyhttps://hackernoon.com/company/01synergy2023-06-06 00:00:00https://www.uswitch.com/gas-electricity/guides/priority-services-register/Priority Services Register for vulnerable energy customershttps://firebasestorage.googleapis.com/v0/b/hackernoon-app.appspot.com/o/images%2Fimageedit_25_7084755369.gif?alt=media&token=ca7527b0-a214-46d4-af72-1062b3df1458What is the Priority Services Register ... We’ve collected information from some of the bigger suppliers so you can get an idea what your supplier might offer to you.,,,,,,
01Synergyhttps://hackernoon.com/company/01synergy2023-06-22 12:17:00https://technews.tmcnet.com/news/2023/06/22/9837463.htmVersus Systems Launches New Self-Service AI-Powered Rewarded Advertising Platformhttps://firebasestorage.googleapis.com/v0/b/hackernoon-app.appspot.com/o/images%2Fimageedit_25_7084755369.gif?alt=media&token=ca7527b0-a214-46d4-af72-1062b3df1458Accordingly readers should not place undue reliance on forward-looking statements and information. There can be no assurance that forward-looking information or the material factors or assumptions used to develop such forward-looking information ...,,,,,,
01Synergyhttps://hackernoon.com/company/01synergy2023-06-17 00:15:00https://healthtechmagazine.net/article/2023/06/3-technology-solutions-and-services-optimize-care3 Technology Solutions and Services to Optimize Carehttps://firebasestorage.googleapis.com/v0/b/hackernoon-app.appspot.com/o/images%2Fimageedit_25_7084755369.gif?alt=media&token=ca7527b0-a214-46d4-af72-1062b3df1458Mike Larsen is an accomplished information ... is the chief technology officer for CDW Healthcare. He helps to provide guidance to customers around CDW capabilities and service offerings the creation of new solutions and services customized for ...,,,,,,
01Synergyhttps://hackernoon.com/company/01synergy2023-04-11 06:57:00https://www.devdiscourse.com/article/technology/2412115-several-apple-services-down-for-some-users---downdetectorSeveral Apple services down for some users - Downdetectorhttps://firebasestorage.googleapis.com/v0/b/hackernoon-app.appspot.com/o/images%2Fimageedit_25_7084755369.gif?alt=media&token=ca7527b0-a214-46d4-af72-1062b3df1458Several Apple Inc services including Apple Music the support service and Apple store were down for thousands of users on late Monday according to outage tracking website Downdetector.com. More than 3300 users reported issues with accessing Apple Music ...,,,,,,
01Synergyhttps://hackernoon.com/company/01synergy2023-10-15 20:24:00https://www.bloomberg.com/news/articles/2023-10-15/tcs-seeks-to-use-microsoft-ai-partnership-to-improve-marginsTCS Seeks to Use Microsoft AI Partnership to Improve Marginshttps://firebasestorage.googleapis.com/v0/b/hackernoon-app.appspot.com/o/images%2Fimageedit_25_7084755369.gif?alt=media&token=ca7527b0-a214-46d4-af72-1062b3df1458Tata Consultancy Services Ltd is betting on its partnership with Microsoft Corp to develop artificial intelligence-based software services for clients seeking to win higher margins to fuel growth.,,,,,,
01Synergyhttps://hackernoon.com/company/01synergy2023-02-17 10:11:00https://www.law.com/corpcounsel/2023/02/15/law-lags-technology-as-delivery-drone-services-take-flight/Law Lags Technology as Delivery-Drone Services Take Flighthttps://firebasestorage.googleapis.com/v0/b/hackernoon-app.appspot.com/o/images%2Fimageedit_25_7084755369.gif?alt=media&token=ca7527b0-a214-46d4-af72-1062b3df1458Amazon and other tech companies are chomping at the bit to use drones for delivery and other services ... According to a Feb. 1 story in The Information the Federal Aviation Administration ...,,,,,,
01Synergyhttps://hackernoon.com/company/01synergy2023-01-10 19:21:00https://www.hawaiibusiness.com/industry-outlook-information-technology/Information Technology Outlook feat. Hawaiian Telcomhttps://firebasestorage.googleapis.com/v0/b/hackernoon-app.appspot.com/o/images%2Fimageedit_25_7084755369.gif?alt=media&token=ca7527b0-a214-46d4-af72-1062b3df1458With our expanded range of services and ... our customers’ IT and technology needs so that they can focus on running their businesses. Mahalo to this year's Industry Outlook partners for providing our readers with useful information in their respective ...,,,,,,
01Synergyhttps://hackernoon.com/company/01synergy2023-01-04 00:00:00https://www.investopedia.com/terms/i/information-management-technology-imt.aspInformation Management Technology (IMT) Overview Careershttps://firebasestorage.googleapis.com/v0/b/hackernoon-app.appspot.com/o/images%2Fimageedit_25_7084755369.gif?alt=media&token=ca7527b0-a214-46d4-af72-1062b3df1458developers occupy one of the most common roles in information technology creating the applications and services used by a company''s employees or consumers. They may also be responsible for ...,,,,,,
01Synergyhttps://hackernoon.com/company/01synergy2023-05-08 22:31:00https://www.businesswire.com/news/home/20230508005486/en/Information-Services-Group-Announces-First-Quarter-2023-ResultsInformation Services Group Announces First-Quarter 2023 Resultshttps://firebasestorage.googleapis.com/v0/b/hackernoon-app.appspot.com/o/images%2Fimageedit_25_7084755369.gif?alt=media&token=ca7527b0-a214-46d4-af72-1062b3df1458STAMFORD Conn.--(BUSINESS WIRE)--Information Services Group (ISG) (Nasdaq: III) a leading global technology research and advisory firm today announced financial results including record ...,,,,,,
01Synergyhttps://hackernoon.com/company/01synergy2023-06-01 09:09:00https://technews.tmcnet.com/news/2023/06/01/9824351.htmSlenergy Launches iShare-Home Residential Energy Solution in Munichhttps://www.bing.com/th?id=OVFT.4r69jd_fVoi8x-9heH92Gi&pid=NewsOn May 31 Slenergy hosted a remarkable brand and new product release ceremony in Munich Germany. During the event Slenergy officially introduced its innovative residential energy solution iShare-Home,,,,,,
01Synergyhttps://hackernoon.com/company/01synergy2023-07-08 06:02:00https://www.waketech.edu/programs-courses/credit/credit-programs/human-services-technology/degrees-programs/a4538cHuman Services Technology: Mental Health AAShttps://firebasestorage.googleapis.com/v0/b/hackernoon-app.appspot.com/o/images%2Fimageedit_25_7084755369.gif?alt=media&token=ca7527b0-a214-46d4-af72-1062b3df1458The Human Services Technology/Mental Health concentration prepares students for job opportunities in the mental health field. The curriculum enables students to understand culturally and emotionally handicapped developmentally disabled or addicted clients ...,,,,,,
01Synergyhttps://hackernoon.com/company/01synergy2023-06-15 07:07:00https://www.thisdaylive.com/index.php/2023/06/01/ncs-decries-low-adoption-of-information-technology-in-nigeria-calls-for-reformsNCS Decries Low Adoption of Information Technology in Nigeria Calls for Reformshttps://firebasestorage.googleapis.com/v0/b/hackernoon-app.appspot.com/o/images%2Fimageedit_25_7084755369.gif?alt=media&token=ca7527b0-a214-46d4-af72-1062b3df1458The Nigeria Computer Society (NCS) the umbrella body for all Information Technology (IT) professionals in Nigeria has raised the concern about low adoption of IT in Nigeria especially in the ...,,,,,,
01Synergyhttps://hackernoon.com/company/01synergy2023-06-09 09:06:00https://www.insidermonkey.com/blog/top-20-information-technology-countries-in-the-world-1147235/Top 20 Information Technology Countries in the Worldhttps://firebasestorage.googleapis.com/v0/b/hackernoon-app.appspot.com/o/images%2Fimageedit_25_7084755369.gif?alt=media&token=ca7527b0-a214-46d4-af72-1062b3df1458In this article we will discuss the top 20 information technology ... such as developing technology parks promoting e-government services and training young people in ICT skills.,,,,,,
"01Synergyhttps://hackernoon.com/company/01synergy2023-02-23 17:46:00https://www.bakersfield.com/ap/news/get-ready-for-the-future-of-mobile-medical-imaging-modular-devices-acquires-interim-diagnostic-imaging/article_e44b32a7-d1d1-5fa7-9b33-10381b26481b.htmlGet Ready for the Future of Mobile Medical Imaging: Modular Devices Acquires Interim Diagnostic Imaging!https://firebasestorage.googleapis.com/v0/b/hackernoon-app.appspot.com/o/images%2Fimageedit_25_7084755369.gif?alt=media&token=ca7527b0-a214-46d4-af72-1062b3df1458President of Interim Diagnostic Imaging Lynn Behrns couldn''t be more thrilled about the partnership: '""We look forward to combining forces with Modular Devices to become one of the country''s largest lessors of medical imaging suites.",,,,,,
01Synergy,https://hackernoon.com/company/01synergy,2023-02-23 16:34:00,https://autosphere.ca/collision/2023/02/23/sym-tech-dealer-services-acquires-ssq-dealer-services-from-beneva/,Sym-Tech Dealer Services Acquires SSQ Dealer Services From Beneva,https://firebasestorage.googleapis.com/v0/b/hackernoon-app.appspot.com/o/images%2Fimageedit_25_7084755369.gif?alt=media&token=ca7527b0-a214-46d4-af72-1062b3df1458&auto=format&fit=max&w=3840,Sym-Tech Dealer Services (Sym-Tech) a subsidiary of Amynta Group has completed the previously announced acquisition of SSQ Dealer Services from Beneva Group (Beneva). “We are excited to close the acquisition of SSQ Dealer Services
01Synergy,https://hackernoon.com/company/01synergy,2023-10-18 15:27:00,https://economictimes.indiatimes.com/markets/stocks/recos/buy-lampt-technology-services-target-price-rs-5210-motilal-oswal/articleshow/104513690.cms,Buy L&T Technology Services target price Rs 5210: Motilal Oswal,https://firebasestorage.googleapis.com/v0/b/hackernoon-app.appspot.com/o/images%2Fimageedit_25_7084755369.gif?alt=media&token=ca7527b0-a214-46d4-af72-1062b3df1458,Coal India Ltd305.25-1.62% M&M1506.10-4.01% Adani Ports SEZ770.350.16% Vedanta 212.25-2.09% Coal India Ltd305.25-1.62% Sanofi India7325.40-1.97% Castrol India135.25-0.98% Chennai Petro521.80-2.36% GE Shipping798.75-2.54% Trending in Markets
01Synergy,https://hackernoon.com/company/01synergy,2023-10-20 09:35:00,https://www.uticaod.com/story/news/education/campus/2023/10/20/suny-poly-introduces-food-delivery-by-robot/71237901007/,Robotic food delivery now possible at SUNY Poly,https://firebasestorage.googleapis.com/v0/b/hackernoon-app.appspot.com/o/images%2Fimageedit_25_7084755369.gif?alt=media&token=ca7527b0-a214-46d4-af72-1062b3df1458&auto=format&fit=max&w=3840,This was the first launch to bring robotic food services to a student population of less than 5000. With the advent of artificial intelligence (AI) as a tool there’s heightened interest around new ways technology can be used as a means for social good.
01Synergy,https://hackernoon.com/company/01synergy,2023-06-12 12:40:00,https://technews.tmcnet.com/news/2023/06/12/9830476.htm,Odysight.ai to Showcase its Innovative Video Based Sensor for Transformative Insights at the 2023 International Paris Air Show,https://firebasestorage.googleapis.com/v0/b/hackernoon-app.appspot.com/o/images%2Fimageedit_25_7084755369.gif?alt=media&token=ca7527b0-a214-46d4-af72-1062b3df1458,At the Odysight.ai booth attendees will have the opportunity to witness the installation of the Company''s visual sensing and video analytics-based predictive maintenance technology. This innovative solution is of paramount importance for operators of aviation system platforms and is already being utilized by a diverse range of aerospace and unmanned aerial vehicle (UAV) companies.
01Synergy,https://hackernoon.com/company/01synergy,2023-06-12 11:59:00,https://www.benzinga.com/pressreleases/23/06/g32813317/applied-digital-announces-successful-integrated-systems-test-at-jamestown-north-dakota-facility-fo,Applied Digital Announces Successful Integrated Systems Test at Jamestown North Dakota Facility for HPC Deployment,https://firebasestorage.googleapis.com/v0/b/hackernoon-app.appspot.com/o/images%2Fimageedit_25_7084755369.gif?alt=media&token=ca7527b0-a214-46d4-af72-1062b3df1458,"Applied Digital Corporation (NASDAQ:APLD) ('""Applied Digital '"" or the '""Company'"") a designer builder and operator of next-generation digital infrastructure that"
01Synergy,https://hackernoon.com/company/01synergy,2023-07-27 23:55:00,https://www.vic.gov.au/freedom-information-part-ii-statement-department-government-services,Freedom of Information Part II Statements - Department of Government Services,https://firebasestorage.googleapis.com/v0/b/hackernoon-app.appspot.com/o/images%2Fimageedit_25_7084755369.gif?alt=media&token=ca7527b0-a214-46d4-af72-1062b3df1458,The Department of Government Services (Department) is a Victorian Government department ... It makes available the foundational technology and digital platforms capability implements policies and undertakes projects which address the opportunities and ...
01Synergy,https://hackernoon.com/company/01synergy,2023-10-13 10:56:00,https://www.reuters.com/technology/waning-demand-it-services-hits-hiring-indian-tech-majors-2023-10-13/,Waning demand for IT services hits hiring at Indian tech majors,https://firebasestorage.googleapis.com/v0/b/hackernoon-app.appspot.com/o/images%2Fimageedit_25_7084755369.gif?alt=media&token=ca7527b0-a214-46d4-af72-1062b3df1458,BENGALURU Oct 13 (Reuters) - India''s top IT service providers are going slow on hiring as clients cut back spending and defer projects due to macroeconomic challenges in a U-turn from the ...
01Synergy,https://hackernoon.com/company/01synergy,2023-06-12 13:02:00,https://multichannelmerchant.com/press-releases/synchrony-and-the-container-store-extend-consumer-financing-partnership/,Synchrony and The Container Store Extend Consumer Financing Partnership,https://firebasestorage.googleapis.com/v0/b/hackernoon-app.appspot.com/o/images%2Fimageedit_25_7084755369.gif?alt=media&token=ca7527b0-a214-46d4-af72-1062b3df1458,Private Label Credit Card to Integrate with Mobile Checkout Capabilities STAMFORD Conn. and COPPELL Texas June 8 2023 – Synchrony (NYSE: SYF) a premier consumer financial services company and The
01Synergy,https://hackernoon.com/company/01synergy,2023-07-17 22:28:00,https://uk.finance.yahoo.com/news/stewart-information-services-corporation-announces-204500612.html,Stewart Information Services Corporation Announces Second Quarter 2023 Earnings Conference Call,https://firebasestorage.googleapis.com/v0/b/hackernoon-app.appspot.com/o/images%2Fimageedit_25_7084755369.gif?alt=media&token=ca7527b0-a214-46d4-af72-1062b3df1458,HOUSTON July 17 2023--(BUSINESS WIRE)--Stewart Information Services Corporation (NYSE: STC) announced today it will hold a conference call to discuss second quarter 2023 earnings at 8:30 a.m. Eastern Time on Thursday July 27 2023. The call will follow ...
01Synergy,https://hackernoon.com/company/01synergy,2023-01-11 09:20:00,https://www.chronicle.com/article/how-data-and-technology-can-improve-advising-and-equity,How Data and Technology Can Improve Advising and Equity,https://firebasestorage.googleapis.com/v0/b/hackernoon-app.appspot.com/o/images%2Fimageedit_25_7084755369.gif?alt=media&token=ca7527b0-a214-46d4-af72-1062b3df1458,At Georgia State University we found a solution in data and technology. By providing academic advisers with the real-time information ... advising allows these services to operate as intended.
01Synergy,https://hackernoon.com/company/01synergy,2023-05-18 02:15:00,https://guardian.ng/business-services/stanbic-ibtcs-financial-technology-subsidiary-starts-operation/,Stanbic IBTC’s financial technology subsidiary starts operation,https://firebasestorage.googleapis.com/v0/b/hackernoon-app.appspot.com/o/images%2Fimageedit_25_7084755369.gif?alt=media&token=ca7527b0-a214-46d4-af72-1062b3df1458,“It will function primarily as a payment solutions provider (PSP) focusing on developing innovative technology solutions to enhance Stanbic IBTC’s existing financial services offerings.
01Synergy,https://hackernoon.com/company/01synergy,2023-06-01 21:15:00,https://techbullion.com/problems-you-can-avoid-by-hiring-a-managed-it-service/,Problems You Can Avoid By Hiring a Managed IT Service,https://firebasestorage.googleapis.com/v0/b/hackernoon-app.appspot.com/o/images%2Fimageedit_25_7084755369.gif?alt=media&token=ca7527b0-a214-46d4-af72-1062b3df1458,Managed IT services can help optimize IT infrastructure through strategic guidance on technology usage. Whether it’s network design or system configurations these IT professionals ensure that the technology infrastructure aligns with your business ...
01Synergy,https://hackernoon.com/company/01synergy,2023-01-16 14:51:00,https://technews.tmcnet.com/news/2023/01/16/9743547.htm,Sensormatic Solutions by Johnson Controls collaborates with Zliide to reimagine self-checkout,https://firebasestorage.googleapis.com/v0/b/hackernoon-app.appspot.com/o/images%2Fimageedit_25_7084755369.gif?alt=media&token=ca7527b0-a214-46d4-af72-1062b3df1458,Sensormatic Solutions the leading global retail solutions portfolio of Johnson Controls today announced its collaboration with Zliide a technology company that seeks to bring physical stores into the next era through convenience and digitalization.
01Synergy,https://hackernoon.com/company/01synergy,2023-05-25 15:24:00,https://www.tmcnet.com/usubmit/-isg-publish-report-digital-banking-services-providers-/2023/05/25/9821370.htm,ISG to Publish Report on Digital Banking Services Providers,https://firebasestorage.googleapis.com/v0/b/hackernoon-app.appspot.com/o/images%2Fimageedit_25_7084755369.gif?alt=media&token=ca7527b0-a214-46d4-af72-1062b3df1458,Information Services Group (Nasdaq: III) a leading global technology research and advisory firm has launched a research study examining service providers helping banks evolve th
01Synergy,https://hackernoon.com/company/01synergy,2023-03-07 04:04:00,https://kstp.com/kstp-news/business-news/yoon-forced-labor-plan-crucial-for-better-ties-with-japan/,Yoon: Forced labor plan crucial for better ties with Japan,https://firebasestorage.googleapis.com/v0/b/hackernoon-app.appspot.com/o/images%2Fimageedit_25_7084755369.gif?alt=media&token=ca7527b0-a214-46d4-af72-1062b3df1458&auto=format&fit=max&w=3840,South Korean President Yoon Suk Yeol is defending his government’s contentious plan to use local funds to compensate Koreans enslaved by Japanese companies before the end of World War II. He says the plan is crucial for Seoul to build future-oriented ties with Tokyo after years in which their relations were strained by historical grievances.
01Synergy,https://hackernoon.com/company/01synergy,2023-02-16 19:32:00,https://www.mvtimes.com/2023/02/16/ssa-look-information-technology-consultant/,SSA to look for information technology consultant,https://firebasestorage.googleapis.com/v0/b/hackernoon-app.appspot.com/o/images%2Fimageedit_25_7084755369.gif?alt=media&token=ca7527b0-a214-46d4-af72-1062b3df1458,The Steamship Authority is looking for a consultant for its information technology infrastructure. — Eunki Seonwoo The Steamship Authority’s new information technology working group ...
01Synergy,https://hackernoon.com/company/01synergy,2023-05-17 06:55:00,https://indianexpress.com/article/technology/tech-news-technology/vodafone-idea-5g-launch-in-june-8613885/,Vodafone Idea could launch 5G services in India in June,https://firebasestorage.googleapis.com/v0/b/hackernoon-app.appspot.com/o/images%2Fimageedit_25_7084755369.gif?alt=media&token=ca7527b0-a214-46d4-af72-1062b3df1458,While Jio is offering standalone 5G technology (SA) Airtel has opted for non-standalone 5G technology (NSA). It is currently unclear whether Vodafone Idea will opt for SA or NSA-backed 5G technology.
01Synergy,https://hackernoon.com/company/01synergy,2023-03-09 11:53:00,https://www.technologyreview.com/2023/03/09/1069546/asia-spurs-transparency-and-digital-economy-growth/,Asia spurs transparency and digital economy growth,https://firebasestorage.googleapis.com/v0/b/hackernoon-app.appspot.com/o/images%2Fimageedit_25_7084755369.gif?alt=media&token=ca7527b0-a214-46d4-af72-1062b3df1458,As of February 2023 93% of companies in Singapore had adopted some form of digital technology ... and trustworthiness of digital products and services it aims to spur growth in the digital ...
01Synergy,https://hackernoon.com/company/01synergy,2023-04-09 07:01:00,https://www.marketwatch.com/press-release/talent-acquisition-and-staffing-technology-and-services-market-facts-and-figures-by-2031-2023-04-08,Talent Acquisition and Staffing Technology and Services Market Facts and Figures By 2031,https://firebasestorage.googleapis.com/v0/b/hackernoon-app.appspot.com/o/images%2Fimageedit_25_7084755369.gif?alt=media&token=ca7527b0-a214-46d4-af72-1062b3df1458,A variety of methodologies and analyses are used in the research to ensure accurate and comprehensive information about the Talent Acquisition and Staffing Technology and Services Market.
01Synergy,https://hackernoon.com/company/01synergy,2023-05-08 22:31:00,https://www.businesswire.com/news/home/20230508005486/en/Information-Services-Group-Announces-First-Quarter-2023-Results,Information Services Group Announces First-Quarter 2023 Results,https://firebasestorage.googleapis.com/v0/b/hackernoon-app.appspot.com/o/images%2Fimageedit_25_7084755369.gif?alt=media&token=ca7527b0-a214-46d4-af72-1062b3df1458,STAMFORD Conn.--(BUSINESS WIRE)--Information Services Group (ISG) (Nasdaq: III) a leading global technology research and advisory firm today announced financial results including record ...
01Synergy,https://hackernoon.com/company/01synergy,2023-01-05 16:17:00,https://homehealthcarenews.com/2023/01/longitudinal-care-and-technologys-role/,Longitudinal Care and Technology’s Role,https://firebasestorage.googleapis.com/v0/b/hackernoon-app.appspot.com/o/images%2Fimageedit_25_7084755369.gif?alt=media&token=ca7527b0-a214-46d4-af72-1062b3df1458,When you look at longitudinal care as a patient as a central element then the way you need to start from a technology angle and from a different base how you want to provide services you need to think of the patient to have information about the ...
01Synergy,https://hackernoon.com/company/01synergy,2023-08-09 00:38:00,https://www.annistonstar.com/news/oxford/opac-s-new-steinway-and-sons-piano-makes-its-debut/article_08e5b220-3646-11ee-9e59-ab215a28553e.html,OPAC’s new Steinway and Sons piano makes its debut,https://firebasestorage.googleapis.com/v0/b/hackernoon-app.appspot.com/o/images%2Fimageedit_25_7084755369.gif?alt=media&token=ca7527b0-a214-46d4-af72-1062b3df1458&auto=format&fit=max&w=3840,The Steinway and Sons Concert Grand Model D with Spirio-r is unique in many ways — including being built specifically for OPAC.
01Synergy,https://hackernoon.com/company/01synergy,2023-01-02 13:08:00,https://indianexpress.com/article/technology/tech-news-technology/onedrive-office-365-down-microsoft-apps-suffer-major-outage-8357105/,Microsoft services restored after a short outage,https://firebasestorage.googleapis.com/v0/b/hackernoon-app.appspot.com/o/images%2Fimageedit_25_7084755369.gif?alt=media&token=ca7527b0-a214-46d4-af72-1062b3df1458,According to Downdetector services like Azure a cloud service by Microsoft Skype Teams and Microsoft 365 are currently down and there is no information on what caused this massive outage of various Microsoft services.
01Synergy,https://hackernoon.com/company/01synergy,2023-04-05 12:34:00,https://www.msn.com/en-us/money/topstocks/service-corporation-sci-benefits-from-its-focus-on-expansion/ar-AA19v9cH,Service Corporation (SCI) Benefits From Its Focus on Expansion,https://firebasestorage.googleapis.com/v0/b/hackernoon-app.appspot.com/o/images%2Fimageedit_25_7084755369.gif?alt=media&token=ca7527b0-a214-46d4-af72-1062b3df1458,The company appears well-placed for growth due to the steady demand for its products and services. The provider of deathcare ... including increased technology infrastructure spending cemetery development spending and digital investments.
01Synergy,https://hackernoon.com/company/01synergy,2023-04-05 02:43:00,https://www.nigeriacommunicationsweek.com.ng/appknox-ced-technologies-to-host-webinar-on-how-cisos-can-build-an-api-security-program/,Appknox CED Technologies to host webinar on how CISOs can build an API security program,https://firebasestorage.googleapis.com/v0/b/hackernoon-app.appspot.com/o/images%2Fimageedit_25_7084755369.gif?alt=media&token=ca7527b0-a214-46d4-af72-1062b3df1458,Kindly share this postAppknox a plug-and-play security platform and its partner CED Technologies will on Wednesday April 26 2023 by 12 noon host a webinar on how Chief Information Security Officers (CISOs) can build an Application Programming Interface (API) security program.
01Synergy,https://hackernoon.com/company/01synergy,2022-12-09 01:01:00,https://www.adb.org/news/adb-supports-development-science-and-technology-parks-indonesia,ADB Supports Development of Science and Technology Parks in Indonesia,https://firebasestorage.googleapis.com/v0/b/hackernoon-app.appspot.com/o/images%2Fimageedit_25_7084755369.gif?alt=media&token=ca7527b0-a214-46d4-af72-1062b3df1458,The project will help the STPs focus on various disciplinary fields aligned with Indonesia’s priority economic sectors such as energy (renewal energy and storage technology) transport (electric and autonomous vehicles) information and communication ...
01Synergy,https://hackernoon.com/company/01synergy,2023-08-08 20:40:00,https://dallasinnovates.com/tyler-technologies-acquires-computing-system-innovations-bolstering-its-ai-powered-portfolio-for-the-public-sector/,Tyler Technologies Acquires Computing System Innovations Bolstering its AI-Powered Portfolio for the Public Sector,https://firebasestorage.googleapis.com/v0/b/hackernoon-app.appspot.com/o/images%2Fimageedit_25_7084755369.gif?alt=media&token=ca7527b0-a214-46d4-af72-1062b3df1458&auto=format&fit=max&w=3840,CSI known for its groundbreaking Intellidact platform delivers data automation redaction and indexing for courts and legal professionals.
01Synergy,https://hackernoon.com/company/01synergy,2023-03-30 16:10:00,https://www.england.nhs.uk/publication/three-year-delivery-plan-for-maternity-and-neonatal-services/,Three year delivery plan for maternity and neonatal services,https://firebasestorage.googleapis.com/v0/b/hackernoon-app.appspot.com/o/images%2Fimageedit_25_7084755369.gif?alt=media&token=ca7527b0-a214-46d4-af72-1062b3df1458,This includes women and families who have used or are using maternity and neonatal services members of the maternity and neonatal workforce leaders and commissioners of services NHS systems and regional teams and representatives from Royal Colleges ...
01Synergy,https://hackernoon.com/company/01synergy,2023-01-13 09:08:00,https://www.ridgecrestca.com/news/amazon-web-services-scholarship-increase-to-cccc-students-pursuing-degree-in-information-technology-and-cybersecurity/article_677b51c4-920d-11ed-87c7-cf42289eee34.html,Amazon Web Services Scholarship increase to CCCC students pursuing degree in information technology and cybersecurity,https://firebasestorage.googleapis.com/v0/b/hackernoon-app.appspot.com/o/images%2Fimageedit_25_7084755369.gif?alt=media&token=ca7527b0-a214-46d4-af72-1062b3df1458,Cerro Coso Community College in partnership with a grant from Amazon Web Services (AWS) and the Foundation for Community Colleges is excited to announce a new scholarship opportunity available for students enrolled in Information Technology or Cyber ...
01Synergy,https://hackernoon.com/company/01synergy,2023-02-23 13:02:00,https://www.sidneydailynews.com/2023/02/23/information-technology-department-has-successful-year/,Information Technology department has successful year,https://firebasestorage.googleapis.com/v0/b/hackernoon-app.appspot.com/o/images%2Fimageedit_25_7084755369.gif?alt=media&token=ca7527b0-a214-46d4-af72-1062b3df1458,services. The Information Technology team also completed the implementation of a highly advanced server and storage solution to support some of the most advanced technological solutions in the ...
01Synergy,https://hackernoon.com/company/01synergy,2023-07-31 09:03:00,https://www.msn.com/en-ae/news/other/ncsc-partakes-in-un-meetings-on-information-technology/ar-AA1eA01A,NCSC partakes in UN meetings on information technology,https://firebasestorage.googleapis.com/v0/b/hackernoon-app.appspot.com/o/images%2Fimageedit_25_7084755369.gif?alt=media&token=ca7527b0-a214-46d4-af72-1062b3df1458,took part in meetings of a working group focused on ensuring the safety and security of information and communications technology (ICT) held at the United Nations headquarters in New York from ...
01Synergy,https://hackernoon.com/company/01synergy,2023-04-24 14:55:00,https://www.cbtnews.com/is-there-a-disconnect-between-your-service-managers-and-technicians-heres-how-to-fix-it/,Is there a disconnect between your service managers and technicians? Here’s how to fix it,https://firebasestorage.googleapis.com/v0/b/hackernoon-app.appspot.com/o/images%2Fimageedit_25_7084755369.gif?alt=media&token=ca7527b0-a214-46d4-af72-1062b3df1458&auto=format&fit=max&w=3840,Getting service managers and technicians on the same page isn’t rocket science. Re-establish connections using tried-and-true methods.
01Synergy,https://hackernoon.com/company/01synergy,2023-02-12 03:55:00,https://www.shawlocal.com/kendall-county-now/news/local/2023/02/11/help-one-phone-call-away-kendall-county-211-human-services-information-hotline-goes-live/,Help one phone call away: Kendall County 211 human services information hotline goes live,https://firebasestorage.googleapis.com/v0/b/hackernoon-app.appspot.com/o/images%2Fimageedit_25_7084755369.gif?alt=media&token=ca7527b0-a214-46d4-af72-1062b3df1458,Kendall County’s 211 hotline is operational and providing residents with the information they need to access a broad range of human services. About 80 public officials police firefighters health and social service agency representatives and other ...
01Synergy,https://hackernoon.com/company/01synergy,2023-08-24 21:35:00,https://www.galvnews.com/news_ap/business/ys-biopharma-announces-purchase-of-shares-by-company-officers/article_9a0e6efc-f68c-52f0-85af-55c6ace3f447.html,YS Biopharma Announces Purchase of Shares by Company Officers,https://firebasestorage.googleapis.com/v0/b/hackernoon-app.appspot.com/o/images%2Fimageedit_25_7084755369.gif?alt=media&token=ca7527b0-a214-46d4-af72-1062b3df1458,"YS Biopharma Co. Ltd. (NASDAQ: YS) ('""YS Biopharma'"" or the '""Company'"") a global biopharmaceutical company dedicated to discovering developing manufacturing and delivering new"
01Synergy,https://hackernoon.com/company/01synergy,2023-01-12 05:16:00,https://www.marketwatch.com/press-release/condition-monitoring-and-maintenance-service-market-will-hold-the-largest-industry-share-owing-to-the-rising-market-popularity-in-global-countries-2023-01-12,Condition Monitoring and Maintenance Service Market Will Hold The Largest Industry Share Owing To The Rising Market Popularity In Global Countries,https://firebasestorage.googleapis.com/v0/b/hackernoon-app.appspot.com/o/images%2Fimageedit_25_7084755369.gif?alt=media&token=ca7527b0-a214-46d4-af72-1062b3df1458,Browse Market Size charts tables and figures extent in-depth TOC with 110 Report Pages on Condition Monitoring and Maintenance Service Market by Application ( Oil and Gas Power Generation Aerospace and Defense
01Synergy,https://hackernoon.com/company/01synergy,2023-03-31 12:21:00,https://finance.yahoo.com/news/jfrog-welcomes-seasoned-technology-security-121500607.html,JFrog Welcomes Seasoned Technology and Security Leader Aran Azarzar as Chief Information Officer,https://firebasestorage.googleapis.com/v0/b/hackernoon-app.appspot.com/o/images%2Fimageedit_25_7084755369.gif?alt=media&token=ca7527b0-a214-46d4-af72-1062b3df1458,In this role Azarzar will lead the strategy and operations for JFrog’s Information Technology organization reporting directly to co-Founder and CEO Shlomi Ben Haim. This press release ...
01Synergy,https://hackernoon.com/company/01synergy,2023-03-24 00:00:00,https://www.unesco.org/en/gender-equality/education/stem,Girls’ and women’s education in science technology engineering and mathematics (STEM),https://firebasestorage.googleapis.com/v0/b/hackernoon-app.appspot.com/o/images%2Fimageedit_25_7084755369.gif?alt=media&token=ca7527b0-a214-46d4-af72-1062b3df1458,UNESCO produced a cutting-edge global report entitled Cracking the Code: Girls’ and women’s education in science technology engineering and mathematics (STEM) mapping the status of girls and women in STEM education and identifying the factors ...
01Synergy,https://hackernoon.com/company/01synergy,2023-04-06 18:00:00,https://www.crainscleveland.com/technology/trg-acquires-symec-technologies-ltd-united-kingdom,U.K. acquisition supports TRG's international growth strategy,https://firebasestorage.googleapis.com/v0/b/hackernoon-app.appspot.com/o/images%2Fimageedit_25_7084755369.gif?alt=media&token=ca7527b0-a214-46d4-af72-1062b3df1458&auto=format&fit=max&w=3840,A Westlake-based company under the TruWest Holdings family of companies TRG is an IT services and consulting business focused on enterprise mobility points of sale and payments that has been growing steadily.
01Synergy,https://hackernoon.com/company/01synergy,2023-04-14 07:04:00,https://www.thefastmode.com/technology-solutions/31590-ey-global-services-to-join-the-ibm-quantum-network,EY Global Services to Join the IBM Quantum Network,https://firebasestorage.googleapis.com/v0/b/hackernoon-app.appspot.com/o/images%2Fimageedit_25_7084755369.gif?alt=media&token=ca7527b0-a214-46d4-af72-1062b3df1458&auto=format&fit=max&w=3840,The EY organization and IBM announced that EY Global Services will be joining the IBM Quantum Network further enabling EY teams to explore solutions with IBM that could help resolve some of today’s most complex business and global challenges.
01Synergy,https://hackernoon.com/company/01synergy,2023-04-13 14:29:00,https://www.tmcnet.com/usubmit/2023/04/13/9793940.htm,Zayo Expands Global Infrastructure Connectivity with Fastest Direct Network From Manchester to New York,https://firebasestorage.googleapis.com/v0/b/hackernoon-app.appspot.com/o/images%2Fimageedit_25_7084755369.gif?alt=media&token=ca7527b0-a214-46d4-af72-1062b3df1458&auto=format&fit=max&w=3840,Zayo Group Holdings Inc. a leading global communications infrastructure provider announces the fastest direct network route connecting Manchester to New York with its new transatlantic route. The route provides a direct subsea cable route to North America that avoids backhauling to global Internet hubs in London and Paris
01Synergy,https://hackernoon.com/company/01synergy,2023-03-31 12:30:00,https://www.indianweb2.com/2023/03/l-technology-services-and-ansys-set-up.html,L&T Technology Services and Ansys Set up CoE for Digital Twin,https://firebasestorage.googleapis.com/v0/b/hackernoon-app.appspot.com/o/images%2Fimageedit_25_7084755369.gif?alt=media&token=ca7527b0-a214-46d4-af72-1062b3df1458,L&T Technology Services Limited (BSE: 540115 NSE: LTTS) a leading global pure-play engineering services company and Ansys a global leader and pioneer of Multiphysics engineering simulation software have signed an MOU to establish the LTTS-Ansys Center ...
10Clouds,https://hackernoon.com/company/10clouds,2023-01-09 13:17:00,https://www.fool.com/investing/2023/01/09/3-great-tech-stocks-to-start-your-year-off-right/,3 Exceptional Tech Stocks to Start Your Year Off Right,https://firebasestorage.googleapis.com/v0/b/hackernoon-app.appspot.com/o/images%2Fimageedit_25_7084755369.gif?alt=media&token=ca7527b0-a214-46d4-af72-1062b3df1458&auto=format&fit=max&w=3840,These three tech-sector veterans are tapping into important secular trends in 2023 and beyond. Investors grabbing a few shares right now should make serious money in the long run.
01Synergy,https://hackernoon.com/company/01synergy,2023-08-09 11:36:00,https://www.tmcnet.com/usubmit/-syxsense-announces-ai-powered-cortex-copilot-bringing-natural-/2023/08/09/9861644.htm,Syxsense Announces AI-Powered Cortex Copilot Bringing Natural Language Processing to Endpoint Management and Security Automation,https://firebasestorage.googleapis.com/v0/b/hackernoon-app.appspot.com/o/images%2Fimageedit_25_7084755369.gif?alt=media&token=ca7527b0-a214-46d4-af72-1062b3df1458,Cortex Copilot builds on the existing functionality of Syxsense Cortex ™ - which already delivers a no-code drag-and-drop visual designer that enables IT and security administrators to quickly build complex automated workflows for software deployment
01Synergy,https://hackernoon.com/company/01synergy,2023-03-26 16:43:00,https://finance.yahoo.com/news/only-four-days-left-cash-121328561.html,Only Four Days Left To Cash In On Information Services' (TSE:ISV) Dividend,https://firebasestorage.googleapis.com/v0/b/hackernoon-app.appspot.com/o/images%2Fimageedit_25_7084755369.gif?alt=media&token=ca7527b0-a214-46d4-af72-1062b3df1458,Regular readers will know that we love our dividends at Simply Wall St which is why it''s exciting to see Information Services Corporation (TSE:ISV) is about to trade ex-dividend in the next four ...
01Synergy,https://hackernoon.com/company/01synergy,2022-12-17 20:50:00,https://www.hstoday.us/industry/industry-news/hakimo-ai-solution-completes-test-and-evaluation-by-safe-skies/,Hakimo AI Solution Completes Test and Evaluation by Safe Skies,https://firebasestorage.googleapis.com/v0/b/hackernoon-app.appspot.com/o/images%2Fimageedit_25_7084755369.gif?alt=media&token=ca7527b0-a214-46d4-af72-1062b3df1458&auto=format&fit=max&w=3840,Hakimo Access Control Video Analytics – San Diego International Airport was published in November 2022. Hakimo a technology company dedicated to modernizing physical security through its artificial intelligence (AI) software
01Synergy,https://hackernoon.com/company/01synergy,2023-08-02 11:50:00,https://www.nasdaq.com/articles/fidelity-national-information-services-q2-earnings-summary,Fidelity National Information Services Q2 Earnings Summary,https://firebasestorage.googleapis.com/v0/b/hackernoon-app.appspot.com/o/images%2Fimageedit_25_7084755369.gif?alt=media&token=ca7527b0-a214-46d4-af72-1062b3df1458,(RTTNews) - Below are the earnings highlights for Fidelity National Information Services (FIS): Earnings: -$6.60 billion in Q2 vs. $277 million in the same period last year. EPS: -$11.14 in Q2 vs.
01Synergy,https://hackernoon.com/company/01synergy,2022-12-07 17:39:00,https://www.capitalgazette.com/business/bs-bz-allegis-group-teksystems-new-ceos-20221207-zltcbt2eazf7fh3dhxkdde563e-story.html,Leadership changes at Hanover-based TEKsystems and parent Allegis Group,https://firebasestorage.googleapis.com/v0/b/hackernoon-app.appspot.com/o/images%2Fimageedit_25_7084755369.gif?alt=media&token=ca7527b0-a214-46d4-af72-1062b3df1458,Hanover-based TEKsystems and parent company Allegis Group which grew out of a technology firm co-founded by Baltimore Ravens owner Steve Bisciotti have appointed new leaders.
01Synergy,https://hackernoon.com/company/01synergy,2023-03-20 18:54:00,https://www.ou.edu/online/programs/graduate/library-information-studies,Library and Information Studies,https://firebasestorage.googleapis.com/v0/b/hackernoon-app.appspot.com/o/images%2Fimageedit_25_7084755369.gif?alt=media&token=ca7527b0-a214-46d4-af72-1062b3df1458,The Master of Library and Information Studies allows students to focus their interests by developing skills in librarianship archival studies technology/data science and other current specializations for careers in information agencies and in positions ...
01Synergy,https://hackernoon.com/company/01synergy,2023-08-16 00:00:00,https://www.capella.edu/blog/information-technology/6-blogs-for-it-professionals/,6 blogs for information technology professionals,https://firebasestorage.googleapis.com/v0/b/hackernoon-app.appspot.com/o/images%2Fimageedit_25_7084755369.gif?alt=media&token=ca7527b0-a214-46d4-af72-1062b3df1458,Technology-focused blogs give IT professionals a way to find the latest breaking news and updates in their field. If you’re a recent graduate in information technology or are looking for ways to pursue your professional goals in the field of IT ...
01Synergy,https://hackernoon.com/company/01synergy,2023-04-06 23:41:00,https://it.tmcnet.com/news/2023/04/06/9790648.htm,TRG Expands UK and European Operations with Acquisition of Symec Technologies,https://firebasestorage.googleapis.com/v0/b/hackernoon-app.appspot.com/o/images%2Fimageedit_25_7084755369.gif?alt=media&token=ca7527b0-a214-46d4-af72-1062b3df1458&auto=format&fit=max&w=3840,TRG a global managed service provider focused on enterprise mobility point of sale and payments has acquired Symec Technologies Limited.  Symec formed in 2009 is a leading Mobile Technology Solutions and Managed Services company headquartered in Bristol
01Synergy,https://hackernoon.com/company/01synergy,2023-07-19 12:49:00,https://www.federalregister.gov/documents/2023/07/20/2023-15432/request-for-information-on-equitable-delivery-of-climate-services,Request for Information on Equitable Delivery of Climate Services,https://firebasestorage.googleapis.com/v0/b/hackernoon-app.appspot.com/o/images%2Fimageedit_25_7084755369.gif?alt=media&token=ca7527b0-a214-46d4-af72-1062b3df1458,For complete information about and access to our official publications and services go to About the Federal Register on NARA''s archives.gov. The OFR/GPO partnership is committed to presenting accurate and reliable regulatory information on ...
01Synergy,https://hackernoon.com/company/01synergy,2023-04-13 10:48:00,https://www.bloomberg.com/news/articles/2023-04-13/infosys-sales-outlook-disappoints-after-slowdown-fears-mount,Infosys Sales Outlook Disappoints After Slowdown Fears Mount,https://firebasestorage.googleapis.com/v0/b/hackernoon-app.appspot.com/o/images%2Fimageedit_25_7084755369.gif?alt=media&token=ca7527b0-a214-46d4-af72-1062b3df1458&auto=format&fit=max&w=3840,Infosys Ltd. forecast sales that lagged estimates underscoring how clients are tightening IT budgets to weather an economic slowdown.
01Synergy,https://hackernoon.com/company/01synergy,2022-12-16 12:06:00,https://www.houstonchronicle.com/business/tech/article/personal-tech-wearable-sensor-battle-diabetes-17656988.php,Silverman: Using a wearable sensor to battle diabetes is mostly painless,https://firebasestorage.googleapis.com/v0/b/hackernoon-app.appspot.com/o/images%2Fimageedit_25_7084755369.gif?alt=media&token=ca7527b0-a214-46d4-af72-1062b3df1458&auto=format&fit=max&w=3840,A user holds a smartphone over the FreeStyle Libre 2 sensor to check glucose levels. The technology is the same used with Apple Pay or Google Pay. Abbott photo Show More S
01Synergy,https://hackernoon.com/company/01synergy,2023-03-21 00:00:00,https://techxplore.com/partners/national-institute-of-standards-and-technology/,National Institute of Standards and Technology,https://firebasestorage.googleapis.com/v0/b/hackernoon-app.appspot.com/o/images%2Fimageedit_25_7084755369.gif?alt=media&token=ca7527b0-a214-46d4-af72-1062b3df1458,A primary component NIST pays close attention to is national security. NIST is divided into areas of physics information technology chemical science and technology electronic and electronic engineering material sciences building and fire research.
01Synergy,https://hackernoon.com/company/01synergy,2023-01-08 14:04:00,https://www.thehindubusinessline.com/companies/lenovo-india-banks-on-solutions-and-services-offerings/article66353388.ece,Lenovo India banks on solutions and services offerings,https://firebasestorage.googleapis.com/v0/b/hackernoon-app.appspot.com/o/images%2Fimageedit_25_7084755369.gif?alt=media&token=ca7527b0-a214-46d4-af72-1062b3df1458,Even as the personal computer (PC) market is seeing moderation post pandemic personal technology major Lenovo sees scope for growth through its solutions and services offerings. It has also ...
01Synergy,https://hackernoon.com/company/01synergy,2023-03-31 06:23:00,https://www.firstpost.com/india/india-wants-ban-on-117-gaming-dating-loan-apps-from-google-play-for-thieving-data-for-china-nigeria-12378932.html,India wants ban on 117 gaming dating loan apps from Google Play for thieving data for China Nigeria,https://firebasestorage.googleapis.com/v0/b/hackernoon-app.appspot.com/o/images%2Fimageedit_25_7084755369.gif?alt=media&token=ca7527b0-a214-46d4-af72-1062b3df1458,The MHA has shared the list of these 117 apps with Ministry of Electronics and Information Technology (MeITY) and state law enforcement agencies and has asked them to block these on priority. “In the last 2-3 months we detected 117 new apps active on ...
01Synergy,https://hackernoon.com/company/01synergy,2023-06-12 06:42:00,https://www.fmiblog.com/2023/06/12/asean-safety-sensors-and-switches-market-research-segmentation-key-players-analysis-and-forecast-to-2028/,ASEAN Safety Sensors and Switches Market Research Segmentation Key Players Analysis and Forecast to 2028,https://firebasestorage.googleapis.com/v0/b/hackernoon-app.appspot.com/o/images%2Fimageedit_25_7084755369.gif?alt=media&token=ca7527b0-a214-46d4-af72-1062b3df1458,The safety sensors and switches market in ASEAN countries is estimated to be worth around US$ 891 Million in 2022.  With rising adoption of ASEAN safety sensors and switches for minimizing the personal and institutional damage
01Synergy,https://hackernoon.com/company/01synergy,2023-07-18 00:21:00,https://www.businesswire.com/news/home/20230717726147/en/Complete-Solaria-a-Leading-Solar-Technology-Services-and-Installation-Company-Completes-Business-Combination-with-Freedom-Acquisition-I-Corp.-and-Will-Commence-Trading-on-Nasdaq-Under-Ticker-Symbol-%E2%80%9CCSLR%E2%80%9D,Complete Solaria a Leading Solar Technology Services and Installation Company Completes Business Combination with Freedom Acquisition I Corp. and Will Commence Trading on ...,https://firebasestorage.googleapis.com/v0/b/hackernoon-app.appspot.com/o/images%2Fimageedit_25_7084755369.gif?alt=media&token=ca7527b0-a214-46d4-af72-1062b3df1458,--(BUSINESS WIRE)--Complete Solaria Inc. a leading solar technology services and installation ... whether as a result of new information future events or otherwise. Neither Freedom nor ...
01Synergy,https://hackernoon.com/company/01synergy,2023-10-17 00:00:00,https://www.moneycontrol.com/news/business/stocks/hold-larsen-and-toubro-technology-services-target-of-rs-5100-sharekhan-11554641.html,Hold Larsen and Toubro Technology Services; target of Rs 5100: Sharekhan,https://firebasestorage.googleapis.com/v0/b/hackernoon-app.appspot.com/o/images%2Fimageedit_25_7084755369.gif?alt=media&token=ca7527b0-a214-46d4-af72-1062b3df1458,LTTS reported revenue of $288.1 million with constant currency (cc) revenue growth of 3.2% q-o-q/1.4% y-o-y nearly in line with our 3.5% CC revenue growth estimate led by broad-based growth ...
01Synergy,https://hackernoon.com/company/01synergy,2023-05-25 04:21:00,https://technews.tmcnet.com/news/2023/05/25/9820890.htm,Swave Photonics Adds Andrew Repton as Vice President of IC Design,https://firebasestorage.googleapis.com/v0/b/hackernoon-app.appspot.com/o/images%2Fimageedit_25_7084755369.gif?alt=media&token=ca7527b0-a214-46d4-af72-1062b3df1458,Swave Photonics an innovator in Holographic eXtended Reality (HXR) technology to bring the metaverse to life today announced the appointment of Andrew Repton as Vice President of Integrated Circuit Design.
01Synergy,https://hackernoon.com/company/01synergy,2023-08-01 03:01:00,https://www.techrepublic.com/article/it-managed-services-to-facilities-management/,On Bringing the IT Managed Services Philosophy to Facilities Management and Services,https://firebasestorage.googleapis.com/v0/b/hackernoon-app.appspot.com/o/images%2Fimageedit_25_7084755369.gif?alt=media&token=ca7527b0-a214-46d4-af72-1062b3df1458&auto=format&fit=max&w=3840,Learn how IT managed services improve facilities management and elevate service delivery in our interview with Intelli-Systems CEO Joseph Vijay.
01Synergy,https://hackernoon.com/company/01synergy,2023-07-17 21:16:00,https://seekingalpha.com/article/4617601-fidelity-national-information-services-painful-roundtrip-for-worldpay,Fidelity National Information Services: Painful Roundtrip For Worldpay,https://firebasestorage.googleapis.com/v0/b/hackernoon-app.appspot.com/o/images%2Fimageedit_25_7084755369.gif?alt=media&token=ca7527b0-a214-46d4-af72-1062b3df1458,Fidelity National Information Services Inc. has announced the sale of a majority stake in Worldpay in a very expensive round-trip transaction. This is painful as valuations have been reset a ...
01Synergy,https://hackernoon.com/company/01synergy,2023-06-02 08:45:00,https://www.bizjournals.com/phoenix/inno/stories/news/2023/06/02/gatzbys-leverages-ai-for-social-connections.html,Scottsdale hospitality company leverages AI to help people make social connections,https://firebasestorage.googleapis.com/v0/b/hackernoon-app.appspot.com/o/images%2Fimageedit_25_7084755369.gif?alt=media&token=ca7527b0-a214-46d4-af72-1062b3df1458&auto=format&fit=max&w=3840,Gatzby''s technology works with AI to forge social connections at the company''s events by matching attendees on a personal professional platonic or even a romantic level based on interests and preferences.
01Synergy,https://hackernoon.com/company/01synergy,2023-06-01 09:07:00,https://www.4coffshore.com/news/synaptec-receives-substantial-order-from-proserv-for-offshore-wind-cable-systems-nid27687.html,Synaptec receives substantial order from Proserv for offshore wind cable systems,https://firebasestorage.googleapis.com/v0/b/hackernoon-app.appspot.com/o/images%2Fimageedit_25_7084755369.gif?alt=media&token=ca7527b0-a214-46d4-af72-1062b3df1458&auto=format&fit=max&w=3840,Discover how Synaptec's passive electrical monitoring technology is set to transform offshore wind farm operations.
01Synergy,https://hackernoon.com/company/01synergy,2023-04-21 08:33:00,https://infotechlead.com/software/managed-services-deals-reach-125-bn-in-contract-value-77965,Managed services deals reach $125 bn in contract value,https://firebasestorage.googleapis.com/v0/b/hackernoon-app.appspot.com/o/images%2Fimageedit_25_7084755369.gif?alt=media&token=ca7527b0-a214-46d4-af72-1062b3df1458&auto=format&fit=max&w=3840,The number of managed services deals signed in 2022 reached more than 1700 -- worth more than $125 billion in contract value.
01Synergy,https://hackernoon.com/company/01synergy,2023-04-06 14:30:00,https://www.benzinga.com/pressreleases/23/04/n31699136/techsee-announces-new-multi-sensory-ai-for-service-automation-built-on-integration-between-openais,TechSee Announces New Multi-Sensory AI For Service Automation Built on Integration between OpenAI's ChatGPT and TechSee's Computer Vision AI,https://firebasestorage.googleapis.com/v0/b/hackernoon-app.appspot.com/o/images%2Fimageedit_25_7084755369.gif?alt=media&token=ca7527b0-a214-46d4-af72-1062b3df1458,The integration of Computer Vision AI and Conversational Al will empower organizations to offer full service automation across all digital channels including voice chat image and video NEW YORK April 6
01Synergy,https://hackernoon.com/company/01synergy,2023-04-14 22:05:00,https://www.tmcnet.com/usubmit/-1700-more-andrews-customers-will-soon-be-eligible-/2023/04/14/9794921.htm,1700 More Andrews Customers Will Soon Be Eligible for Kinetic''s High-Speed Fiber for 1st Time,https://firebasestorage.googleapis.com/v0/b/hackernoon-app.appspot.com/o/images%2Fimageedit_25_7084755369.gif?alt=media&token=ca7527b0-a214-46d4-af72-1062b3df1458,"The new optical fiber Kinetic will lay in the city will expand Kinetic''s fiber broadband coverage in Andrews beyond its existing 4200 customers to nearly 6000. '""I applaud Kinetic for investing in expanding high-speed fiber internet that will soon benefit nearly 6"
"01Synergyhttps://hackernoon.com/company/01synergy2023-03-30 21:06:00https://technews.tmcnet.com/news/2023/03/30/9786673.htmO.W.L. Launches New xSource AI Software Solution at ISC West in Las Vegashttps://www.bing.com/th?id=OVFT.d6qrQOAV-MvTa_BZNyN0GC&pid=News'""Data doesn''t equal intelligence'"" said Tom Gates O.W.L. president. '""Both are required to be faster and more accurate. xSource is designed to help mitigate te workload of the security professional and tell the operator the meaning of threats happening in real time and not just that something is happening.",,,,,,
01Synergy,https://hackernoon.com/company/01synergy,2022-12-29 16:07:00,https://www.msn.com/en-ph/news/other/ey-global-delivery-services-ph/ar-AA15Mm1D,EY Global Delivery Services PH,https://firebasestorage.googleapis.com/v0/b/hackernoon-app.appspot.com/o/images%2Fimageedit_25_7084755369.gif?alt=media&token=ca7527b0-a214-46d4-af72-1062b3df1458&auto=format&fit=max&w=3840,Philippines gains recognition as one of the HR Asia Best Companies to Work for in Asia – Philippines Chapter in 2022. The award strongly recognizes the long-standing efforts of EY GDS to champion teamwork
01Synergy,https://hackernoon.com/company/01synergy,2023-05-31 17:38:00,https://www.galvnews.com/news_ap/business/ir-streamlines-alerts-management-with-servicenow-integration/article_6f0b1037-215d-5b93-921d-6cdbfa8652fd.html,IR Streamlines Alerts Management with ServiceNow Integration,https://firebasestorage.googleapis.com/v0/b/hackernoon-app.appspot.com/o/images%2Fimageedit_25_7084755369.gif?alt=media&token=ca7527b0-a214-46d4-af72-1062b3df1458,This benefits IT teams to manage alerts and tickets from a single platform. SYDNEY May 31 2023 /PRNewswire/ -- IR (ASX:IRI) a leading provider of global performance management and analytics for Unified Communications and Collaboration (UC&C)
01Synergy,https://hackernoon.com/company/01synergy,2023-07-07 16:09:00,https://www.linkedin.com/pulse/talent-acquisition-staffing-technology-services,Talent Acquisition and Staffing Technology and Services Market Growth | 2030,https://firebasestorage.googleapis.com/v0/b/hackernoon-app.appspot.com/o/images%2Fimageedit_25_7084755369.gif?alt=media&token=ca7527b0-a214-46d4-af72-1062b3df1458,Moreover Consumer behavior analysis and market dynamics (drivers restraints opportunities) provides crucial information for knowing the Talent Acquisition and Staffing Technology and Services ...
01Synergy,https://hackernoon.com/company/01synergy,2023-10-20 13:10:00,https://www.tmcnet.com/usubmit/2023/10/20/9902713.htm,SynFutures Announces USD22M Series B and Launches V3 Perpetual Futures DEX with Proprietary Oyster AMM,https://firebasestorage.googleapis.com/v0/b/hackernoon-app.appspot.com/o/images%2Fimageedit_25_7084755369.gif?alt=media&token=ca7527b0-a214-46d4-af72-1062b3df1458,Since launching its V1 beta in October 2021 SynFutures'' DEX has achieved US$22 billion in cumulative trading volume to date. The fresh capital injection from the new and returning investors will be used to drive product development starting with the V3 mainnet rollout as well as future ecosystem and multi-chain expansion.
01Synergy,https://hackernoon.com/company/01synergy,2023-10-18 18:37:00,https://www.tmcnet.com/usubmit/-symsyn-launches-high-roi-market-debut-with-strategic-/2023/10/18/9901398.htm,SymSyn Launches a High-ROI Market Debut with Strategic Equity and Promising Growth,https://firebasestorage.googleapis.com/v0/b/hackernoon-app.appspot.com/o/images%2Fimageedit_25_7084755369.gif?alt=media&token=ca7527b0-a214-46d4-af72-1062b3df1458,SymSyn is poised to unveil its paradigm-shifting concept Habi·Tech·Ture ™ into the worldwide marketplace. The Nature Cabinet System and Method is fully patented. Leveraging cutting-edge technologies and ecological design
01Synergy,https://hackernoon.com/company/01synergy,2023-01-25 13:10:00,https://www.logisticsmgmt.com/article/jungheinrich_ag_to_acquire_indiana_based_storage_solutions_group,Jungheinrich AG to acquire Indiana-based Storage Solutions group,https://firebasestorage.googleapis.com/v0/b/hackernoon-app.appspot.com/o/images%2Fimageedit_25_7084755369.gif?alt=media&token=ca7527b0-a214-46d4-af72-1062b3df1458,Jungheinrich’s intralogistics business with strategic foothold in fast-growing U.S. warehouse automation market
01Synergy,https://hackernoon.com/company/01synergy,2023-07-17 04:24:00,https://economictimes.indiatimes.com/markets/stocks/news/lt-technology-services-bullish-to-sideways/articleshow/101813356.cms,LT Technology Services: Bullish to Sideways,https://firebasestorage.googleapis.com/v0/b/hackernoon-app.appspot.com/o/images%2Fimageedit_25_7084755369.gif?alt=media&token=ca7527b0-a214-46d4-af72-1062b3df1458,LT Technology Services’s daily trend is bullish to sideways. RSI for monthly is showing sideways momentum. However RSI for weekly and daily is showing bullish momentum. Based on option chain analysis the range is between 3800 and 4300. Let’s plan a ...
01Synergy,https://hackernoon.com/company/01synergy,2023-01-04 00:00:00,https://www.ohio.edu/news/2023/01/semester-start-technology-message-provides-helpful-information-ohio-instructors,Semester start technology message provides helpful information for OHIO instructors,https://firebasestorage.googleapis.com/v0/b/hackernoon-app.appspot.com/o/images%2Fimageedit_25_7084755369.gif?alt=media&token=ca7527b0-a214-46d4-af72-1062b3df1458,Share this story on Facebook Share this story on Twitter Email this story to a friend Share this story with your LinkedIn network The Office of Information Technology ... In addition to the normal technology services all OIT-supported classrooms will ...
01Synergy,https://hackernoon.com/company/01synergy,2023-05-17 12:00:00,https://news.un.org/en/tags/information-technology,information technology,https://firebasestorage.googleapis.com/v0/b/hackernoon-app.appspot.com/o/images%2Fimageedit_25_7084755369.gif?alt=media&token=ca7527b0-a214-46d4-af72-1062b3df1458,Local purchases of goods and services in the information technology sector by government offices has untapped potential for stimulating domestic economic progress particularly in developing countries the United Nations reported today. Asia-Pacific ...
01Synergy,https://hackernoon.com/company/01synergy,2023-05-08 21:41:00,https://executivegov.com/2023/05/gsa-requests-information-on-spectrum-warfare-rapid-technology-augmentation/,GSA Requests Information on Spectrum Warfare Rapid Technology Augmentation Support Requirement,https://firebasestorage.googleapis.com/v0/b/hackernoon-app.appspot.com/o/images%2Fimageedit_25_7084755369.gif?alt=media&token=ca7527b0-a214-46d4-af72-1062b3df1458,The General Services Administration’s Federal Acquisition Service is seeking information on a single-award indefinite-delivery/indefinite-quantity contract to ...
01Synergy,https://hackernoon.com/company/01synergy,2023-03-23 05:25:00,https://www.kpvi.com/interests/lindsay-lohan-ne-yo-and-jake-paul-and-more-charged-for-cryptocurrency-violations/article_7e8c1b7b-4284-5141-a060-89e80d1ff8f9.html,Lindsay Lohan Ne-Yo and Jake Paul and more charged for cryptocurrency violations,https://firebasestorage.googleapis.com/v0/b/hackernoon-app.appspot.com/o/images%2Fimageedit_25_7084755369.gif?alt=media&token=ca7527b0-a214-46d4-af72-1062b3df1458&auto=format&fit=max&w=3840,Lindsay Lohan Ne-Yo and Jake Paul are among a number of stars who have been charged with cryptocurrency violations. The Securities and Exchange Commission (SEC) have filed fraud charges and unregistered securities charges against crypto founder Justin Sun ...
01Synergy,https://hackernoon.com/company/01synergy,2023-06-17 00:15:00,https://healthtechmagazine.net/article/2023/06/3-technology-solutions-and-services-optimize-care,3 Technology Solutions and Services to Optimize Care,https://firebasestorage.googleapis.com/v0/b/hackernoon-app.appspot.com/o/images%2Fimageedit_25_7084755369.gif?alt=media&token=ca7527b0-a214-46d4-af72-1062b3df1458,Mike Larsen is an accomplished information ... is the chief technology officer for CDW Healthcare. He helps to provide guidance to customers around CDW capabilities and service offerings the creation of new solutions and services customized for ...
01Synergy,https://hackernoon.com/company/01synergy,2023-07-10 07:59:00,https://www.zawya.com/en/business/energy/apicorp-exits-investment-in-oil-services-company-ashtead-technology-eoch4zqa,APICORP exits investment in oil services company Ashtead Technology,https://firebasestorage.googleapis.com/v0/b/hackernoon-app.appspot.com/o/images%2Fimageedit_25_7084755369.gif?alt=media&token=ca7527b0-a214-46d4-af72-1062b3df1458,The Arab Petroleum Investments Corporation (APICORP) an energy-focused multilateral financial institution on Monday said it has completed the sale of its equity investment in oil services company Ashtead Technology. The original investment of an unknown ...
01Synergy,https://hackernoon.com/company/01synergy,2023-06-17 02:38:00,https://diginomica.com/ifs-connect-2023-why-talk-about-generative-ai-when-robotics-and-connected-manufacturing-are-ready,IFS Connect 2023 - why talk about generative AI when robotics and connected manufacturing are ready for prime time?,https://firebasestorage.googleapis.com/v0/b/hackernoon-app.appspot.com/o/images%2Fimageedit_25_7084755369.gif?alt=media&token=ca7527b0-a214-46d4-af72-1062b3df1458&auto=format&fit=max&w=3840,IFS avoids technology festivals in favor of industry shop talk. But at IFS Connect I found customers knee deep in AI preparations. It''s all about getting your plant floor machines talking. And for CDF Corporation
01Synergy,https://hackernoon.com/company/01synergy,2023-06-16 13:31:00,https://www.bizjournals.com/dallas/news/2023/06/16/ability-connection-irving-jim-hanophy.html,Expanding to Irving meant expanded capacity for this local nonprofit,https://firebasestorage.googleapis.com/v0/b/hackernoon-app.appspot.com/o/images%2Fimageedit_25_7084755369.gif?alt=media&token=ca7527b0-a214-46d4-af72-1062b3df1458&auto=format&fit=max&w=3840,Ability Connection was founded in 1953 and specializes in serving individuals with intellectual and developmental disabilities. Here's what an office and facility move to Irving meant for the local nonprofit.
01Synergy,https://hackernoon.com/company/01synergy,2023-04-19 20:42:00,https://www.bizjournals.com/seattle/news/2023/04/19/tyemill-acquired-syntax-seattle-new-york.html,Seattle research software company Tyemill acquired by investment analytics firm,https://firebasestorage.googleapis.com/v0/b/hackernoon-app.appspot.com/o/images%2Fimageedit_25_7084755369.gif?alt=media&token=ca7527b0-a214-46d4-af72-1062b3df1458&auto=format&fit=max&w=3840,Seattle-based research software company Tyemill has been acquired by Syntax an investment analytics company headquartered in New York City. The companies announced the deal on Tuesday. According to a news release
01Synergy,https://hackernoon.com/company/01synergy,2023-10-30 18:45:00,https://www.bizjournals.com/sanfrancisco/inno/stories/news/2023/10/30/logistics-startup-slync-christopher-kirchner.html,A logistics startup is shutting down. The company blames its founder,https://firebasestorage.googleapis.com/v0/b/hackernoon-app.appspot.com/o/images%2Fimageedit_25_7084755369.gif?alt=media&token=ca7527b0-a214-46d4-af72-1062b3df1458&auto=format&fit=max&w=3840,Logistics startup Slync is shutting down and pointing the finger at co-founder and former CEO Christopher Kirchner. He calls that a 'deliberate smear campaign.'
01Synergy,https://hackernoon.com/company/01synergy,2023-10-25 18:54:00,https://www.computerweekly.com/resources/Italy,Information technology (IT) in Italy,https://firebasestorage.googleapis.com/v0/b/hackernoon-app.appspot.com/o/images%2Fimageedit_25_7084755369.gif?alt=media&token=ca7527b0-a214-46d4-af72-1062b3df1458,The IT services giant says GenAI will transform ... how last month’s Ryder Cup tested out technology to improve how fans digitally consume the event and find out how Zurich Insurance has ...
01Synergy,https://hackernoon.com/company/01synergy,2023-04-19 22:50:00,https://www.investopedia.com/da-vinci-sales-drive-up-intuitive-surgical-shares-7482900,Da Vinci Sales Drive Up Intuitive Surgical Shares,https://firebasestorage.googleapis.com/v0/b/hackernoon-app.appspot.com/o/images%2Fimageedit_25_7084755369.gif?alt=media&token=ca7527b0-a214-46d4-af72-1062b3df1458&auto=format&fit=max&w=3840,Intuitive Surgical (ISRG) shares jumped 10% after the company reported increasing profits and expanding procedures for its robotic surgical systems.
01Synergy,https://hackernoon.com/company/01synergy,2023-10-31 15:06:00,https://www.tmcnet.com/usubmit/2023/10/31/9908465.htm,iQor Symphony [AI] Drives Excellence in Customer Service and Compliance,https://firebasestorage.googleapis.com/v0/b/hackernoon-app.appspot.com/o/images%2Fimageedit_25_7084755369.gif?alt=media&token=ca7527b0-a214-46d4-af72-1062b3df1458,iQor is a managed services provider of customer engagement and technology-enabled business process outsourcing (BPO) solutions comprised of 40000 amazing employees spanning 10 countries. We are passionate about delivering an outstanding omnichannel ...
01Synergy,https://hackernoon.com/company/01synergy,2023-10-04 04:16:00,https://www.thefastmode.com/technology-solutions/33409-nokia-graybar-partner-to-introduce-autonomous-inventory-monitoring-service,Nokia Graybar Partner to Introduce Autonomous Inventory Monitoring Service,https://firebasestorage.googleapis.com/v0/b/hackernoon-app.appspot.com/o/images%2Fimageedit_25_7084755369.gif?alt=media&token=ca7527b0-a214-46d4-af72-1062b3df1458,Nokia announced it is launching Autonomous Inventory Monitoring Service (AIMS) with Graybar a Fortune 500 company and one of the largest distributors of electrical communications and data networking products in North America.
01Synergy,https://hackernoon.com/company/01synergy,2023-10-19 13:09:00,https://www.fmiblog.com/2023/10/19/anticipated-surge-in-air-flow-sensors-market-projected-to-exceed-us-3-2-billion-by-2033-fueled-by-a-consistent-3-5-cagr/,Anticipated Surge in Air Flow Sensors Market Projected to Exceed US$ 3.2 Billion by 2033 Fueled by a Consistent 3.5% CAGR,https://firebasestorage.googleapis.com/v0/b/hackernoon-app.appspot.com/o/images%2Fimageedit_25_7084755369.gif?alt=media&token=ca7527b0-a214-46d4-af72-1062b3df1458&auto=format&fit=max&w=3840,The Air Flow Sensors Market report unveiled by Future Market Insights—an ESOMAR Certified Market Research and Consulting Firm—presents invaluable insights and meticulous analysis of the Air Flow Sensors market.
01Synergy,https://hackernoon.com/company/01synergy,2023-10-31 11:30:00,https://www.forbes.com/sites/forbestechcouncil/2023/10/31/a-connected-supply-chain-for-todays-connected-consumers/,A Connected Supply Chain For Today’s Connected Consumers,https://firebasestorage.googleapis.com/v0/b/hackernoon-app.appspot.com/o/images%2Fimageedit_25_7084755369.gif?alt=media&token=ca7527b0-a214-46d4-af72-1062b3df1458&auto=format&fit=max&w=3840,Shoppers expect to see multiple convenient payment options and they expect options when it comes to delivery that are fast yes but also convenient.
01Synergy,https://hackernoon.com/company/01synergy,2023-10-30 14:38:00,https://www.joplinglobe.com/region/national_business/mouser-electronics-partners-with-siemens-on-distribution-agreement-for-industrial-automation-solutions/article_e942e861-e71a-511b-83d5-96250a6611b0.html,Mouser Electronics Partners with Siemens on Distribution Agreement for Industrial Automation Solutions,https://firebasestorage.googleapis.com/v0/b/hackernoon-app.appspot.com/o/images%2Fimageedit_25_7084755369.gif?alt=media&token=ca7527b0-a214-46d4-af72-1062b3df1458&auto=format&fit=max&w=3840,Mouser Electronics Partners with Siemens on Distribution Agreement for Industrial Automation Solutions
01Synergy,https://hackernoon.com/company/01synergy,2023-08-26 16:04:00,https://www.newsday.com/long-island/education/facial-recognition-state-education-department-office-of-information-technology-services-schools-x8dcl8dm,Report: Risks of facial recognition technology in schools likely outweigh the benefits,https://firebasestorage.googleapis.com/v0/b/hackernoon-app.appspot.com/o/images%2Fimageedit_25_7084755369.gif?alt=media&token=ca7527b0-a214-46d4-af72-1062b3df1458,The Office of Information Technology Services gathered feedback from teachers school administrators and parents along with individuals with expertise in school safety data privacy civil ...
01Synergy,https://hackernoon.com/company/01synergy,2023-04-19 00:00:00,https://www.defensedaily.com/existing-space-sensors-show-gmti-technology-ready-prototypes-coming-soon/space/,Existing Space Sensors Show GMTI Technology Ready Prototypes Coming Soon,https://firebasestorage.googleapis.com/v0/b/hackernoon-app.appspot.com/o/images%2Fimageedit_25_7084755369.gif?alt=media&token=ca7527b0-a214-46d4-af72-1062b3df1458,Technology currently in space is demonstrating that it is capable of detecting and tracking moving targets on the ground and
10Clouds,https://hackernoon.com/company/10clouds,2023-09-07 16:25:52,https://www.msn.com/en-gb/lifestyle/other/survey-us-consumers-want-fewer-devices-but-more-tech-innovation/ar-AA1goytG,Survey: U.S. Consumers Want Fewer Devices But More Tech Innovation,https://firebasestorage.googleapis.com/v0/b/hackernoon-app.appspot.com/o/images%2Fimageedit_25_7084755369.gif?alt=media&token=ca7527b0-a214-46d4-af72-1062b3df1458&auto=format&fit=max&w=3840,Two fifths (41%) dislike managing their devices while 28% say managing tech devices and subscriptions is “overwhelming” according to Deloitte
01Synergy,https://hackernoon.com/company/01synergy,2023-01-09 09:07:00,https://www.news-medical.net/whitepaper/20230109/Addressing-modern-challenges-in-digital-health-with-sensors.aspx,Addressing modern challenges in digital health with sensors,https://firebasestorage.googleapis.com/v0/b/hackernoon-app.appspot.com/o/images%2Fimageedit_25_7084755369.gif?alt=media&token=ca7527b0-a214-46d4-af72-1062b3df1458&auto=format&fit=max&w=3840,This article from Sensirion details the rise of digital health and how sensors are important to solving challenges in this field.
01Synergy,https://hackernoon.com/company/01synergy,2023-03-07 23:59:00,https://www.timeshighereducation.com/world-university-rankings/tokyo-university-agriculture-and-technology,Tokyo University of Agriculture and Technology,https://firebasestorage.googleapis.com/v0/b/hackernoon-app.appspot.com/o/images%2Fimageedit_25_7084755369.gif?alt=media&token=ca7527b0-a214-46d4-af72-1062b3df1458,Founded in 1949 Tokyo University of Agriculture and Technology (TUAT) is a public university focusing ... electrical and electronic engineering or computer and information sciences. TUAT is one of the largest recipients of royalty income from patents ...
01Synergy,https://hackernoon.com/company/01synergy,2023-07-14 20:50:00,https://energycentral.com/c/cc/make-it-easy-streamlining-your-way-customer-service-success,Make It Easy: Streamlining Your Way to Customer Service Success,https://firebasestorage.googleapis.com/v0/b/hackernoon-app.appspot.com/o/images%2Fimageedit_25_7084755369.gif?alt=media&token=ca7527b0-a214-46d4-af72-1062b3df1458,President Business Training Works Inc. Kate Zabriskie is the president of Business Training Works Inc. a Maryland-based talent development firm. She and her team help businesses establish customer service strategies and train their...
01Synergy,https://hackernoon.com/company/01synergy,2023-07-01 06:00:00,https://www.pcworld.com/article/823826/best-cloud-gaming-services.html,Best cloud gaming services 2023: GeForce Now vs. Xbox Cloud Gaming and more,https://firebasestorage.googleapis.com/v0/b/hackernoon-app.appspot.com/o/images%2Fimageedit_25_7084755369.gif?alt=media&token=ca7527b0-a214-46d4-af72-1062b3df1458,This largely has to do with the obfuscation of information and that most of the cloud gaming services are running console versions of the games on their platform meaning much of the PC testing ...
01Synergy,https://hackernoon.com/company/01synergy,2023-06-29 18:45:00,https://www.nasdaq.com/articles/thursday-sector-laggards:-services-technology-communications-0,Thursday Sector Laggards: Services Technology & Communications,https://firebasestorage.googleapis.com/v0/b/hackernoon-app.appspot.com/o/images%2Fimageedit_25_7084755369.gif?alt=media&token=ca7527b0-a214-46d4-af72-1062b3df1458,The next worst performing sector is the Technology & Communications sector ... BNK Invest Inc. provides investment services and information. BNK Invest owns and operates a market news family ...
01Synergy,https://hackernoon.com/company/01synergy,2023-08-11 19:10:00,https://www.ou.edu/adrc/resources/policies/eit-policy,Electronic and Information Technology and Multimedia Accessibility Policy,https://firebasestorage.googleapis.com/v0/b/hackernoon-app.appspot.com/o/images%2Fimageedit_25_7084755369.gif?alt=media&token=ca7527b0-a214-46d4-af72-1062b3df1458,The Standards reflect the principles of both the “State of Oklahoma’s Electronic and Information Technology Accessibility” (EITA) and the “World Wide Web Consortium’s Web Content Accessibility Guidelines” (WCAG) Level AA. The University ...
01Synergy,https://hackernoon.com/company/01synergy,2023-01-09 10:54:00,https://technews.tmcnet.com/news/2023/01/09/9739507.htm,Smartify Robots - Critical Functions of Sensors in Robot Navigation Discussed by IDTechEx,https://firebasestorage.googleapis.com/v0/b/hackernoon-app.appspot.com/o/images%2Fimageedit_25_7084755369.gif?alt=media&token=ca7527b0-a214-46d4-af72-1062b3df1458,Over the past several years robots have gained significant momentum in a variety of industries such as logistics and delivery manufacturing cleaning and disinfection and daily services. While people are enjoying the enormous benefits of robots and autonomy
01Synergy,https://hackernoon.com/company/01synergy,2023-01-04 19:15:00,https://www.yahoo.com/now/sat-emotion3d-showcase-next-level-191500970.html,SAT and emotion3D showcase next-level sensor fusion driver monitoring system at CES 2023 and collaborate with Garmin,https://firebasestorage.googleapis.com/v0/b/hackernoon-app.appspot.com/o/images%2Fimageedit_25_7084755369.gif?alt=media&token=ca7527b0-a214-46d4-af72-1062b3df1458,Driver monitoring systems that detect driver drowsiness and distraction to warn accordingly are crucial for reducing road accidents. With the new General Safety Regulation for motor vehicles adopted by the EU parliament in 2019 and new test protocols by Euro NCAP
01Synergy,https://hackernoon.com/company/01synergy,2023-06-21 19:40:00,https://it.tmcnet.com/news/2023/06/21/9836399.htm,Zerify Announces Partnership with Global IT Solutions Aggregator TD SYNNEX,https://firebasestorage.googleapis.com/v0/b/hackernoon-app.appspot.com/o/images%2Fimageedit_25_7084755369.gif?alt=media&token=ca7527b0-a214-46d4-af72-1062b3df1458,Zerify Inc. (OTC PINK: ZRFY) the 22-year-old cybersecurity company focused on Secure Video Conferencing & Endpoint Security today announced a new partnership with TD SYNNEX a leading global IT distributor and solutions aggregator.
01Synergy,https://hackernoon.com/company/01synergy,2022-12-29 09:27:00,https://www.cio.com/article/415223/verticalization-managed-services-and-sustainability-to-drive-cloud-trends-in-2023.html,Verticalization managed services and sustainability to drive cloud trends in 2023,https://firebasestorage.googleapis.com/v0/b/hackernoon-app.appspot.com/o/images%2Fimageedit_25_7084755369.gif?alt=media&token=ca7527b0-a214-46d4-af72-1062b3df1458,No matter how reliable their sources IT analysts’ technology adoption forecasts ... such as foundational services and compliances” Garcia explains. “This results in duplicated effort.”
01Synergy,https://hackernoon.com/company/01synergy,2022-12-19 18:39:00,https://www.wsj.com/articles/sensormatic-solutions-by-johnson-controls-shares-2022-u-s-super-saturday-shopper-traffic-insights-01671478746,Sensormatic Solutions by Johnson Controls shares 2022 U.S. Super Saturday shopper traffic insights,https://firebasestorage.googleapis.com/v0/b/hackernoon-app.appspot.com/o/images%2Fimageedit_25_7084755369.gif?alt=media&token=ca7527b0-a214-46d4-af72-1062b3df1458,Shopper traffic data indicates that visits to physical stores on Super Saturday (Dec. 17) were up 17% from the previous Saturday (Dec. 10) -- Compared to Super Saturday 2021 shopper traffic was up 0.
01Synergy,https://hackernoon.com/company/01synergy,2023-06-23 07:45:00,https://siliconcanals.com/news/kpn-acquires-youfones-dutch-operations/,Rotterdam’s telecommunications firm KPN acquires Youfone’s Dutch operations for €200M,https://firebasestorage.googleapis.com/v0/b/hackernoon-app.appspot.com/o/images%2Fimageedit_25_7084755369.gif?alt=media&token=ca7527b0-a214-46d4-af72-1062b3df1458&auto=format&fit=max&w=3840,According to KPN its position in the mobile and internet sectors is strengthened by this acquisition particularly in the faster-growing no-frills categories.
01Synergy,https://hackernoon.com/company/01synergy,2023-07-15 19:26:00,https://www.maketecheasier.com/fix-system-service-exception-bsod-windows/,How to Fix the System Service Exception BSOD in Windows,https://firebasestorage.googleapis.com/v0/b/hackernoon-app.appspot.com/o/images%2Fimageedit_25_7084755369.gif?alt=media&token=ca7527b0-a214-46d4-af72-1062b3df1458,This makes it a challenge to pin down its exact cause especially if Windows doesn’t provide much information about the BSOD ... he has written extensively on Technology Gaming and Marketing. When not scouring the web he can be found binging on ...
01Synergy,https://hackernoon.com/company/01synergy,2023-04-28 12:42:00,https://www.lse.co.uk/ShareChat.asp?ShareTicker=SYN&thread=29D319F6-2559-4514-A6F4-898ADC9172D1,Synergia Energy Share Chat,https://firebasestorage.googleapis.com/v0/b/hackernoon-app.appspot.com/o/images%2Fimageedit_25_7084755369.gif?alt=media&token=ca7527b0-a214-46d4-af72-1062b3df1458,The IP address of all posts is recorded to aid in enforcing these conditions. As a user you agree to any information you have entered being stored in a database. You agree that we have the right to remove edit move or close any topic or board at any time ...
10Clouds,https://hackernoon.com/company/10clouds,2023-04-20 19:55:00,https://www.wsj.com/articles/tech-media-telecom-roundup-market-talk-96ebee9c,Tech Media & Telecom Roundup: Market Talk,https://firebasestorage.googleapis.com/v0/b/hackernoon-app.appspot.com/o/images%2Fimageedit_25_7084755369.gif?alt=media&token=ca7527b0-a214-46d4-af72-1062b3df1458&auto=format&fit=max&w=3840,EA Buzzfeed Nokia Naver and more featured in the latest Market Talks covering Technology Media and Telecom.
01Synergy,https://hackernoon.com/company/01synergy,2023-04-13 16:30:00,https://it.tmcnet.com/news/2023/04/13/9794145.htm,Synopsys Introduces the Industry's First Emulation System with Unmatched Capacity to Enable Electronics Digital Twins of Advanced SoCs,https://firebasestorage.googleapis.com/v0/b/hackernoon-app.appspot.com/o/images%2Fimageedit_25_7084755369.gif?alt=media&token=ca7527b0-a214-46d4-af72-1062b3df1458,More than 400 Billion Gates of Synopsys ZeBu Server 5 Emulation System Sold in First Year Accelerating Deployment of Complex SoCs and Multi-Die Systems . Key Highlights: Electron
01Synergy,https://hackernoon.com/company/01synergy,2023-04-03 16:30:00,https://www.reviewjournal.com/news/politics-and-government/nevada/banning-tiktok-heres-everything-you-need-to-know-2755275/,Banning TikTok? Here’s everything you need to know,https://firebasestorage.googleapis.com/v0/b/hackernoon-app.appspot.com/o/images%2Fimageedit_25_7084755369.gif?alt=media&token=ca7527b0-a214-46d4-af72-1062b3df1458,The regulations or bans would target information technology and services that are deemed to have “catastrophic” effects on the security of the U.S. undermine democratic processes or steer ...
01Synergy,https://hackernoon.com/company/01synergy,2023-07-27 06:15:00,https://markets.businessinsider.com/news/stocks/servicenow-now-receives-a-rating-update-from-a-top-analyst-1032482828,ServiceNow (NOW) Receives a Rating Update from a Top Analyst,https://firebasestorage.googleapis.com/v0/b/hackernoon-app.appspot.com/o/images%2Fimageedit_25_7084755369.gif?alt=media&token=ca7527b0-a214-46d4-af72-1062b3df1458,In a report released today Brian Schwartz from Oppenheimer maintained a Buy rating on ServiceNow (NOW – Research Report) with a price
01Synergy,https://hackernoon.com/company/01synergy,2023-07-10 00:00:00,https://www.nasdaq.com/articles/rbc-capital-maintains-fidelity-national-information-services-fis-outperform-recommendation,RBC Capital Maintains Fidelity National Information Services (FIS) Outperform Recommendation,https://firebasestorage.googleapis.com/v0/b/hackernoon-app.appspot.com/o/images%2Fimageedit_25_7084755369.gif?alt=media&token=ca7527b0-a214-46d4-af72-1062b3df1458,Fintel reports that on July 10 2023 RBC Capital maintained coverage of Fidelity National Information Services (NYSE ... FIS is a leading provider of technology solutions for merchants banks ...
01Synergy,https://hackernoon.com/company/01synergy,2023-07-11 10:51:00,https://www.pennlive.com/news/2023/07/shapiro-taps-comcast-executive-as-administrations-information-technology-chief.html,Shapiro taps Comcast executive as administration’s information technology chief,https://firebasestorage.googleapis.com/v0/b/hackernoon-app.appspot.com/o/images%2Fimageedit_25_7084755369.gif?alt=media&token=ca7527b0-a214-46d4-af72-1062b3df1458,As CIO Capellán “will lead efforts to improve online services and user experience ... s place as a leader among states in information technology.” Capellán’s office has oversight ...
01Synergy,https://hackernoon.com/company/01synergy,2023-08-29 12:38:00,https://www.lse.co.uk/ShareChat.html?ShareTicker=SYN&thread=27C5C7AB-9D1B-4CED-9335-E3449B867012,Synergia Energy Share Chat,https://firebasestorage.googleapis.com/v0/b/hackernoon-app.appspot.com/o/images%2Fimageedit_25_7084755369.gif?alt=media&token=ca7527b0-a214-46d4-af72-1062b3df1458,The IP address of all posts is recorded to aid in enforcing these conditions. As a user you agree to any information you have entered being stored in a database. You agree that we have the right to remove edit move or close any topic or board at any time ...
01Synergy,https://hackernoon.com/company/01synergy,2023-08-29 08:35:00,https://www.tmcnet.com/usubmit/-ai-integrated-virtual-try-on-customer-centric-solution-/2023/08/29/9871185.htm,AI Integrated Virtual Try-On: Customer-Centric Solution Reshaping Retail,https://firebasestorage.googleapis.com/v0/b/hackernoon-app.appspot.com/o/images%2Fimageedit_25_7084755369.gif?alt=media&token=ca7527b0-a214-46d4-af72-1062b3df1458,Intetics a leading American technology company introduces AI integrated virtual try-on solution to enhance online shopping engagement and boost sales for enterprises in retail. In response to the ever-evolving demands of the e-commerce landscape
01Synergy,https://hackernoon.com/company/01synergy,2023-08-11 18:48:00,https://www.linkedin.com/pulse/healthcare-information-technology-software,Healthcare Information Technology Software Market Share Trends | 2023-2030 | Regional Status and Prospect,https://firebasestorage.googleapis.com/v0/b/hackernoon-app.appspot.com/o/images%2Fimageedit_25_7084755369.gif?alt=media&token=ca7527b0-a214-46d4-af72-1062b3df1458,Products and Services Provided 3.4 Healthcare Information Technology Software Mergers and Acquisitions 3.5 Healthcare Information Technology Software New Entrants and Expansion Plans 6.1 ...
01Synergy,https://hackernoon.com/company/01synergy,2023-07-16 17:22:00,https://global.chinadaily.com.cn/a/202307/17/WS64b41ef4a31035260b816afc.html?bingParse,Youth innovators explore global governance solutions,https://firebasestorage.googleapis.com/v0/b/hackernoon-app.appspot.com/o/images%2Fimageedit_25_7084755369.gif?alt=media&token=ca7527b0-a214-46d4-af72-1062b3df1458&auto=format&fit=max&w=3840,"At the closing ceremony the '""YICGG2023 We Youth Common Agenda - Global Biodiversity: Youth Involvement and Initiatives'"" was unveiled. The agenda calls for joint efforts from global youth to embrace biodiversity raise ecological consciousness and integrate biodiversity conservation into daily life."
01Synergy,https://hackernoon.com/company/01synergy,2023-10-04 05:34:00,https://www.devdiscourse.com/article/technology/2617528-updater-services-shares-debut-5-pc-lower,Updater Services shares debut 5 pc lower,https://firebasestorage.googleapis.com/v0/b/hackernoon-app.appspot.com/o/images%2Fimageedit_25_7084755369.gif?alt=media&token=ca7527b0-a214-46d4-af72-1062b3df1458,Shares of integrated facilities management company Updater Services Ltd made a muted market debut on Wednesday listing with a discount of 5 per cent on the NSE against the issue price of Rs 300. At the NSE the stock listed at Rs 285 down 5 per cent ...
01Synergy,https://hackernoon.com/company/01synergy,2023-08-24 12:58:00,https://www.automationworld.com/process/sensors/article/33010104/how-process-sensors-are-playing-more-intelligent-roles,How Process Sensors Are Playing More Intelligent Roles,https://firebasestorage.googleapis.com/v0/b/hackernoon-app.appspot.com/o/images%2Fimageedit_25_7084755369.gif?alt=media&token=ca7527b0-a214-46d4-af72-1062b3df1458,Manufacturers put process sensors to work for proactive maintenance and inventory monitoring applications. Process sensor technology—the mainstay instrumentation that monitors temperature pressure and flow levels—has remained fairly steady over the years against a backdrop of accelerating digital transformation in the automation and controls space.
01Synergy,https://hackernoon.com/company/01synergy,2023-07-26 20:30:00,https://technews.tmcnet.com/news/2023/07/26/9854808.htm,ServiceNow Expands Generative AI Capabilities With Case Summarization and Text-to-Code to Drive Speed Productivity and Value,https://firebasestorage.googleapis.com/v0/b/hackernoon-app.appspot.com/o/images%2Fimageedit_25_7084755369.gif?alt=media&token=ca7527b0-a214-46d4-af72-1062b3df1458,Case summarization and text-to-code join ServiceNow''s growing Now Assist family of generative AI features being infused into the ServiceNow platform across all workflow offerings. ServiceNow has already seen significant productivity improvements for customers using early access versions of its previously announced generative AI capabilities
01Synergy,https://hackernoon.com/company/01synergy,2023-06-02 12:13:00,https://technews.tmcnet.com/news/2023/06/02/9825575.htm,ICZOOM Group Inc. Welcomes KUU & YONGYUTAI Onto Its Electronic Component E-Commerce Platform,https://firebasestorage.googleapis.com/v0/b/hackernoon-app.appspot.com/o/images%2Fimageedit_25_7084755369.gif?alt=media&token=ca7527b0-a214-46d4-af72-1062b3df1458,"ICZOOM Group Inc. (Nasdaq: IZM) (the '""Company'"" or '""ICZOOM'"") a B2B electronic component products e-commerce platform today announced Shenzhen Yongyutai Electronics Co. Ltd ('""KUU & YONGYUTAI'"") a reputable manufacturer of discrete electronic components with wide applications in fields including robotics"
01Synergy,https://hackernoon.com/company/01synergy,2023-06-02 03:55:00,https://www.fmiblog.com/2023/06/02/capacitive-sensor-market-is-anticipated-to-expand-at-6-2-cagr-from-2022-to-2032-future-market-insights-inc/,Capacitive Sensor Market is Anticipated to Expand at 6.2% CAGR from 2022 to 2032 | Future Market Insights Inc.,https://firebasestorage.googleapis.com/v0/b/hackernoon-app.appspot.com/o/images%2Fimageedit_25_7084755369.gif?alt=media&token=ca7527b0-a214-46d4-af72-1062b3df1458,The global capacitive sensor market is currently valued at US$ 29.8 billion. Over the projection period (2022 to 2032) global capacitive sensor sales will thrive at 6.2% CAGR. By 2032 the total market valuation will cross US$ 54.
01Synergy,https://hackernoon.com/company/01synergy,2023-08-28 19:47:00,https://www.bizjournals.com/columbus/inno/stories/news/2023/08/28/strategic-systems-acquires-elearningdoc.html,Dublin-based IT staffing firm adds job-training offering with acquisition of Cincinnati software maker,https://firebasestorage.googleapis.com/v0/b/hackernoon-app.appspot.com/o/images%2Fimageedit_25_7084755369.gif?alt=media&token=ca7527b0-a214-46d4-af72-1062b3df1458&auto=format&fit=max&w=3840,A fast-growing IT staffing firm that's one of Central Ohio's largest minority- and women-owned businesses has made its first acquisition.
01Synergy,https://hackernoon.com/company/01synergy,2023-07-17 08:19:00,https://www.technologynetworks.com/diagnostics/news/novel-biosensor-developed-to-detect-neurogenerative-disease-proteins-376238,Novel Biosensor Developed To Detect Neurogenerative Disease Proteins,https://firebasestorage.googleapis.com/v0/b/hackernoon-app.appspot.com/o/images%2Fimageedit_25_7084755369.gif?alt=media&token=ca7527b0-a214-46d4-af72-1062b3df1458&auto=format&fit=max&w=3840,By combining multiple advanced technologies into a single system EPFL researchers have made a significant step forward in diagnosing neurodegenerative diseases such as Parkinson''s disease and Alzheimer''s disease.
01Synergy,https://hackernoon.com/company/01synergy,2023-06-02 02:36:00,https://www.hstoday.us/federal-pages/dhs/dhs-improves-customer-experience-by-simplifying-services-from-cargo-shipments-to-twic-program/,DHS Improves Customer Experience by Simplifying Services from Cargo Shipments to TWIC Program,https://firebasestorage.googleapis.com/v0/b/hackernoon-app.appspot.com/o/images%2Fimageedit_25_7084755369.gif?alt=media&token=ca7527b0-a214-46d4-af72-1062b3df1458&auto=format&fit=max&w=3840,The Department will continue to take proactive steps to ensure the public can efficiently access the services and programs it offers.
01Synergy,https://hackernoon.com/company/01synergy,2023-05-09 00:00:00,https://www.nasdaq.com/articles/information-services-group-iii-declares-$0.04-dividend-0,Information Services Group (III) Declares $0.04 Dividend,https://firebasestorage.googleapis.com/v0/b/hackernoon-app.appspot.com/o/images%2Fimageedit_25_7084755369.gif?alt=media&token=ca7527b0-a214-46d4-af72-1062b3df1458,The projected annual non-GAAP EPS is 0.50. ISG (Information Services Group) is a leading global technology research and advisory firm. A trusted business partner to more than 700 clients ...
01Synergy,https://hackernoon.com/company/01synergy,2023-03-22 00:01:00,https://medicalxpress.com/tags/health+services/,News tagged with health services,https://firebasestorage.googleapis.com/v0/b/hackernoon-app.appspot.com/o/images%2Fimageedit_25_7084755369.gif?alt=media&token=ca7527b0-a214-46d4-af72-1062b3df1458,Researchers should focus on age not weight to capture the greatest number of people in all racial and ethnic groups with prediabetes and diabetes recommends a new Northwestern Medicine study. A ...
01Synergy,https://hackernoon.com/company/01synergy,2023-06-01 20:15:00,https://www.benzinga.com/pressreleases/23/06/b32680614/ihi-power-services-corp-wins-company-of-the-year-at-28th-annual-acg-orange-county-awards,IHI Power Services Corp. Wins Company of the Year at 28th Annual ACG Orange County Awards,https://firebasestorage.googleapis.com/v0/b/hackernoon-app.appspot.com/o/images%2Fimageedit_25_7084755369.gif?alt=media&token=ca7527b0-a214-46d4-af72-1062b3df1458,Leading U.S. Power Plant Owner and Operator Receives Top Accolade for Sustainability IHI Power Services Corp. (IPSC) a leading owner and operator of power plants across the U.S. has been named this
01Synergy,https://hackernoon.com/company/01synergy,2023-09-05 13:03:00,https://www.galvnews.com/news_ap/business/iris-software-group-brings-dedicated-outsourcing-to-accounting-firms-in-the-americas/article_3be256ed-e80a-5622-b0b5-c3570f0c8e75.html,IRIS Software Group Brings Dedicated Outsourcing to Accounting Firms in the Americas,https://firebasestorage.googleapis.com/v0/b/hackernoon-app.appspot.com/o/images%2Fimageedit_25_7084755369.gif?alt=media&token=ca7527b0-a214-46d4-af72-1062b3df1458,IRIS Software Group (IRIS) a leading global software provider of accountancy and payroll solutions is today launching IRIS Outsourcing for accounting firms in the Americas market.
01Synergy,https://hackernoon.com/company/01synergy,2023-03-31 09:05:00,https://www.financialexpress.com/industry/it-services-sector-to-witness-revenue-growth-decline-by-700-900-bps-in-fiscal-2024/3028491/,IT services sector to witness revenue growth decline by 700- 900 bps in fiscal 2024,https://firebasestorage.googleapis.com/v0/b/hackernoon-app.appspot.com/o/images%2Fimageedit_25_7084755369.gif?alt=media&token=ca7527b0-a214-46d4-af72-1062b3df1458,IT services sector will witness a decline in revenue growth by 700- 900 basis points to reach 10-12 per cent in fiscal 2024. The information technology (IT) services sector will witness a decline ...
01Synergy,https://hackernoon.com/company/01synergy,2023-07-05 21:10:00,https://www.barrons.com/market-data/stocks/iii/research-ratings?mod=searchresults_companyquotes&mod=md_home_hdr_search,Information Services Group Inc.,https://firebasestorage.googleapis.com/v0/b/hackernoon-app.appspot.com/o/images%2Fimageedit_25_7084755369.gif?alt=media&token=ca7527b0-a214-46d4-af72-1062b3df1458,Source: FactSet Indexes: Index quotes may be real-time or delayed as per exchange requirements; refer to time stamps for information on any delays. Source: FactSet Markets Diary: Data on U.S. Overview page represent trading in all U.S. markets and updates ...
01Synergy,https://hackernoon.com/company/01synergy,2023-06-18 20:16:00,https://www.digitalhealth.net/2023/06/nuance-says-ai-and-nlp-the-route-to-address-clinician-burn-out/,Nuance says AI and NLP the route to address clinician burn-out,https://firebasestorage.googleapis.com/v0/b/hackernoon-app.appspot.com/o/images%2Fimageedit_25_7084755369.gif?alt=media&token=ca7527b0-a214-46d4-af72-1062b3df1458,He said the key to making ambient NLP unobtrusive is that the technology and services are all cloud-based in Azure giving rapid access to evolving technology reliably and securely. “This technology is still in its infancy and is moving very quickly.
01Synergy,https://hackernoon.com/company/01synergy,2023-03-30 17:25:00,https://www.tmcnet.com/usubmit/2023/03/30/9786258.htm,Parks Associates: New Energy Devices Enable Real-Time Performance Consumers are Demanding,https://firebasestorage.googleapis.com/v0/b/hackernoon-app.appspot.com/o/images%2Fimageedit_25_7084755369.gif?alt=media&token=ca7527b0-a214-46d4-af72-1062b3df1458,New white paper released in partnership with Alarm.com addresses opportunities for security providers to offer energy management solutions DALLAS  /PRNewswire/ -- At ISC West Parks Associates today announced the new white paper Energy
01Synergy,https://hackernoon.com/company/01synergy,2023-06-11 15:36:00,https://www.cnet.com/tech/how-we-test-products-and-services/,How We Test Products and Services,https://firebasestorage.googleapis.com/v0/b/hackernoon-app.appspot.com/o/images%2Fimageedit_25_7084755369.gif?alt=media&token=ca7527b0-a214-46d4-af72-1062b3df1458,For services we subscribe ... These lists are intended to be a one-stop shop for information on categories we cover including links to how we test that category frequently asked questions ...
01Synergy,https://hackernoon.com/company/01synergy,2023-01-13 23:37:00,https://www.psychologytoday.com/us/blog/finding-love-the-scientific-take/202208/technology-and-love,Technology and Love,https://firebasestorage.googleapis.com/v0/b/hackernoon-app.appspot.com/o/images%2Fimageedit_25_7084755369.gif?alt=media&token=ca7527b0-a214-46d4-af72-1062b3df1458,Technology is an important part of relationships. We can use it to meet people (such as through dating apps) interact with people (through email texts social media platforms etc.) and improve ...
01Synergy,https://hackernoon.com/company/01synergy,2023-07-05 07:40:00,https://www.lse.co.uk/ShareChat.html?ShareTicker=SYN&thread=654756FF-7D7D-4A54-9E1A-A306CB4A381C,Synergia Energy Share Chat,https://firebasestorage.googleapis.com/v0/b/hackernoon-app.appspot.com/o/images%2Fimageedit_25_7084755369.gif?alt=media&token=ca7527b0-a214-46d4-af72-1062b3df1458,The IP address of all posts is recorded to aid in enforcing these conditions. As a user you agree to any information you have entered being stored in a database. You agree that we have the right to remove edit move or close any topic or board at any time ...
01Synergy,https://hackernoon.com/company/01synergy,2023-06-08 06:23:00,https://sana.sy/en/?p=310469,Information and Communication Technology Exhibition (HiTech) kicks off,https://firebasestorage.googleapis.com/v0/b/hackernoon-app.appspot.com/o/images%2Fimageedit_25_7084755369.gif?alt=media&token=ca7527b0-a214-46d4-af72-1062b3df1458,Damascus SANA- With the participation of 150 local and international brands the 9 th session of the Information and Communication Technology ... that come with the services of other companies ...
01Synergy,https://hackernoon.com/company/01synergy,2023-03-31 10:12:00,https://www.bizjournals.com/cincinnati/news/2023/03/31/sensience-closing-manufacturing-facility-layoffs.html,Sensience closing Cincinnati manufacturing facility laying off 42,https://firebasestorage.googleapis.com/v0/b/hackernoon-app.appspot.com/o/images%2Fimageedit_25_7084755369.gif?alt=media&token=ca7527b0-a214-46d4-af72-1062b3df1458,An Ohio-based technology firm is shuttering its Cincinnati manufacturing plant resulting in the layoffs of dozens of workers. Sensience a Mansfield Ohio-based maker of advanced sensing technologies informed the state of Ohio under the Worker Adjustment ...
01Synergy,https://hackernoon.com/company/01synergy,2023-06-16 05:18:00,https://www.technologyreview.com/2023/06/01/1073799/the-world-is-finally-spending-more-on-solar-than-oil-production/,The world is finally spending more on solar than oil production,https://firebasestorage.googleapis.com/v0/b/hackernoon-app.appspot.com/o/images%2Fimageedit_25_7084755369.gif?alt=media&token=ca7527b0-a214-46d4-af72-1062b3df1458,Here’s where the money is going. This article is from The Spark MIT Technology Review''s weekly climate newsletter. To receive it in your inbox every Wednesday sign up here. Money makes the ...
01Synergy,https://hackernoon.com/company/01synergy,2023-01-14 07:06:00,https://www.pressrepublican.com/opinion/technology-and-society-a-double-edged-sword/article_8e7489c6-8c95-11ed-8225-7772703b7980.html,Technology and Society: A double-edged sword,https://firebasestorage.googleapis.com/v0/b/hackernoon-app.appspot.com/o/images%2Fimageedit_25_7084755369.gif?alt=media&token=ca7527b0-a214-46d4-af72-1062b3df1458,This worked without too many hitches by using the free e-mail and Texting services on the Internet ... the Internet usually provides “Too Much Information”( aka TMI) which in turn impedes ...
01Synergy,https://hackernoon.com/company/01synergy,2023-06-08 15:15:00,https://www.tmcnet.com/usubmit/-repairify-announces-new-astechreg-all-in-one-diagnostics-/2023/06/08/9829413.htm,Repairify Announces New asTech® All-In-One for Diagnostics Calibrations and Programming,https://firebasestorage.googleapis.com/v0/b/hackernoon-app.appspot.com/o/images%2Fimageedit_25_7084755369.gif?alt=media&token=ca7527b0-a214-46d4-af72-1062b3df1458,The asTech ® All-In-One is a comprehensive tablet-based solution with local and remote capabilities that's enabled for both asTech® remote OEM tool solutions and OEM Compatible*
01Synergy,https://hackernoon.com/company/01synergy,2023-09-25 20:05:00,https://www.law.com/legaltechnews/2023/09/25/ediscovery-assistant-announces-gen-ai-integration-to-automate-caselaw-summaries/,eDiscovery Assistant Announces Gen AI Integration to Automate Caselaw Summaries,https://firebasestorage.googleapis.com/v0/b/hackernoon-app.appspot.com/o/images%2Fimageedit_25_7084755369.gif?alt=media&token=ca7527b0-a214-46d4-af72-1062b3df1458,Discovery Assistant''s GPT-3.5 integration which helps draft case law summaries is focused on highlighting e-discovery and ESI issues.
01Synergy,https://hackernoon.com/company/01synergy,2023-08-18 12:51:00,https://medicalxpress.com/news/2023-08-nature-inspired-pressure-technology-aims-health.html,Nature-inspired pressure sensing technology aims to transform health care and surgical robots,https://firebasestorage.googleapis.com/v0/b/hackernoon-app.appspot.com/o/images%2Fimageedit_25_7084755369.gif?alt=media&token=ca7527b0-a214-46d4-af72-1062b3df1458&auto=format&fit=max&w=3840,"Researchers at the National University of Singapore (NUS) have developed a novel aero-elastic pressure sensor called '""eAir.'"" This technology can be used in minimally invasive surgeries and implantable sensors by directly addressing the challenges associated with existing pressure sensors."
01Synergy,https://hackernoon.com/company/01synergy,2023-08-03 22:46:00,https://www.nasdaq.com/articles/stephens-co.-maintains-fidelity-national-information-services-fis-overweight,Stephens & Co. Maintains Fidelity National Information Services (FIS) Overweight Recommendation,https://firebasestorage.googleapis.com/v0/b/hackernoon-app.appspot.com/o/images%2Fimageedit_25_7084755369.gif?alt=media&token=ca7527b0-a214-46d4-af72-1062b3df1458,Fintel reports that on August 3 2023 Stephens & Co. maintained coverage of Fidelity National Information Services (NYSE:FIS) with a Overweight recommendation. As of August 2 2023 the average ...
01Synergy,https://hackernoon.com/company/01synergy,2023-01-31 07:25:00,https://technews.tmcnet.com/news/2023/01/31/9751482.htm,Q-SYS to Support Spatial Audio for Microsoft Teams Rooms,https://firebasestorage.googleapis.com/v0/b/hackernoon-app.appspot.com/o/images%2Fimageedit_25_7084755369.gif?alt=media&token=ca7527b0-a214-46d4-af72-1062b3df1458,Q-SYS is pleased to support spatial audio capabilities for Microsoft Teams Rooms including Signature Teams Rooms. For systems utilizing certified Q-SYS audio video and control processing in Teams Rooms environments
01Synergy,https://hackernoon.com/company/01synergy,2023-08-22 16:32:00,https://au.news.yahoo.com/information-services-group-nasdaq-iii-100744054.html,Information Services Group (NASDAQ:III) Is Paying Out A Dividend Of $0.045,https://firebasestorage.googleapis.com/v0/b/hackernoon-app.appspot.com/o/images%2Fimageedit_25_7084755369.gif?alt=media&token=ca7527b0-a214-46d4-af72-1062b3df1458,Information Services Group Inc. (NASDAQ:III) has announced that it will pay a dividend of $0.045 per share on the 28th of September. This makes the dividend yield 3.7% which will augment ...
01Synergy,https://hackernoon.com/company/01synergy,2023-09-25 14:14:00,https://www.msn.com/en-us/money/other/keysight-keys-synopsys-team-up-for-lot-cybersecurity-testing/ar-AA1hexuu,Keysight (KEYS) Synopsys Team Up for loT Cybersecurity Testing,https://firebasestorage.googleapis.com/v0/b/hackernoon-app.appspot.com/o/images%2Fimageedit_25_7084755369.gif?alt=media&token=ca7527b0-a214-46d4-af72-1062b3df1458,Keysight Technologies Inc. KEYS recently announced that it has collaborated with Synopsys Inc. SNPS to develop an enhanced cybersecurity validation solution for loT (Internet of Things) devices. This easy and cost-effective solution is likely to offer a comprehensive security testing platform to identify potential vulnerabilities and thwart cyber threats with an easy-to-use interface.
01Synergy,https://hackernoon.com/company/01synergy,2023-09-05 15:56:00,https://www.tmcnet.com/usubmit/-smart-eyes-ais-driver-monitoring-system-integrated-with-/2023/09/05/9874664.htm,Smart Eye's AIS Driver Monitoring System Integrated with Geotab - Enhancing Road Safety and Optimizing Fleet Operations,https://firebasestorage.googleapis.com/v0/b/hackernoon-app.appspot.com/o/images%2Fimageedit_25_7084755369.gif?alt=media&token=ca7527b0-a214-46d4-af72-1062b3df1458,Smart Eye a leading developer of Driver Monitoring System (DMS) technology to the automotive industry today announced the integration of AIS - the company''s standalone hardware and software DMS for fleets - with Geotab ''s industry-leading fleet management platform.
01Synergy,https://hackernoon.com/company/01synergy,2023-08-20 16:15:00,https://www.federalregister.gov/documents/2007/03/02/07-951/information-technology-and-telecommunications-guidelines-for-federal-telework-and-other-alternative,Information Technology and Telecommunications Guidelines for Federal Telework and Other Alternative Workplace Arrangement Programs,https://firebasestorage.googleapis.com/v0/b/hackernoon-app.appspot.com/o/images%2Fimageedit_25_7084755369.gif?alt=media&token=ca7527b0-a214-46d4-af72-1062b3df1458,Langfeld Director Regulations Management Division (MPR) General Services Administration Washington DC 20405; or stanley.langfeld@gsa.gov. SUBJECT: Information Technology and Telecommunications Guidelines for Federal Telework and Other Alternative ...
01Synergy,https://hackernoon.com/company/01synergy,2023-06-01 00:16:00,https://www.benzinga.com/pressreleases/23/05/n32661712/spectros-medical-devices-pioneers-tissue-monitoring-technology,Spectros Medical Devices Pioneers Tissue Monitoring Technology,https://firebasestorage.googleapis.com/v0/b/hackernoon-app.appspot.com/o/images%2Fimageedit_25_7084755369.gif?alt=media&token=ca7527b0-a214-46d4-af72-1062b3df1458,Ensuring Vascular Performance Through Continuous Non-Invasive Monitoring HOUSTON May 31 2023 /PRNewswire/ -- Spectros Medical Devices a leader in non-invasive sensing and remote monitoring has pi
01Synergy,https://hackernoon.com/company/01synergy,2023-10-18 19:06:00,https://markets.businessinsider.com/news/stocks/servicenow-inc-poised-for-solid-3q-results-amid-robust-execution-and-diverse-vertical-exposure-a-buy-recommendation-1032718258,ServiceNow Inc. Poised for Solid 3Q Results Amid Robust Execution and Diverse Vertical Exposure: A Buy Recommendation,https://firebasestorage.googleapis.com/v0/b/hackernoon-app.appspot.com/o/images%2Fimageedit_25_7084755369.gif?alt=media&token=ca7527b0-a214-46d4-af72-1062b3df1458,Kash Rangan an analyst from Goldman Sachs reiterated the Buy rating on ServiceNow (NOW – Research Report). The associated price target
01Synergy,https://hackernoon.com/company/01synergy,2023-01-19 15:11:00,https://www.joplinglobe.com/region/national_business/service1-a-member-and-provider-benefits-inquiry-management-platform-by-simplify-healthcare-wins-the-2023/article_a86f8477-a2cc-5437-a95b-3f2c96920f09.html,Service1™ a Member and Provider Benefits Inquiry Management Platform by Simplify Healthcare Wins the 2023 Big Innovation Award,https://firebasestorage.googleapis.com/v0/b/hackernoon-app.appspot.com/o/images%2Fimageedit_25_7084755369.gif?alt=media&token=ca7527b0-a214-46d4-af72-1062b3df1458,Simplify Healthcare announced it has been recognized as a winner in the 2023 BIG Innovation Awards presented by the Business Intelligence Group (BIG). The company received this accolade for the second year in a row for its member and provider benefits inquiry management platform
01Synergy,https://hackernoon.com/company/01synergy,2023-01-19 13:00:00,https://www.zdnet.com/video/cyrusher-ranger-e-bike-review-big-powerful-and-a-joy-to-ride/,Cyrusher Ranger e-bike review: Big powerful and a joy to ride,https://firebasestorage.googleapis.com/v0/b/hackernoon-app.appspot.com/o/images%2Fimageedit_25_7084755369.gif?alt=media&token=ca7527b0-a214-46d4-af72-1062b3df1458&auto=format&fit=max&w=3840,Fat-tire electric bikes can be fun to ride on gravel trails and the road. We took one out in light snow and on wet trails to see how it would perform.
01Synergy,https://hackernoon.com/company/01synergy,2023-06-02 21:14:00,https://www.dcvelocity.com/articles/57636-autoscheduler-joins-the-sap-io-foundry-new-york-supply-chain-management-program,AutoScheduler Joins the SAP.iO Foundry New York Supply Chain Management Program,https://firebasestorage.googleapis.com/v0/b/hackernoon-app.appspot.com/o/images%2Fimageedit_25_7084755369.gif?alt=media&token=ca7527b0-a214-46d4-af72-1062b3df1458&auto=format&fit=max&w=3840,AutoScheduler.AI an innovative Warehouse Management System (WMS) accelerator announces the company is a member of the SAP.iO Foundry New York startup program focused on supply chain management from SAP SE (NYSE: SAP).
01Synergy,https://hackernoon.com/company/01synergy,2023-05-16 22:24:00,https://www.aol.com/news/us-announces-criminal-cases-involving-164327846.html,US announces criminal cases involving flow of technology information to Russia China and Iran,https://firebasestorage.googleapis.com/v0/b/hackernoon-app.appspot.com/o/images%2Fimageedit_25_7084755369.gif?alt=media&token=ca7527b0-a214-46d4-af72-1062b3df1458,WASHINGTON (AP) — The Justice Department announced a series of criminal cases Tuesday tracing the illegal flow of sensitive technology including Apple''s software code for self-driving cars and ...
360 SECURITY,https://hackernoon.com/company/360security,2023-06-06 19:22:00,https://www.bostonglobe.com/2023/06/06/business/progress-software-security-flaw-leads-massive-data-theft/,Progress Software security flaw leads to massive data theft,https://firebasestorage.googleapis.com/v0/b/hackernoon-app.appspot.com/o/images%2Fimageedit_25_7084755369.gif?alt=media&token=ca7527b0-a214-46d4-af72-1062b3df1458&auto=format&fit=max&w=3840,The Burlington company discovered the flaw last week but online criminal gangs were already using it to steal data.
01Synergy,https://hackernoon.com/company/01synergy,2023-01-23 19:00:00,https://www.androidauthority.com/sensibo-elements-review-3267468/,A smart air quality monitor is showing me everything wrong with air in my home,https://firebasestorage.googleapis.com/v0/b/hackernoon-app.appspot.com/o/images%2Fimageedit_25_7084755369.gif?alt=media&token=ca7527b0-a214-46d4-af72-1062b3df1458&auto=format&fit=max&w=3840,Do you ever wonder if your indoor air quality is good? Any pollutants in your home? The Sensibo Elements aims to help you answer that.
01Synergy,https://hackernoon.com/company/01synergy,2023-01-04 18:50:00,https://indianexpress.com/article/opinion/columns/new-year-ai-technology-industry-relationship-masses-8352778/,In the new year AI will reshape the technology industry and its relationship with the masses,https://firebasestorage.googleapis.com/v0/b/hackernoon-app.appspot.com/o/images%2Fimageedit_25_7084755369.gif?alt=media&token=ca7527b0-a214-46d4-af72-1062b3df1458,The year AI that is artificial intelligence went from the guarded walls of big technology ... real-time information that is easy to consume. As with all rapidly changing fields there is a lot of uncertainty. AI will impact products services and ...
01Synergy,https://hackernoon.com/company/01synergy,2023-01-04 03:58:00,https://www.globalbankingandfinance.com/technology-and-regulation-must-go-hand-in-hand-for-financial-services/,Technology and regulation must go hand in hand for financial services,https://firebasestorage.googleapis.com/v0/b/hackernoon-app.appspot.com/o/images%2Fimageedit_25_7084755369.gif?alt=media&token=ca7527b0-a214-46d4-af72-1062b3df1458,KYC can involve hundreds of analysts who need to access external sources of information to ... financial services institutions need to level up by equipping themselves with state-of-the-art cloud technology powered by automation. Embarking on a KYC ...
01Synergy,https://hackernoon.com/company/01synergy,2023-06-02 20:28:00,https://www.ohio.edu/news/2023/06/summer-semester-start-technology-message-provides-helpful-information-ohio-instructors,Summer semester start technology message provides helpful information for OHIO instructors,https://firebasestorage.googleapis.com/v0/b/hackernoon-app.appspot.com/o/images%2Fimageedit_25_7084755369.gif?alt=media&token=ca7527b0-a214-46d4-af72-1062b3df1458,Share this story on Facebook Share this story on Twitter Email this story to a friend Share this story with your LinkedIn network The Ohio University Office of Information Technology (OIT) sent a semester start e-mail to all University instructors in May.
01Synergy,https://hackernoon.com/company/01synergy,2023-10-30 14:52:00,https://www.tmcnet.com/usubmit/2023/10/30/9907506.htm,TD SYNNEX Datech Broadens Its Design Solutions Portfolio With Additional Specialist Vendors,https://firebasestorage.googleapis.com/v0/b/hackernoon-app.appspot.com/o/images%2Fimageedit_25_7084755369.gif?alt=media&token=ca7527b0-a214-46d4-af72-1062b3df1458,Datech will aim to introduce the benefits of its enlarged linecard value-added services and tools to a more extensive reseller community by attracting partners in the wider commercial and public sectors that are ready to embrace the growing potential of design software solutions.
01Synergy,https://hackernoon.com/company/01synergy,2022-12-26 12:42:00,https://www.jagranjosh.com/articles/rajasthan-board-rbse-class-10th-information-technology-syllabus-download-pdf-1672057780-1,RBSE Class 10th Information Technology Syllabus 2023: Download New Syllabus PDF,https://firebasestorage.googleapis.com/v0/b/hackernoon-app.appspot.com/o/images%2Fimageedit_25_7084755369.gif?alt=media&token=ca7527b0-a214-46d4-af72-1062b3df1458,RBSE Class 10th Information Technology Syllabus 2023: Rajasthan''s Board of Secondary Education (RBSE) has released the syllabus for the 2023 Class 10 Information Technology exams. Information ...
01Synergy,https://hackernoon.com/company/01synergy,2023-10-20 13:56:00,https://markets.businessinsider.com/news/stocks/blue-solutions-and-foxconn-collaborate-on-tomorrow-s-solid-state-battery-1032724287,Blue Solutions and Foxconn collaborate on tomorrow's solid-state battery,https://firebasestorage.googleapis.com/v0/b/hackernoon-app.appspot.com/o/images%2Fimageedit_25_7084755369.gif?alt=media&token=ca7527b0-a214-46d4-af72-1062b3df1458,PARIS and TAIPEI Taiwan Oct. 20 2023 /PRNewswire/ -- Blue Solutions has signed a memorandum of understanding with Hon Hai Technology Group (Foxconn) and its subsidiary SolidEdge Solution Inc. to jointly develop a solid-state battery ecosystem for the electric two-wheeler market.
01Synergy,https://hackernoon.com/company/01synergy,2023-10-30 14:53:33,https://www.msn.com/en-us/money/companies/vssi-staffing-services-closing-york-location-nearly-200-employees-affected/ar-AA1j67to,VSSI Staffing Services closing York location nearly 200 employees affected,https://firebasestorage.googleapis.com/v0/b/hackernoon-app.appspot.com/o/images%2Fimageedit_25_7084755369.gif?alt=media&token=ca7527b0-a214-46d4-af72-1062b3df1458&auto=format&fit=max&w=3840,VSSI Staffing Services LLC. which provides staffing services is closing its York location according to a Pennsylvania Department of Labor & Industry WARN notice. According to the WARN notice 180 employees are being affected as part of the closure.
01Synergy,https://hackernoon.com/company/01synergy,2023-10-04 16:22:00,https://www.automation.com/en-us/articles/october-2023/thyssenkrupp-samotics-sustainability-steel,thyssenkrupp Selects Samotics to Increase Reliability and Sustainability of Its Steel Manufacturing Process,https://firebasestorage.googleapis.com/v0/b/hackernoon-app.appspot.com/o/images%2Fimageedit_25_7084755369.gif?alt=media&token=ca7527b0-a214-46d4-af72-1062b3df1458&auto=format&fit=max&w=3840,Samotics’ SAM4 technology achieves this by using a technique called ... Its capabilities range from custom material solutions to material-related services. Samotics is a leading provider of real-time actionable insights to optimize performance and ...
01Synergy,https://hackernoon.com/company/01synergy,2023-07-24 07:05:00,https://www.lse.co.uk/ShareChat.html?ShareTicker=SYN&thread=A116820B-33AF-46DC-8FCA-6634AA49BF5B,Synergia Energy Share Chat,https://firebasestorage.googleapis.com/v0/b/hackernoon-app.appspot.com/o/images%2Fimageedit_25_7084755369.gif?alt=media&token=ca7527b0-a214-46d4-af72-1062b3df1458,The IP address of all posts is recorded to aid in enforcing these conditions. As a user you agree to any information you have entered being stored in a database. You agree that we have the right to remove edit move or close any topic or board at any time ...
01Synergy,https://hackernoon.com/company/01synergy,2023-04-05 17:24:00,https://www.boisestate.edu/cobe-itscm/jim-kroes/,Jim Raymond Kroes Ph.D.,https://firebasestorage.googleapis.com/v0/b/hackernoon-app.appspot.com/o/images%2Fimageedit_25_7084755369.gif?alt=media&token=ca7527b0-a214-46d4-af72-1062b3df1458,James Kroes is a Professor in the Information Technology and Supply Chain Management department and the Ada Burke Fellow at Boise State University’s College of Business and Economics. He earned his Ph.D. and master’s degrees at the Georgia Institute of ...
01Synergy,https://hackernoon.com/company/01synergy,2023-10-03 16:26:00,https://biztimes.com/syslogic-ceo-helps-co-found-new-madison-based-cybersecurity-consultancy/,SysLogic CEO helps co-found new Madison-based cybersecurity consultancy,https://firebasestorage.googleapis.com/v0/b/hackernoon-app.appspot.com/o/images%2Fimageedit_25_7084755369.gif?alt=media&token=ca7527b0-a214-46d4-af72-1062b3df1458&auto=format&fit=max&w=3840,A trio of cybersecurity and information technology professionals have come together to launch Madison-based Ghostscale a cybersecurity consultancy.
01Synergy,https://hackernoon.com/company/01synergy,2023-01-09 12:20:00,https://technews.tmcnet.com/news/2023/01/09/9739586.htm,PacBio Announces Record Orders Including Orders for 76 Revio Systems Received in the Fourth Quarter of 2022,https://firebasestorage.googleapis.com/v0/b/hackernoon-app.appspot.com/o/images%2Fimageedit_25_7084755369.gif?alt=media&token=ca7527b0-a214-46d4-af72-1062b3df1458&auto=format&fit=max&w=3840,PacBio announced two new sequencing platforms Revio and Onso. Revio is a revolutionary new long-read sequencing system designed to enable customers to dramat
01Synergy,https://hackernoon.com/company/01synergy,2023-01-09 07:22:00,https://www.bakersfield.com/ap/news/yoho-launched-a-new-model-of-cross-border-e-commerce-platform-and-entered-the-global/article_593a2b87-1b97-5607-ad3b-f8b35d03ed29.html,YOHO Launched a New Model of Cross-Border E-Commerce Platform and Entered the Global 100+Countries Appliance Market,https://firebasestorage.googleapis.com/v0/b/hackernoon-app.appspot.com/o/images%2Fimageedit_25_7084755369.gif?alt=media&token=ca7527b0-a214-46d4-af72-1062b3df1458&auto=format&fit=max&w=3840,In recent years the e-commerce industry around the world has developed rapidly. A large number of cross-border e-commerce enterprises have emerged in the world''s online shopping field bringing diversified products to consumers in various countries.
01Synergy,https://hackernoon.com/company/01synergy,2023-06-02 02:34:00,https://tech.hindustantimes.com/web-stories/information-technology-and-its-benefits-71685636690127.html,The tech route to success-dream job and great pay; here are 5 apps to know,https://firebasestorage.googleapis.com/v0/b/hackernoon-app.appspot.com/o/images%2Fimageedit_25_7084755369.gif?alt=media&token=ca7527b0-a214-46d4-af72-1062b3df1458,Every industry that you can imagine is dependent on technology today. In the age of booming digitalisation and technical advancements those who opt for IT can have a great career.
01Synergy,https://hackernoon.com/company/01synergy,2023-04-06 00:00:00,https://www.rcmp-grc.gc.ca/ccaps-spcca/vic-eng.htm,Victim services,https://firebasestorage.googleapis.com/v0/b/hackernoon-app.appspot.com/o/images%2Fimageedit_25_7084755369.gif?alt=media&token=ca7527b0-a214-46d4-af72-1062b3df1458,However they will be encouraged to contact victim services should they change their mind. The personal information that can be shared with victim services is limited to information necessary for victim service workers to safely and effectively make ...
01Synergy,https://hackernoon.com/company/01synergy,2023-04-05 12:46:00,https://www.govconwire.com/2023/04/christina-mee-appointed-mission-services-vp-at-insight-technology-solutions/,Christina Mee Joins Insight Technology Solutions as Mission Services VP,https://firebasestorage.googleapis.com/v0/b/hackernoon-app.appspot.com/o/images%2Fimageedit_25_7084755369.gif?alt=media&token=ca7527b0-a214-46d4-af72-1062b3df1458,Christina Mee has been named vice president of mission services at Insight Technology Solutions where she brings two decades of federal civilian and defense market experience. Mee will oversee ...
01Synergy,https://hackernoon.com/company/01synergy,2023-03-09 09:08:00,https://www.gov.uk/government/news/ukaea-and-university-of-sheffield-partnership-to-drive-fusion-technology,UKAEA and University of Sheffield partnership to drive fusion technology,https://firebasestorage.googleapis.com/v0/b/hackernoon-app.appspot.com/o/images%2Fimageedit_25_7084755369.gif?alt=media&token=ca7527b0-a214-46d4-af72-1062b3df1458,We’d like to set additional cookies to understand how you use GOV.UK remember your settings and improve government services ... the development of fusion technology and the UK’s future ...
01Synergy,https://hackernoon.com/company/01synergy,2023-10-04 07:14:00,https://www.tmcnet.com/usubmit/2023/10/04/9892253.htm,UST Partners with Hyro to Integrate Enhanced Conversational AI Capabilities into Digital Transformation Solutions,https://firebasestorage.googleapis.com/v0/b/hackernoon-app.appspot.com/o/images%2Fimageedit_25_7084755369.gif?alt=media&token=ca7527b0-a214-46d4-af72-1062b3df1458,"'""UST''s patient and clinical engagement solutions – now powered by Hyro''s dynamic conversational AI platform – have the potential to dramatically improve patient satisfaction and reduce clinical burnout while optimizing costs across the healthcare enterprise'"" said Raj Gorla Chief Executive Officer UST ContineoHealth."
01Synergy,https://hackernoon.com/company/01synergy,2023-04-06 09:51:00,https://www.govconwire.com/2023/04/dla-opens-solicitation-for-follow-on-enterprise-technology-services-contract/,DLA Opens Solicitation for Follow-On Enterprise Technology Services Contract,https://firebasestorage.googleapis.com/v0/b/hackernoon-app.appspot.com/o/images%2Fimageedit_25_7084755369.gif?alt=media&token=ca7527b0-a214-46d4-af72-1062b3df1458,The Defense Logistics Agency has begun seeking bids for a follow-on information technology contract vehicle worth potentially $12 billion over 10 years. DLA’s J6 Enterprise Technology Services 2 ...
01Synergy,https://hackernoon.com/company/01synergy,2023-10-04 11:29:00,https://www.tmcnet.com/usubmit/2023/10/04/9892374.htm,Options' Integrated Solutions Fuel Tools for Humanity's Global Success,https://firebasestorage.googleapis.com/v0/b/hackernoon-app.appspot.com/o/images%2Fimageedit_25_7084755369.gif?alt=media&token=ca7527b0-a214-46d4-af72-1062b3df1458,Options'' Integrated Cloud solutions provided Tools for Humanity with a highly scalable and customizable Cloud environment allowing the organization to adjust resources and capacity in real-time to accommodate spikes in user activity without compromising performance or reliability.
01Synergy,https://hackernoon.com/company/01synergy,2023-04-19 09:59:00,https://www.royalgazette.com/local-business/business/article/20230419/for-ey-breaking-up-is-hard-to-do/,For EY breaking up is hard to do,https://firebasestorage.googleapis.com/v0/b/hackernoon-app.appspot.com/o/images%2Fimageedit_25_7084755369.gif?alt=media&token=ca7527b0-a214-46d4-af72-1062b3df1458&auto=format&fit=max&w=3840,EY the consulting tax and accounting firm has given up on the plan it was devising to split up its audit and consulting businesses after months of consideration. The Financial Times has
01Synergy,https://hackernoon.com/company/01synergy,2023-10-30 14:29:00,https://www.star-telegram.com/press-releases/article281191223.html,OneSoft Announces Change in Board of Directors,https://firebasestorage.googleapis.com/v0/b/hackernoon-app.appspot.com/o/images%2Fimageedit_25_7084755369.gif?alt=media&token=ca7527b0-a214-46d4-af72-1062b3df1458&auto=format&fit=max&w=3840,the availability and cost of labor and services; the efficacy of its software; our interpretation based on various industry information sources regarding the total miles of pipeline in the USA and globally which segments are piggable; our understanding of ...
01Synergy,https://hackernoon.com/company/01synergy,2023-10-03 19:10:00,https://marketingsentinel.com/2023/10/03/synchrony-financial-syf-falls-3-36-causing-bears-to-lose/,Synchrony Financial (SYF) Falls -3.36% Causing Bears To Lose,https://firebasestorage.googleapis.com/v0/b/hackernoon-app.appspot.com/o/images%2Fimageedit_25_7084755369.gif?alt=media&token=ca7527b0-a214-46d4-af72-1062b3df1458,Synchrony Financial (NYSE:SYF) has a beta value of 1.61 and has seen 1.66 million shares traded in the recent trading session. The company currently valued at $12.27B closed the recent trade at $29.
01Synergy,https://hackernoon.com/company/01synergy,2023-10-03 17:21:00,https://www.rfidjournal.com/wiliot-offers-humidity-sensing-with-ambient-iot,Wiliot Offers Humidity Sensing with Ambient IoT,https://firebasestorage.googleapis.com/v0/b/hackernoon-app.appspot.com/o/images%2Fimageedit_25_7084755369.gif?alt=media&token=ca7527b0-a214-46d4-af72-1062b3df1458&auto=format&fit=max&w=3840,Now it is adding humidity for moisture-sensitive products. One driver for such technology is legislation. The U.S. Food and Drug Administration (FDA) has issued requirements (related to traceability for fresh foods) known as the Food Safety and ...
01Synergy,https://hackernoon.com/company/01synergy,2023-01-05 20:31:00,https://marketscale.com/industries/hospitality/how-self-service-automation-can-be-the-key-to-success/,How Self-Service Automation Can be the Key to Success,https://firebasestorage.googleapis.com/v0/b/hackernoon-app.appspot.com/o/images%2Fimageedit_25_7084755369.gif?alt=media&token=ca7527b0-a214-46d4-af72-1062b3df1458&auto=format&fit=max&w=3840,Warren Dehan has 44 years of experience as the President of Maestro Property Management System a Browser Based Software in the
01Synergy,https://hackernoon.com/company/01synergy,2023-09-11 13:00:00,https://www.forbes.com/sites/forbestechcouncil/2023/09/11/five-signs-your-technology-service-provider-is-underperforming/,Five Signs Your Technology Service Provider Is Underperforming,https://firebasestorage.googleapis.com/v0/b/hackernoon-app.appspot.com/o/images%2Fimageedit_25_7084755369.gif?alt=media&token=ca7527b0-a214-46d4-af72-1062b3df1458&auto=format&fit=max&w=3840,By recognizing these challenges as early as possible you stand a better chance of taking timely action and resolving issues before your project needs to be rescued.
01Synergy,https://hackernoon.com/company/01synergy,2023-06-21 17:08:00,https://phys.org/news/2023-06-sensor-chip-advances-rapid-cost-effective.html,New sensor chip advances rapid cost-effective disease diagnostics,https://firebasestorage.googleapis.com/v0/b/hackernoon-app.appspot.com/o/images%2Fimageedit_25_7084755369.gif?alt=media&token=ca7527b0-a214-46d4-af72-1062b3df1458&auto=format&fit=max&w=3840,Texas A&M AgriLife Research scientists and collaborators at Iowa State University have developed a sensor chip that can detect many disease pathogens with 10 times the sensitivity of currently available methods.
